deviceSerial,imei,deviceCategory,deviceModel,provider,firmwareVersion,status,deviceState,branchCode,vehicleCode,driverName,lastSeenAt,revokedAt,createdAt
CLHQ-DEV-0001,990000001000001,GPS,Certification GPS-500,OpsTrax Certification Lab,1.0.0,Active,Provisioned,CL-HQ,,,,,08/26/2026 01:18:12
CLHQ-DEV-0002,990000001000002,GPS,Certification GPS-500,OpsTrax Certification Lab,1.1.1,Active,Provisioned,CL-HQ,,,,,08/26/2026 01:18:12
CLHQ-DEV-0003,990000001000003,GPS,Certification GPS-500,OpsTrax Certification Lab,1.2.2,Active,Provisioned,CL-HQ,,,,,08/26/2026 01:18:12
CLHQ-DEV-0004,990000001000004,GPS,Certification GPS-500,OpsTrax Certification Lab,1.3.3,Active,Provisioned,CL-HQ,,,,,08/26/2026 01:18:12
CLHQ-DEV-0005,990000001000005,GPS,Certification GPS-500,OpsTrax Certification Lab,1.4.4,Active,Provisioned,CL-HQ,,,,,08/26/2026 01:18:12
CLHQ-DEV-0006,990000001000006,GPS,Certification GPS-500,OpsTrax Certification Lab,1.0.5,Active,Provisioned,CL-HQ,,,,,08/26/2026 01:18:12
CLHQ-DEV-0007,990000001000007,GPS,Certification GPS-500,OpsTrax Certification Lab,1.1.6,Active,Provisioned,CL-HQ,,,,,08/26/2026 01:18:12
CLHQ-DEV-0008,990000001000008,GPS,Certification GPS-500,OpsTrax Certification Lab,1.2.7,Active,Provisioned,CL-HQ,,,,,08/26/2026 01:18:12
CLHQ-DEV-0009,990000001000009,GPS,Certification GPS-500,OpsTrax Certification Lab,1.3.8,Active,Provisioned,CL-HQ,,,,,08/26/2026 01:18:12
CLHQ-DEV-0010,990000001000010,GPS,Certification GPS-500,OpsTrax Certification Lab,1.4.9,Active,Provisioned,CL-HQ,,,,,08/26/2026 01:18:12
CLHQ-DEV-0011,990000001000011,GPS,Certification GPS-500,OpsTrax Certification Lab,1.0.0,Active,Provisioned,CL-HQ,,,,,08/26/2026 01:18:12
CLHQ-DEV-0012,990000001000012,GPS,Certification GPS-500,OpsTrax Certification Lab,1.1.1,Active,Provisioned,CL-HQ,,,,,08/26/2026 01:18:12
CLHQ-DEV-0013,990000001000013,GPS,Certification GPS-500,OpsTrax Certification Lab,1.2.2,Active,Provisioned,CL-HQ,,,,,08/26/2026 01:18:12
CLHQ-DEV-0014,990000001000014,GPS,Certification GPS-500,OpsTrax Certification Lab,1.3.3,Active,Provisioned,CL-HQ,,,,,08/26/2026 01:18:12
CLHQ-DEV-0015,990000001000015,GPS,Certification GPS-500,OpsTrax Certification Lab,1.4.4,Active,Provisioned,CL-HQ,,,,,08/26/2026 01:18:12
CLHQ-DEV-0016,990000001000016,GPS,Certification GPS-500,OpsTrax Certification Lab,1.0.5,Active,Provisioned,CL-HQ,,,,,08/26/2026 01:18:12
CLHQ-DEV-0017,990000001000017,GPS,Certification GPS-500,OpsTrax Certification Lab,1.1.6,Active,Provisioned,CL-HQ,,,,,08/26/2026 01:18:12
CLHQ-DEV-0018,990000001000018,GPS,Certification GPS-500,OpsTrax Certification Lab,1.2.7,Active,Provisioned,CL-HQ,,,,,08/26/2026 01:18:12
CLHQ-DEV-0019,990000001000019,GPS,Certification GPS-500,OpsTrax Certification Lab,1.3.8,Active,Provisioned,CL-HQ,,,,,08/26/2026 01:18:12
CLHQ-DEV-0020,990000001000020,GPS,Certification GPS-500,OpsTrax Certification Lab,1.4.9,Active,Provisioned,CL-HQ,,,,,08/26/2026 01:18:12
CLHQ-DEV-0021,990000001000021,GPS,Certification GPS-500,OpsTrax Certification Lab,1.0.0,Active,Provisioned,CL-HQ,,,,,08/26/2026 01:18:12
CLHQ-DEV-0022,990000001000022,GPS,Certification GPS-500,OpsTrax Certification Lab,1.1.1,Active,Provisioned,CL-HQ,,,,,08/26/2026 01:18:12
CLHQ-DEV-0023,990000001000023,GPS,Certification GPS-500,OpsTrax Certification Lab,1.2.2,Active,Provisioned,CL-HQ,,,,,08/26/2026 01:18:12
CLHQ-DEV-0024,990000001000024,GPS,Certification GPS-500,OpsTrax Certification Lab,1.3.3,Active,Provisioned,CL-HQ,,,,,08/26/2026 01:18:12
CLHQ-DEV-0025,990000001000025,GPS,Certification GPS-500,OpsTrax Certification Lab,1.4.4,Active,Provisioned,CL-HQ,,,,,08/26/2026 01:18:12
CLHQ-DEV-0026,990000001000026,GPS,Certification GPS-500,OpsTrax Certification Lab,1.0.5,Active,Provisioned,CL-HQ,,,,,08/26/2026 01:18:12
CLHQ-DEV-0027,990000001000027,GPS,Certification GPS-500,OpsTrax Certification Lab,1.1.6,Active,Provisioned,CL-HQ,,,,,08/26/2026 01:18:12
CLHQ-DEV-0028,990000001000028,GPS,Certification GPS-500,OpsTrax Certification Lab,1.2.7,Active,Provisioned,CL-HQ,,,,,08/26/2026 01:18:12
CLHQ-DEV-0029,990000001000029,GPS,Certification GPS-500,OpsTrax Certification Lab,1.3.8,Active,Provisioned,CL-HQ,,,,,08/26/2026 01:18:12
CLHQ-DEV-0030,990000001000030,GPS,Certification GPS-500,OpsTrax Certification Lab,1.4.9,Active,Provisioned,CL-HQ,,,,,08/26/2026 01:18:12
CLHQ-DEV-0031,990000001000031,GPS,Certification GPS-500,OpsTrax Certification Lab,1.0.0,Active,Provisioned,CL-HQ,,,,,08/26/2026 01:18:12
CLHQ-DEV-0032,990000001000032,GPS,Certification GPS-500,OpsTrax Certification Lab,1.1.1,Active,Provisioned,CL-HQ,,,,,08/26/2026 01:18:12
CLHQ-DEV-0033,990000001000033,GPS,Certification GPS-500,OpsTrax Certification Lab,1.2.2,Active,Provisioned,CL-HQ,,,,,08/26/2026 01:18:12
CLHQ-DEV-0034,990000001000034,GPS,Certification GPS-500,OpsTrax Certification Lab,1.3.3,Active,Provisioned,CL-HQ,,,,,08/26/2026 01:18:12
CLHQ-DEV-0035,990000001000035,GPS,Certification GPS-500,OpsTrax Certification Lab,1.4.4,Active,Provisioned,CL-HQ,,,,,08/26/2026 01:18:12
CLHQ-DEV-0036,990000001000036,GPS,Certification GPS-500,OpsTrax Certification Lab,1.0.5,Active,Provisioned,CL-HQ,,,,,08/26/2026 01:18:12
CLHQ-DEV-0037,990000001000037,GPS,Certification GPS-500,OpsTrax Certification Lab,1.1.6,Active,Provisioned,CL-HQ,,,,,08/26/2026 01:18:12
CLHQ-DEV-0038,990000001000038,GPS,Certification GPS-500,OpsTrax Certification Lab,1.2.7,Active,Provisioned,CL-HQ,,,,,08/26/2026 01:18:12
CLHQ-DEV-0039,990000001000039,GPS,Certification GPS-500,OpsTrax Certification Lab,1.3.8,Active,Provisioned,CL-HQ,,,,,08/26/2026 01:18:12
CLHQ-DEV-0040,990000001000040,GPS,Certification GPS-500,OpsTrax Certification Lab,1.4.9,Active,Provisioned,CL-HQ,,,,,08/26/2026 01:18:12
CLHQ-DEV-0041,990000001000041,GPS,Certification GPS-500,OpsTrax Certification Lab,1.0.0,Active,Provisioned,CL-HQ,,,,,08/26/2026 01:18:12
CLHQ-DEV-0042,990000001000042,GPS,Certification GPS-500,OpsTrax Certification Lab,1.1.1,Active,Provisioned,CL-HQ,,,,,08/26/2026 01:18:12
CLHQ-DEV-0043,990000001000043,GPS,Certification GPS-500,OpsTrax Certification Lab,1.2.2,Active,Provisioned,CL-HQ,,,,,08/26/2026 01:18:12
CLHQ-DEV-0044,990000001000044,GPS,Certification GPS-500,OpsTrax Certification Lab,1.3.3,Active,Provisioned,CL-HQ,,,,,08/26/2026 01:18:12
CLHQ-DEV-0045,990000001000045,GPS,Certification GPS-500,OpsTrax Certification Lab,1.4.4,Active,Provisioned,CL-HQ,,,,,08/26/2026 01:18:12
CLHQ-DEV-0046,990000001000046,GPS,Certification GPS-500,OpsTrax Certification Lab,1.0.5,Active,Provisioned,CL-HQ,,,,,08/26/2026 01:18:12
CLHQ-DEV-0047,990000001000047,GPS,Certification GPS-500,OpsTrax Certification Lab,1.1.6,Active,Provisioned,CL-HQ,,,,,08/26/2026 01:18:12
CLHQ-DEV-0048,990000001000048,GPS,Certification GPS-500,OpsTrax Certification Lab,1.2.7,Active,Provisioned,CL-HQ,,,,,08/26/2026 01:18:12
CLHQ-DEV-0049,990000001000049,GPS,Certification GPS-500,OpsTrax Certification Lab,1.3.8,Active,Provisioned,CL-HQ,,,,,08/26/2026 01:18:12
CLHQ-DEV-0050,990000001000050,GPS,Certification GPS-500,OpsTrax Certification Lab,1.4.9,Active,Provisioned,CL-HQ,,,,,08/26/2026 01:18:12
CLHQ-DEV-0051,990000001000051,GPS,Certification GPS-500,OpsTrax Certification Lab,1.0.0,Active,Provisioned,CL-HQ,,,,,08/26/2026 01:18:12
CLHQ-DEV-0052,990000001000052,GPS,Certification GPS-500,OpsTrax Certification Lab,1.1.1,Active,Provisioned,CL-HQ,,,,,08/26/2026 01:18:12
CLHQ-DEV-0053,990000001000053,GPS,Certification GPS-500,OpsTrax Certification Lab,1.2.2,Active,Provisioned,CL-HQ,,,,,08/26/2026 01:18:12
CLHQ-DEV-0054,990000001000054,GPS,Certification GPS-500,OpsTrax Certification Lab,1.3.3,Active,Provisioned,CL-HQ,,,,,08/26/2026 01:18:12
CLHQ-DEV-0055,990000001000055,GPS,Certification GPS-500,OpsTrax Certification Lab,1.4.4,Active,Provisioned,CL-HQ,,,,,08/26/2026 01:18:12
CLHQ-DEV-0056,990000001000056,GPS,Certification GPS-500,OpsTrax Certification Lab,1.0.5,Active,Provisioned,CL-HQ,,,,,08/26/2026 01:18:12
CLHQ-DEV-0057,990000001000057,GPS,Certification GPS-500,OpsTrax Certification Lab,1.1.6,Active,Provisioned,CL-HQ,,,,,08/26/2026 01:18:12
CLHQ-DEV-0058,990000001000058,GPS,Certification GPS-500,OpsTrax Certification Lab,1.2.7,Active,Provisioned,CL-HQ,,,,,08/26/2026 01:18:12
CLHQ-DEV-0059,990000001000059,GPS,Certification GPS-500,OpsTrax Certification Lab,1.3.8,Active,Provisioned,CL-HQ,,,,,08/26/2026 01:18:12
CLHQ-DEV-0060,990000001000060,GPS,Certification GPS-500,OpsTrax Certification Lab,1.4.9,Active,Provisioned,CL-HQ,,,,,08/26/2026 01:18:12
CLHQ-DEV-0061,990000001000061,GPS,Certification GPS-500,OpsTrax Certification Lab,1.0.0,Active,Provisioned,CL-HQ,,,,,08/26/2026 01:18:12
CLHQ-DEV-0062,990000001000062,GPS,Certification GPS-500,OpsTrax Certification Lab,1.1.1,Active,Provisioned,CL-HQ,,,,,08/26/2026 01:18:12
CLHQ-DEV-0063,990000001000063,GPS,Certification GPS-500,OpsTrax Certification Lab,1.2.2,Active,Provisioned,CL-HQ,,,,,08/26/2026 01:18:12
CLHQ-DEV-0064,990000001000064,GPS,Certification GPS-500,OpsTrax Certification Lab,1.3.3,Active,Provisioned,CL-HQ,,,,,08/26/2026 01:18:12
CLHQ-DEV-0065,990000001000065,GPS,Certification GPS-500,OpsTrax Certification Lab,1.4.4,Active,Provisioned,CL-HQ,,,,,08/26/2026 01:18:12
CLHQ-DEV-0066,990000001000066,GPS,Certification GPS-500,OpsTrax Certification Lab,1.0.5,Active,Provisioned,CL-HQ,,,,,08/26/2026 01:18:12
CLHQ-DEV-0067,990000001000067,GPS,Certification GPS-500,OpsTrax Certification Lab,1.1.6,Active,Provisioned,CL-HQ,,,,,08/26/2026 01:18:12
CLHQ-DEV-0068,990000001000068,GPS,Certification GPS-500,OpsTrax Certification Lab,1.2.7,Active,Provisioned,CL-HQ,,,,,08/26/2026 01:18:12
CLHQ-DEV-0069,990000001000069,GPS,Certification GPS-500,OpsTrax Certification Lab,1.3.8,Active,Provisioned,CL-HQ,,,,,08/26/2026 01:18:12
CLHQ-DEV-0070,990000001000070,GPS,Certification GPS-500,OpsTrax Certification Lab,1.4.9,Active,Provisioned,CL-HQ,,,,,08/26/2026 01:18:12
CLHQ-DEV-0071,990000001000071,GPS,Certification GPS-500,OpsTrax Certification Lab,1.0.0,Active,Provisioned,CL-HQ,,,,,08/26/2026 01:18:12
CLHQ-DEV-0072,990000001000072,GPS,Certification GPS-500,OpsTrax Certification Lab,1.1.1,Active,Provisioned,CL-HQ,,,,,08/26/2026 01:18:12
CLHQ-DEV-0073,990000001000073,GPS,Certification GPS-500,OpsTrax Certification Lab,1.2.2,Active,Provisioned,CL-HQ,,,,,08/26/2026 01:18:12
CLHQ-DEV-0074,990000001000074,GPS,Certification GPS-500,OpsTrax Certification Lab,1.3.3,Active,Provisioned,CL-HQ,,,,,08/26/2026 01:18:12
CLHQ-DEV-0075,990000001000075,GPS,Certification GPS-500,OpsTrax Certification Lab,1.4.4,Active,Provisioned,CL-HQ,,,,,08/26/2026 01:18:12
CLHQ-DEV-0076,990000001000076,GPS,Certification GPS-500,OpsTrax Certification Lab,1.0.5,Active,Provisioned,CL-HQ,,,,,08/26/2026 01:18:12
CLHQ-DEV-0077,990000001000077,GPS,Certification GPS-500,OpsTrax Certification Lab,1.1.6,Active,Provisioned,CL-HQ,,,,,08/26/2026 01:18:12
CLHQ-DEV-0078,990000001000078,GPS,Certification GPS-500,OpsTrax Certification Lab,1.2.7,Active,Provisioned,CL-HQ,,,,,08/26/2026 01:18:12
CLHQ-DEV-0079,990000001000079,GPS,Certification GPS-500,OpsTrax Certification Lab,1.3.8,Active,Provisioned,CL-HQ,,,,,08/26/2026 01:18:12
CLHQ-DEV-0080,990000001000080,GPS,Certification GPS-500,OpsTrax Certification Lab,1.4.9,Active,Provisioned,CL-HQ,,,,,08/26/2026 01:18:12
CLHQ-DEV-0081,990000001000081,GPS,Certification GPS-500,OpsTrax Certification Lab,1.0.0,Active,Provisioned,CL-HQ,,,,,08/26/2026 01:18:12
CLHQ-DEV-0082,990000001000082,GPS,Certification GPS-500,OpsTrax Certification Lab,1.1.1,Active,Provisioned,CL-HQ,,,,,08/26/2026 01:18:12
CLHQ-DEV-0083,990000001000083,GPS,Certification GPS-500,OpsTrax Certification Lab,1.2.2,Active,Provisioned,CL-HQ,,,,,08/26/2026 01:18:12
CLHQ-DEV-0084,990000001000084,GPS,Certification GPS-500,OpsTrax Certification Lab,1.3.3,Active,Provisioned,CL-HQ,,,,,08/26/2026 01:18:12
CLHQ-DEV-0085,990000001000085,GPS,Certification GPS-500,OpsTrax Certification Lab,1.4.4,Active,Provisioned,CL-HQ,,,,,08/26/2026 01:18:12
CLHQ-DEV-0086,990000001000086,GPS,Certification GPS-500,OpsTrax Certification Lab,1.0.5,Active,Provisioned,CL-HQ,,,,,08/26/2026 01:18:12
CLHQ-DEV-0087,990000001000087,GPS,Certification GPS-500,OpsTrax Certification Lab,1.1.6,Active,Provisioned,CL-HQ,,,,,08/26/2026 01:18:12
CLHQ-DEV-0088,990000001000088,GPS,Certification GPS-500,OpsTrax Certification Lab,1.2.7,Active,Provisioned,CL-HQ,,,,,08/26/2026 01:18:12
CLHQ-DEV-0089,990000001000089,GPS,Certification GPS-500,OpsTrax Certification Lab,1.3.8,Active,Provisioned,CL-HQ,,,,,08/26/2026 01:18:12
CLHQ-DEV-0090,990000001000090,GPS,Certification GPS-500,OpsTrax Certification Lab,1.4.9,Active,Provisioned,CL-HQ,,,,,08/26/2026 01:18:12
CLHQ-DEV-0091,990000001000091,GPS,Certification GPS-500,OpsTrax Certification Lab,1.0.0,Active,Provisioned,CL-HQ,,,,,08/26/2026 01:18:12
CLHQ-DEV-0092,990000001000092,GPS,Certification GPS-500,OpsTrax Certification Lab,1.1.1,Active,Provisioned,CL-HQ,,,,,08/26/2026 01:18:12
CLHQ-DEV-0093,990000001000093,GPS,Certification GPS-500,OpsTrax Certification Lab,1.2.2,Active,Provisioned,CL-HQ,,,,,08/26/2026 01:18:12
CLHQ-DEV-0094,990000001000094,GPS,Certification GPS-500,OpsTrax Certification Lab,1.3.3,Active,Provisioned,CL-HQ,,,,,08/26/2026 01:18:12
CLHQ-DEV-0095,990000001000095,GPS,Certification GPS-500,OpsTrax Certification Lab,1.4.4,Active,Provisioned,CL-HQ,,,,,08/26/2026 01:18:12
CLHQ-DEV-0096,990000001000096,GPS,Certification GPS-500,OpsTrax Certification Lab,1.0.5,Active,Provisioned,CL-HQ,,,,,08/26/2026 01:18:12
CLHQ-DEV-0097,990000001000097,GPS,Certification GPS-500,OpsTrax Certification Lab,1.1.6,Active,Provisioned,CL-HQ,,,,,08/26/2026 01:18:12
CLHQ-DEV-0098,990000001000098,GPS,Certification GPS-500,OpsTrax Certification Lab,1.2.7,Active,Provisioned,CL-HQ,,,,,08/26/2026 01:18:12
CLHQ-DEV-0099,990000001000099,GPS,Certification GPS-500,OpsTrax Certification Lab,1.3.8,Active,Provisioned,CL-HQ,,,,,08/26/2026 01:18:12
CLHQ-DEV-0100,990000001000100,GPS,Certification GPS-500,OpsTrax Certification Lab,1.4.9,Active,Provisioned,CL-HQ,,,,,08/26/2026 01:18:12
CLHQ-DEV-0101,990000001000101,GPS,Certification GPS-500,OpsTrax Certification Lab,1.0.0,Active,Provisioned,CL-HQ,,,,,08/26/2026 01:18:12
CLHQ-DEV-0102,990000001000102,GPS,Certification GPS-500,OpsTrax Certification Lab,1.1.1,Active,Provisioned,CL-HQ,,,,,08/26/2026 01:18:12
CLHQ-DEV-0103,990000001000103,GPS,Certification GPS-500,OpsTrax Certification Lab,1.2.2,Active,Provisioned,CL-HQ,,,,,08/26/2026 01:18:12
CLHQ-DEV-0104,990000001000104,GPS,Certification GPS-500,OpsTrax Certification Lab,1.3.3,Active,Provisioned,CL-HQ,,,,,08/26/2026 01:18:12
CLHQ-DEV-0105,990000001000105,GPS,Certification GPS-500,OpsTrax Certification Lab,1.4.4,Active,Provisioned,CL-HQ,,,,,08/26/2026 01:18:12
CLHQ-DEV-0106,990000001000106,GPS,Certification GPS-500,OpsTrax Certification Lab,1.0.5,Active,Provisioned,CL-HQ,,,,,08/26/2026 01:18:12
CLHQ-DEV-0107,990000001000107,GPS,Certification GPS-500,OpsTrax Certification Lab,1.1.6,Active,Provisioned,CL-HQ,,,,,08/26/2026 01:18:12
CLHQ-DEV-0108,990000001000108,GPS,Certification GPS-500,OpsTrax Certification Lab,1.2.7,Active,Provisioned,CL-HQ,,,,,08/26/2026 01:18:12
CLHQ-DEV-0109,990000001000109,GPS,Certification GPS-500,OpsTrax Certification Lab,1.3.8,Active,Provisioned,CL-HQ,,,,,08/26/2026 01:18:12
CLHQ-DEV-0110,990000001000110,GPS,Certification GPS-500,OpsTrax Certification Lab,1.4.9,Active,Provisioned,CL-HQ,,,,,08/26/2026 01:18:12
CLHQ-DEV-0111,990000001000111,GPS,Certification GPS-500,OpsTrax Certification Lab,1.0.0,Active,Provisioned,CL-HQ,,,,,08/26/2026 01:18:12
CLHQ-DEV-0112,990000001000112,GPS,Certification GPS-500,OpsTrax Certification Lab,1.1.1,Active,Provisioned,CL-HQ,,,,,08/26/2026 01:18:12
CLHQ-DEV-0113,990000001000113,GPS,Certification GPS-500,OpsTrax Certification Lab,1.2.2,Active,Provisioned,CL-HQ,,,,,08/26/2026 01:18:12
CLHQ-DEV-0114,990000001000114,GPS,Certification GPS-500,OpsTrax Certification Lab,1.3.3,Active,Provisioned,CL-HQ,,,,,08/26/2026 01:18:12
CLHQ-DEV-0115,990000001000115,GPS,Certification GPS-500,OpsTrax Certification Lab,1.4.4,Active,Provisioned,CL-HQ,,,,,08/26/2026 01:18:12
CLHQ-DEV-0116,990000001000116,GPS,Certification GPS-500,OpsTrax Certification Lab,1.0.5,Active,Provisioned,CL-HQ,,,,,08/26/2026 01:18:12
CLHQ-DEV-0117,990000001000117,GPS,Certification GPS-500,OpsTrax Certification Lab,1.1.6,Active,Provisioned,CL-HQ,,,,,08/26/2026 01:18:12
CLHQ-DEV-0118,990000001000118,GPS,Certification GPS-500,OpsTrax Certification Lab,1.2.7,Active,Provisioned,CL-HQ,,,,,08/26/2026 01:18:12
CLHQ-DEV-0119,990000001000119,GPS,Certification GPS-500,OpsTrax Certification Lab,1.3.8,Active,Provisioned,CL-HQ,,,,,08/26/2026 01:18:12
CLHQ-DEV-0120,990000001000120,GPS,Certification GPS-500,OpsTrax Certification Lab,1.4.9,Active,Provisioned,CL-HQ,,,,,08/26/2026 01:18:12
CLHQ-DEV-0121,990000001000121,GPS,Certification GPS-500,OpsTrax Certification Lab,1.0.0,Active,Provisioned,CL-HQ,,,,,08/26/2026 01:18:12
CLHQ-DEV-0122,990000001000122,GPS,Certification GPS-500,OpsTrax Certification Lab,1.1.1,Active,Provisioned,CL-HQ,,,,,08/26/2026 01:18:12
CLHQ-DEV-0123,990000001000123,GPS,Certification GPS-500,OpsTrax Certification Lab,1.2.2,Active,Provisioned,CL-HQ,,,,,08/26/2026 01:18:12
CLHQ-DEV-0124,990000001000124,GPS,Certification GPS-500,OpsTrax Certification Lab,1.3.3,Active,Provisioned,CL-HQ,,,,,08/26/2026 01:18:12
CLHQ-DEV-0125,990000001000125,GPS,Certification GPS-500,OpsTrax Certification Lab,1.4.4,Active,Provisioned,CL-HQ,,,,,08/26/2026 01:18:12
CLHQ-DEV-0126,990000001000126,GPS,Certification GPS-500,OpsTrax Certification Lab,1.0.5,Active,Provisioned,CL-HQ,,,,,08/26/2026 01:18:12
CLHQ-DEV-0127,990000001000127,GPS,Certification GPS-500,OpsTrax Certification Lab,1.1.6,Active,Provisioned,CL-HQ,,,,,08/26/2026 01:18:12
CLHQ-DEV-0128,990000001000128,GPS,Certification GPS-500,OpsTrax Certification Lab,1.2.7,Active,Provisioned,CL-HQ,,,,,08/26/2026 01:18:12
CLHQ-DEV-0129,990000001000129,GPS,Certification GPS-500,OpsTrax Certification Lab,1.3.8,Active,Provisioned,CL-HQ,,,,,08/26/2026 01:18:12
CLHQ-DEV-0130,990000001000130,GPS,Certification GPS-500,OpsTrax Certification Lab,1.4.9,Active,Provisioned,CL-HQ,,,,,08/26/2026 01:18:12
CLHQ-DEV-0131,990000001000131,GPS,Certification GPS-500,OpsTrax Certification Lab,1.0.0,Active,Provisioned,CL-HQ,,,,,08/26/2026 01:18:12
CLHQ-DEV-0132,990000001000132,GPS,Certification GPS-500,OpsTrax Certification Lab,1.1.1,Active,Provisioned,CL-HQ,,,,,08/26/2026 01:18:12
CLHQ-DEV-0133,990000001000133,GPS,Certification GPS-500,OpsTrax Certification Lab,1.2.2,Active,Provisioned,CL-HQ,,,,,08/26/2026 01:18:12
CLHQ-DEV-0134,990000001000134,GPS,Certification GPS-500,OpsTrax Certification Lab,1.3.3,Active,Provisioned,CL-HQ,,,,,08/26/2026 01:18:12
CLHQ-DEV-0135,990000001000135,GPS,Certification GPS-500,OpsTrax Certification Lab,1.4.4,Active,Provisioned,CL-HQ,,,,,08/26/2026 01:18:12
CLHQ-DEV-0136,990000001000136,GPS,Certification GPS-500,OpsTrax Certification Lab,1.0.5,Active,Provisioned,CL-HQ,,,,,08/26/2026 01:18:12
CLHQ-DEV-0137,990000001000137,GPS,Certification GPS-500,OpsTrax Certification Lab,1.1.6,Active,Provisioned,CL-HQ,,,,,08/26/2026 01:18:12
CLHQ-DEV-0138,990000001000138,GPS,Certification GPS-500,OpsTrax Certification Lab,1.2.7,Active,Provisioned,CL-HQ,,,,,08/26/2026 01:18:12
CLHQ-DEV-0139,990000001000139,GPS,Certification GPS-500,OpsTrax Certification Lab,1.3.8,Active,Provisioned,CL-HQ,,,,,08/26/2026 01:18:12
CLHQ-DEV-0140,990000001000140,GPS,Certification GPS-500,OpsTrax Certification Lab,1.4.9,Active,Provisioned,CL-HQ,,,,,08/26/2026 01:18:12
CLHQ-DEV-0141,990000001000141,GPS,Certification GPS-500,OpsTrax Certification Lab,1.0.0,Active,Provisioned,CL-HQ,,,,,08/26/2026 01:18:12
CLHQ-DEV-0142,990000001000142,GPS,Certification GPS-500,OpsTrax Certification Lab,1.1.1,Active,Provisioned,CL-HQ,,,,,08/26/2026 01:18:12
CLHQ-DEV-0143,990000001000143,GPS,Certification GPS-500,OpsTrax Certification Lab,1.2.2,Active,Provisioned,CL-HQ,,,,,08/26/2026 01:18:12
CLHQ-DEV-0144,990000001000144,GPS,Certification GPS-500,OpsTrax Certification Lab,1.3.3,Active,Provisioned,CL-HQ,,,,,08/26/2026 01:18:12
CLHQ-DEV-0145,990000001000145,GPS,Certification GPS-500,OpsTrax Certification Lab,1.4.4,Active,Provisioned,CL-HQ,,,,,08/26/2026 01:18:12
CLHQ-DEV-0146,990000001000146,GPS,Certification GPS-500,OpsTrax Certification Lab,1.0.5,Active,Provisioned,CL-HQ,,,,,08/26/2026 01:18:12
CLHQ-DEV-0147,990000001000147,GPS,Certification GPS-500,OpsTrax Certification Lab,1.1.6,Active,Provisioned,CL-HQ,,,,,08/26/2026 01:18:12
CLHQ-DEV-0148,990000001000148,GPS,Certification GPS-500,OpsTrax Certification Lab,1.2.7,Active,Provisioned,CL-HQ,,,,,08/26/2026 01:18:12
CLHQ-DEV-0149,990000001000149,GPS,Certification GPS-500,OpsTrax Certification Lab,1.3.8,Active,Provisioned,CL-HQ,,,,,08/26/2026 01:18:12
CLHQ-DEV-0150,990000001000150,GPS,Certification GPS-500,OpsTrax Certification Lab,1.4.9,Active,Provisioned,CL-HQ,,,,,08/26/2026 01:18:12
CLHQ-DEV-0151,990000001000151,GPS,Certification GPS-500,OpsTrax Certification Lab,1.0.0,Active,Provisioned,CL-HQ,,,,,08/26/2026 01:18:12
CLHQ-DEV-0152,990000001000152,GPS,Certification GPS-500,OpsTrax Certification Lab,1.1.1,Active,Provisioned,CL-HQ,,,,,08/26/2026 01:18:12
CLHQ-DEV-0153,990000001000153,GPS,Certification GPS-500,OpsTrax Certification Lab,1.2.2,Active,Provisioned,CL-HQ,,,,,08/26/2026 01:18:12
CLHQ-DEV-0154,990000001000154,GPS,Certification GPS-500,OpsTrax Certification Lab,1.3.3,Active,Provisioned,CL-HQ,,,,,08/26/2026 01:18:12
CLHQ-DEV-0155,990000001000155,GPS,Certification GPS-500,OpsTrax Certification Lab,1.4.4,Active,Provisioned,CL-HQ,,,,,08/26/2026 01:18:12
CLHQ-DEV-0156,990000001000156,GPS,Certification GPS-500,OpsTrax Certification Lab,1.0.5,Active,Provisioned,CL-HQ,,,,,08/26/2026 01:18:12
CLHQ-DEV-0157,990000001000157,GPS,Certification GPS-500,OpsTrax Certification Lab,1.1.6,Active,Provisioned,CL-HQ,,,,,08/26/2026 01:18:12
CLHQ-DEV-0158,990000001000158,GPS,Certification GPS-500,OpsTrax Certification Lab,1.2.7,Active,Provisioned,CL-HQ,,,,,08/26/2026 01:18:12
CLHQ-DEV-0159,990000001000159,GPS,Certification GPS-500,OpsTrax Certification Lab,1.3.8,Active,Provisioned,CL-HQ,,,,,08/26/2026 01:18:12
CLHQ-DEV-0160,990000001000160,GPS,Certification GPS-500,OpsTrax Certification Lab,1.4.9,Active,Provisioned,CL-HQ,,,,,08/26/2026 01:18:12
CLHQ-DEV-0161,990000001000161,GPS,Certification GPS-500,OpsTrax Certification Lab,1.0.0,Active,Provisioned,CL-HQ,,,,,08/26/2026 01:18:12
CLHQ-DEV-0162,990000001000162,GPS,Certification GPS-500,OpsTrax Certification Lab,1.1.1,Active,Provisioned,CL-HQ,,,,,08/26/2026 01:18:12
CLHQ-DEV-0163,990000001000163,GPS,Certification GPS-500,OpsTrax Certification Lab,1.2.2,Active,Provisioned,CL-HQ,,,,,08/26/2026 01:18:12
CLHQ-DEV-0164,990000001000164,GPS,Certification GPS-500,OpsTrax Certification Lab,1.3.3,Active,Provisioned,CL-HQ,,,,,08/26/2026 01:18:12
CLHQ-DEV-0165,990000001000165,GPS,Certification GPS-500,OpsTrax Certification Lab,1.4.4,Active,Provisioned,CL-HQ,,,,,08/26/2026 01:18:12
CLHQ-DEV-0166,990000001000166,GPS,Certification GPS-500,OpsTrax Certification Lab,1.0.5,Active,Provisioned,CL-HQ,,,,,08/26/2026 01:18:12
CLHQ-DEV-0167,990000001000167,GPS,Certification GPS-500,OpsTrax Certification Lab,1.1.6,Active,Provisioned,CL-HQ,,,,,08/26/2026 01:18:12
CLHQ-DEV-0168,990000001000168,GPS,Certification GPS-500,OpsTrax Certification Lab,1.2.7,Active,Provisioned,CL-HQ,,,,,08/26/2026 01:18:12
CLHQ-DEV-0169,990000001000169,GPS,Certification GPS-500,OpsTrax Certification Lab,1.3.8,Active,Provisioned,CL-HQ,,,,,08/26/2026 01:18:12
CLHQ-DEV-0170,990000001000170,GPS,Certification GPS-500,OpsTrax Certification Lab,1.4.9,Active,Provisioned,CL-HQ,,,,,08/26/2026 01:18:12
CLHQ-DEV-0171,990000001000171,GPS,Certification GPS-500,OpsTrax Certification Lab,1.0.0,Active,Provisioned,CL-HQ,,,,,08/26/2026 01:18:12
CLHQ-DEV-0172,990000001000172,GPS,Certification GPS-500,OpsTrax Certification Lab,1.1.1,Active,Provisioned,CL-HQ,,,,,08/26/2026 01:18:12
CLHQ-DEV-0173,990000001000173,GPS,Certification GPS-500,OpsTrax Certification Lab,1.2.2,Active,Provisioned,CL-HQ,,,,,08/26/2026 01:18:12
CLHQ-DEV-0174,990000001000174,GPS,Certification GPS-500,OpsTrax Certification Lab,1.3.3,Active,Provisioned,CL-HQ,,,,,08/26/2026 01:18:12
CLHQ-DEV-0175,990000001000175,GPS,Certification GPS-500,OpsTrax Certification Lab,1.4.4,Active,Provisioned,CL-HQ,,,,,08/26/2026 01:18:12
CLHQ-DEV-0176,990000001000176,GPS,Certification GPS-500,OpsTrax Certification Lab,1.0.5,Active,Provisioned,CL-HQ,,,,,08/26/2026 01:18:12
CLHQ-DEV-0177,990000001000177,GPS,Certification GPS-500,OpsTrax Certification Lab,1.1.6,Active,Provisioned,CL-HQ,,,,,08/26/2026 01:18:12
CLHQ-DEV-0178,990000001000178,GPS,Certification GPS-500,OpsTrax Certification Lab,1.2.7,Active,Provisioned,CL-HQ,,,,,08/26/2026 01:18:12
CLHQ-DEV-0179,990000001000179,GPS,Certification GPS-500,OpsTrax Certification Lab,1.3.8,Active,Provisioned,CL-HQ,,,,,08/26/2026 01:18:12
CLHQ-DEV-0180,990000001000180,GPS,Certification GPS-500,OpsTrax Certification Lab,1.4.9,Active,Provisioned,CL-HQ,,,,,08/26/2026 01:18:12
CLHQ-DEV-0181,990000001000181,GPS,Certification GPS-500,OpsTrax Certification Lab,1.0.0,Active,Provisioned,CL-HQ,,,,,08/26/2026 01:18:12
CLHQ-DEV-0182,990000001000182,GPS,Certification GPS-500,OpsTrax Certification Lab,1.1.1,Active,Provisioned,CL-HQ,,,,,08/26/2026 01:18:12
CLHQ-DEV-0183,990000001000183,GPS,Certification GPS-500,OpsTrax Certification Lab,1.2.2,Active,Provisioned,CL-HQ,,,,,08/26/2026 01:18:12
CLHQ-DEV-0184,990000001000184,GPS,Certification GPS-500,OpsTrax Certification Lab,1.3.3,Active,Provisioned,CL-HQ,,,,,08/26/2026 01:18:12
CLHQ-DEV-0185,990000001000185,GPS,Certification GPS-500,OpsTrax Certification Lab,1.4.4,Active,Provisioned,CL-HQ,,,,,08/26/2026 01:18:12
CLHQ-DEV-0186,990000001000186,GPS,Certification GPS-500,OpsTrax Certification Lab,1.0.5,Active,Provisioned,CL-HQ,,,,,08/26/2026 01:18:12
CLHQ-DEV-0187,990000001000187,GPS,Certification GPS-500,OpsTrax Certification Lab,1.1.6,Active,Provisioned,CL-HQ,,,,,08/26/2026 01:18:12
CLHQ-DEV-0188,990000001000188,GPS,Certification GPS-500,OpsTrax Certification Lab,1.2.7,Active,Provisioned,CL-HQ,,,,,08/26/2026 01:18:12
CLHQ-DEV-0189,990000001000189,GPS,Certification GPS-500,OpsTrax Certification Lab,1.3.8,Active,Provisioned,CL-HQ,,,,,08/26/2026 01:18:12
CLHQ-DEV-0190,990000001000190,GPS,Certification GPS-500,OpsTrax Certification Lab,1.4.9,Active,Provisioned,CL-HQ,,,,,08/26/2026 01:18:12
CLHQ-DEV-0191,990000001000191,GPS,Certification GPS-500,OpsTrax Certification Lab,1.0.0,Active,Provisioned,CL-HQ,,,,,08/26/2026 01:18:12
CLHQ-DEV-0192,990000001000192,GPS,Certification GPS-500,OpsTrax Certification Lab,1.1.1,Active,Provisioned,CL-HQ,,,,,08/26/2026 01:18:12
CLHQ-DEV-0193,990000001000193,GPS,Certification GPS-500,OpsTrax Certification Lab,1.2.2,Active,Provisioned,CL-HQ,,,,,08/26/2026 01:18:12
CLHQ-DEV-0194,990000001000194,GPS,Certification GPS-500,OpsTrax Certification Lab,1.3.3,Active,Provisioned,CL-HQ,,,,,08/26/2026 01:18:12
CLHQ-DEV-0195,990000001000195,GPS,Certification GPS-500,OpsTrax Certification Lab,1.4.4,Active,Provisioned,CL-HQ,,,,,08/26/2026 01:18:12
CLHQ-DEV-0196,990000001000196,GPS,Certification GPS-500,OpsTrax Certification Lab,1.0.5,Active,Provisioned,CL-HQ,,,,,08/26/2026 01:18:12
CLHQ-DEV-0197,990000001000197,GPS,Certification GPS-500,OpsTrax Certification Lab,1.1.6,Active,Provisioned,CL-HQ,,,,,08/26/2026 01:18:12
CLHQ-DEV-0198,990000001000198,GPS,Certification GPS-500,OpsTrax Certification Lab,1.2.7,Active,Provisioned,CL-HQ,,,,,08/26/2026 01:18:12
CLHQ-DEV-0199,990000001000199,GPS,Certification GPS-500,OpsTrax Certification Lab,1.3.8,Active,Provisioned,CL-HQ,,,,,08/26/2026 01:18:12
CLHQ-DEV-0200,990000001000200,GPS,Certification GPS-500,OpsTrax Certification Lab,1.4.9,Active,Provisioned,CL-HQ,,,,,08/26/2026 01:18:12
CLHQ-DEV-0201,990000001000201,ELD,Certification ELD-200,OpsTrax Certification Lab,1.0.0,Active,Provisioned,CL-HQ,,,,,08/26/2026 01:18:12
CLHQ-DEV-0202,990000001000202,ELD,Certification ELD-200,OpsTrax Certification Lab,1.1.1,Active,Provisioned,CL-HQ,,,,,08/26/2026 01:18:12
CLHQ-DEV-0203,990000001000203,ELD,Certification ELD-200,OpsTrax Certification Lab,1.2.2,Active,Provisioned,CL-HQ,,,,,08/26/2026 01:18:12
CLHQ-DEV-0204,990000001000204,ELD,Certification ELD-200,OpsTrax Certification Lab,1.3.3,Active,Provisioned,CL-HQ,,,,,08/26/2026 01:18:12
CLHQ-DEV-0205,990000001000205,ELD,Certification ELD-200,OpsTrax Certification Lab,1.4.4,Active,Provisioned,CL-HQ,,,,,08/26/2026 01:18:12
CLHQ-DEV-0206,990000001000206,ELD,Certification ELD-200,OpsTrax Certification Lab,1.0.5,Active,Provisioned,CL-HQ,,,,,08/26/2026 01:18:12
CLHQ-DEV-0207,990000001000207,ELD,Certification ELD-200,OpsTrax Certification Lab,1.1.6,Active,Provisioned,CL-HQ,,,,,08/26/2026 01:18:12
CLHQ-DEV-0208,990000001000208,ELD,Certification ELD-200,OpsTrax Certification Lab,1.2.7,Active,Provisioned,CL-HQ,,,,,08/26/2026 01:18:12
CLHQ-DEV-0209,990000001000209,ELD,Certification ELD-200,OpsTrax Certification Lab,1.3.8,Active,Provisioned,CL-HQ,,,,,08/26/2026 01:18:12
CLHQ-DEV-0210,990000001000210,ELD,Certification ELD-200,OpsTrax Certification Lab,1.4.9,Active,Provisioned,CL-HQ,,,,,08/26/2026 01:18:12
CLHQ-DEV-0211,990000001000211,ELD,Certification ELD-200,OpsTrax Certification Lab,1.0.0,Active,Provisioned,CL-HQ,,,,,08/26/2026 01:18:12
CLHQ-DEV-0212,990000001000212,ELD,Certification ELD-200,OpsTrax Certification Lab,1.1.1,Active,Provisioned,CL-HQ,,,,,08/26/2026 01:18:12
CLHQ-DEV-0213,990000001000213,ELD,Certification ELD-200,OpsTrax Certification Lab,1.2.2,Active,Provisioned,CL-HQ,,,,,08/26/2026 01:18:12
CLHQ-DEV-0214,990000001000214,ELD,Certification ELD-200,OpsTrax Certification Lab,1.3.3,Active,Provisioned,CL-HQ,,,,,08/26/2026 01:18:12
CLHQ-DEV-0215,990000001000215,ELD,Certification ELD-200,OpsTrax Certification Lab,1.4.4,Active,Provisioned,CL-HQ,,,,,08/26/2026 01:18:12
CLHQ-DEV-0216,990000001000216,ELD,Certification ELD-200,OpsTrax Certification Lab,1.0.5,Active,Provisioned,CL-HQ,,,,,08/26/2026 01:18:12
CLHQ-DEV-0217,990000001000217,ELD,Certification ELD-200,OpsTrax Certification Lab,1.1.6,Active,Provisioned,CL-HQ,,,,,08/26/2026 01:18:12
CLHQ-DEV-0218,990000001000218,ELD,Certification ELD-200,OpsTrax Certification Lab,1.2.7,Active,Provisioned,CL-HQ,,,,,08/26/2026 01:18:12
CLHQ-DEV-0219,990000001000219,ELD,Certification ELD-200,OpsTrax Certification Lab,1.3.8,Active,Provisioned,CL-HQ,,,,,08/26/2026 01:18:12
CLHQ-DEV-0220,990000001000220,ELD,Certification ELD-200,OpsTrax Certification Lab,1.4.9,Active,Provisioned,CL-HQ,,,,,08/26/2026 01:18:12
MWYARD-DEV-0001,990000001000661,GPS,Certification GPS-500,OpsTrax Certification Lab,1.0.0,Active,Provisioned,MW-YARD,,,,,08/26/2026 01:32:37
MWYARD-DEV-0002,990000001000662,GPS,Certification GPS-500,OpsTrax Certification Lab,1.1.1,Active,Provisioned,MW-YARD,,,,,08/26/2026 01:32:37
MWYARD-DEV-0003,990000001000663,GPS,Certification GPS-500,OpsTrax Certification Lab,1.2.2,Active,Provisioned,MW-YARD,,,,,08/26/2026 01:32:37
MWYARD-DEV-0004,990000001000664,GPS,Certification GPS-500,OpsTrax Certification Lab,1.3.3,Active,Provisioned,MW-YARD,,,,,08/26/2026 01:32:37
MWYARD-DEV-0005,990000001000665,GPS,Certification GPS-500,OpsTrax Certification Lab,1.4.4,Active,Provisioned,MW-YARD,,,,,08/26/2026 01:32:37
MWYARD-DEV-0006,990000001000666,GPS,Certification GPS-500,OpsTrax Certification Lab,1.0.5,Active,Provisioned,MW-YARD,,,,,08/26/2026 01:32:37
MWYARD-DEV-0007,990000001000667,GPS,Certification GPS-500,OpsTrax Certification Lab,1.1.6,Active,Provisioned,MW-YARD,,,,,08/26/2026 01:32:37
MWYARD-DEV-0008,990000001000668,GPS,Certification GPS-500,OpsTrax Certification Lab,1.2.7,Active,Provisioned,MW-YARD,,,,,08/26/2026 01:32:37
MWYARD-DEV-0009,990000001000669,GPS,Certification GPS-500,OpsTrax Certification Lab,1.3.8,Active,Provisioned,MW-YARD,,,,,08/26/2026 01:32:37
MWYARD-DEV-0010,990000001000670,GPS,Certification GPS-500,OpsTrax Certification Lab,1.4.9,Active,Provisioned,MW-YARD,,,,,08/26/2026 01:32:37
MWYARD-DEV-0011,990000001000671,GPS,Certification GPS-500,OpsTrax Certification Lab,1.0.0,Active,Provisioned,MW-YARD,,,,,08/26/2026 01:32:37
MWYARD-DEV-0012,990000001000672,GPS,Certification GPS-500,OpsTrax Certification Lab,1.1.1,Active,Provisioned,MW-YARD,,,,,08/26/2026 01:32:37
MWYARD-DEV-0013,990000001000673,GPS,Certification GPS-500,OpsTrax Certification Lab,1.2.2,Active,Provisioned,MW-YARD,,,,,08/26/2026 01:32:37
MWYARD-DEV-0014,990000001000674,GPS,Certification GPS-500,OpsTrax Certification Lab,1.3.3,Active,Provisioned,MW-YARD,,,,,08/26/2026 01:32:37
MWYARD-DEV-0015,990000001000675,GPS,Certification GPS-500,OpsTrax Certification Lab,1.4.4,Active,Provisioned,MW-YARD,,,,,08/26/2026 01:32:37
MWYARD-DEV-0016,990000001000676,GPS,Certification GPS-500,OpsTrax Certification Lab,1.0.5,Active,Provisioned,MW-YARD,,,,,08/26/2026 01:32:37
MWYARD-DEV-0017,990000001000677,GPS,Certification GPS-500,OpsTrax Certification Lab,1.1.6,Active,Provisioned,MW-YARD,,,,,08/26/2026 01:32:37
MWYARD-DEV-0018,990000001000678,GPS,Certification GPS-500,OpsTrax Certification Lab,1.2.7,Active,Provisioned,MW-YARD,,,,,08/26/2026 01:32:37
MWYARD-DEV-0019,990000001000679,GPS,Certification GPS-500,OpsTrax Certification Lab,1.3.8,Active,Provisioned,MW-YARD,,,,,08/26/2026 01:32:37
MWYARD-DEV-0020,990000001000680,GPS,Certification GPS-500,OpsTrax Certification Lab,1.4.9,Active,Provisioned,MW-YARD,,,,,08/26/2026 01:32:37
MWYARD-DEV-0021,990000001000681,GPS,Certification GPS-500,OpsTrax Certification Lab,1.0.0,Active,Provisioned,MW-YARD,,,,,08/26/2026 01:32:37
MWYARD-DEV-0022,990000001000682,GPS,Certification GPS-500,OpsTrax Certification Lab,1.1.1,Active,Provisioned,MW-YARD,,,,,08/26/2026 01:32:37
MWYARD-DEV-0023,990000001000683,GPS,Certification GPS-500,OpsTrax Certification Lab,1.2.2,Active,Provisioned,MW-YARD,,,,,08/26/2026 01:32:37
MWYARD-DEV-0024,990000001000684,GPS,Certification GPS-500,OpsTrax Certification Lab,1.3.3,Active,Provisioned,MW-YARD,,,,,08/26/2026 01:32:37
MWYARD-DEV-0025,990000001000685,GPS,Certification GPS-500,OpsTrax Certification Lab,1.4.4,Active,Provisioned,MW-YARD,,,,,08/26/2026 01:32:37
MWYARD-DEV-0026,990000001000686,GPS,Certification GPS-500,OpsTrax Certification Lab,1.0.5,Active,Provisioned,MW-YARD,,,,,08/26/2026 01:32:37
MWYARD-DEV-0027,990000001000687,GPS,Certification GPS-500,OpsTrax Certification Lab,1.1.6,Active,Provisioned,MW-YARD,,,,,08/26/2026 01:32:37
MWYARD-DEV-0028,990000001000688,GPS,Certification GPS-500,OpsTrax Certification Lab,1.2.7,Active,Provisioned,MW-YARD,,,,,08/26/2026 01:32:37
MWYARD-DEV-0029,990000001000689,GPS,Certification GPS-500,OpsTrax Certification Lab,1.3.8,Active,Provisioned,MW-YARD,,,,,08/26/2026 01:32:37
MWYARD-DEV-0030,990000001000690,GPS,Certification GPS-500,OpsTrax Certification Lab,1.4.9,Active,Provisioned,MW-YARD,,,,,08/26/2026 01:32:37
MWYARD-DEV-0031,990000001000691,GPS,Certification GPS-500,OpsTrax Certification Lab,1.0.0,Active,Provisioned,MW-YARD,,,,,08/26/2026 01:32:37
MWYARD-DEV-0032,990000001000692,GPS,Certification GPS-500,OpsTrax Certification Lab,1.1.1,Active,Provisioned,MW-YARD,,,,,08/26/2026 01:32:37
MWYARD-DEV-0033,990000001000693,GPS,Certification GPS-500,OpsTrax Certification Lab,1.2.2,Active,Provisioned,MW-YARD,,,,,08/26/2026 01:32:37
MWYARD-DEV-0034,990000001000694,GPS,Certification GPS-500,OpsTrax Certification Lab,1.3.3,Active,Provisioned,MW-YARD,,,,,08/26/2026 01:32:37
MWYARD-DEV-0035,990000001000695,GPS,Certification GPS-500,OpsTrax Certification Lab,1.4.4,Active,Provisioned,MW-YARD,,,,,08/26/2026 01:32:37
MWYARD-DEV-0036,990000001000696,GPS,Certification GPS-500,OpsTrax Certification Lab,1.0.5,Active,Provisioned,MW-YARD,,,,,08/26/2026 01:32:37
MWYARD-DEV-0037,990000001000697,GPS,Certification GPS-500,OpsTrax Certification Lab,1.1.6,Active,Provisioned,MW-YARD,,,,,08/26/2026 01:32:37
MWYARD-DEV-0038,990000001000698,GPS,Certification GPS-500,OpsTrax Certification Lab,1.2.7,Active,Provisioned,MW-YARD,,,,,08/26/2026 01:32:37
MWYARD-DEV-0039,990000001000699,GPS,Certification GPS-500,OpsTrax Certification Lab,1.3.8,Active,Provisioned,MW-YARD,,,,,08/26/2026 01:32:37
MWYARD-DEV-0040,990000001000700,GPS,Certification GPS-500,OpsTrax Certification Lab,1.4.9,Active,Provisioned,MW-YARD,,,,,08/26/2026 01:32:37
MWYARD-DEV-0041,990000001000701,GPS,Certification GPS-500,OpsTrax Certification Lab,1.0.0,Active,Provisioned,MW-YARD,,,,,08/26/2026 01:32:37
MWYARD-DEV-0042,990000001000702,GPS,Certification GPS-500,OpsTrax Certification Lab,1.1.1,Active,Provisioned,MW-YARD,,,,,08/26/2026 01:32:37
MWYARD-DEV-0043,990000001000703,GPS,Certification GPS-500,OpsTrax Certification Lab,1.2.2,Active,Provisioned,MW-YARD,,,,,08/26/2026 01:32:37
MWYARD-DEV-0044,990000001000704,GPS,Certification GPS-500,OpsTrax Certification Lab,1.3.3,Active,Provisioned,MW-YARD,,,,,08/26/2026 01:32:37
MWYARD-DEV-0045,990000001000705,GPS,Certification GPS-500,OpsTrax Certification Lab,1.4.4,Active,Provisioned,MW-YARD,,,,,08/26/2026 01:32:37
MWYARD-DEV-0046,990000001000706,GPS,Certification GPS-500,OpsTrax Certification Lab,1.0.5,Active,Provisioned,MW-YARD,,,,,08/26/2026 01:32:37
MWYARD-DEV-0047,990000001000707,GPS,Certification GPS-500,OpsTrax Certification Lab,1.1.6,Active,Provisioned,MW-YARD,,,,,08/26/2026 01:32:37
MWYARD-DEV-0048,990000001000708,GPS,Certification GPS-500,OpsTrax Certification Lab,1.2.7,Active,Provisioned,MW-YARD,,,,,08/26/2026 01:32:37
MWYARD-DEV-0049,990000001000709,GPS,Certification GPS-500,OpsTrax Certification Lab,1.3.8,Active,Provisioned,MW-YARD,,,,,08/26/2026 01:32:37
MWYARD-DEV-0050,990000001000710,GPS,Certification GPS-500,OpsTrax Certification Lab,1.4.9,Active,Provisioned,MW-YARD,,,,,08/26/2026 01:32:37
MWYARD-DEV-0051,990000001000711,GPS,Certification GPS-500,OpsTrax Certification Lab,1.0.0,Active,Provisioned,MW-YARD,,,,,08/26/2026 01:32:37
MWYARD-DEV-0052,990000001000712,GPS,Certification GPS-500,OpsTrax Certification Lab,1.1.1,Active,Provisioned,MW-YARD,,,,,08/26/2026 01:32:37
MWYARD-DEV-0053,990000001000713,GPS,Certification GPS-500,OpsTrax Certification Lab,1.2.2,Active,Provisioned,MW-YARD,,,,,08/26/2026 01:32:37
MWYARD-DEV-0054,990000001000714,GPS,Certification GPS-500,OpsTrax Certification Lab,1.3.3,Active,Provisioned,MW-YARD,,,,,08/26/2026 01:32:37
MWYARD-DEV-0055,990000001000715,GPS,Certification GPS-500,OpsTrax Certification Lab,1.4.4,Active,Provisioned,MW-YARD,,,,,08/26/2026 01:32:37
MWYARD-DEV-0056,990000001000716,GPS,Certification GPS-500,OpsTrax Certification Lab,1.0.5,Active,Provisioned,MW-YARD,,,,,08/26/2026 01:32:37
MWYARD-DEV-0057,990000001000717,GPS,Certification GPS-500,OpsTrax Certification Lab,1.1.6,Active,Provisioned,MW-YARD,,,,,08/26/2026 01:32:37
MWYARD-DEV-0058,990000001000718,GPS,Certification GPS-500,OpsTrax Certification Lab,1.2.7,Active,Provisioned,MW-YARD,,,,,08/26/2026 01:32:37
MWYARD-DEV-0059,990000001000719,GPS,Certification GPS-500,OpsTrax Certification Lab,1.3.8,Active,Provisioned,MW-YARD,,,,,08/26/2026 01:32:37
MWYARD-DEV-0060,990000001000720,GPS,Certification GPS-500,OpsTrax Certification Lab,1.4.9,Active,Provisioned,MW-YARD,,,,,08/26/2026 01:32:37
MWYARD-DEV-0061,990000001000721,GPS,Certification GPS-500,OpsTrax Certification Lab,1.0.0,Active,Provisioned,MW-YARD,,,,,08/26/2026 01:32:37
MWYARD-DEV-0062,990000001000722,GPS,Certification GPS-500,OpsTrax Certification Lab,1.1.1,Active,Provisioned,MW-YARD,,,,,08/26/2026 01:32:37
MWYARD-DEV-0063,990000001000723,GPS,Certification GPS-500,OpsTrax Certification Lab,1.2.2,Active,Provisioned,MW-YARD,,,,,08/26/2026 01:32:37
MWYARD-DEV-0064,990000001000724,GPS,Certification GPS-500,OpsTrax Certification Lab,1.3.3,Active,Provisioned,MW-YARD,,,,,08/26/2026 01:32:37
MWYARD-DEV-0065,990000001000725,GPS,Certification GPS-500,OpsTrax Certification Lab,1.4.4,Active,Provisioned,MW-YARD,,,,,08/26/2026 01:32:37
MWYARD-DEV-0066,990000001000726,GPS,Certification GPS-500,OpsTrax Certification Lab,1.0.5,Active,Provisioned,MW-YARD,,,,,08/26/2026 01:32:37
MWYARD-DEV-0067,990000001000727,GPS,Certification GPS-500,OpsTrax Certification Lab,1.1.6,Active,Provisioned,MW-YARD,,,,,08/26/2026 01:32:37
MWYARD-DEV-0068,990000001000728,GPS,Certification GPS-500,OpsTrax Certification Lab,1.2.7,Active,Provisioned,MW-YARD,,,,,08/26/2026 01:32:37
MWYARD-DEV-0069,990000001000729,GPS,Certification GPS-500,OpsTrax Certification Lab,1.3.8,Active,Provisioned,MW-YARD,,,,,08/26/2026 01:32:37
MWYARD-DEV-0070,990000001000730,GPS,Certification GPS-500,OpsTrax Certification Lab,1.4.9,Active,Provisioned,MW-YARD,,,,,08/26/2026 01:32:37
MWYARD-DEV-0071,990000001000731,GPS,Certification GPS-500,OpsTrax Certification Lab,1.0.0,Active,Provisioned,MW-YARD,,,,,08/26/2026 01:32:37
MWYARD-DEV-0072,990000001000732,GPS,Certification GPS-500,OpsTrax Certification Lab,1.1.1,Active,Provisioned,MW-YARD,,,,,08/26/2026 01:32:37
MWYARD-DEV-0073,990000001000733,GPS,Certification GPS-500,OpsTrax Certification Lab,1.2.2,Active,Provisioned,MW-YARD,,,,,08/26/2026 01:32:37
MWYARD-DEV-0074,990000001000734,GPS,Certification GPS-500,OpsTrax Certification Lab,1.3.3,Active,Provisioned,MW-YARD,,,,,08/26/2026 01:32:37
MWYARD-DEV-0075,990000001000735,GPS,Certification GPS-500,OpsTrax Certification Lab,1.4.4,Active,Provisioned,MW-YARD,,,,,08/26/2026 01:32:37
MWYARD-DEV-0076,990000001000736,GPS,Certification GPS-500,OpsTrax Certification Lab,1.0.5,Active,Provisioned,MW-YARD,,,,,08/26/2026 01:32:37
MWYARD-DEV-0077,990000001000737,GPS,Certification GPS-500,OpsTrax Certification Lab,1.1.6,Active,Provisioned,MW-YARD,,,,,08/26/2026 01:32:37
MWYARD-DEV-0078,990000001000738,GPS,Certification GPS-500,OpsTrax Certification Lab,1.2.7,Active,Provisioned,MW-YARD,,,,,08/26/2026 01:32:37
MWYARD-DEV-0079,990000001000739,GPS,Certification GPS-500,OpsTrax Certification Lab,1.3.8,Active,Provisioned,MW-YARD,,,,,08/26/2026 01:32:37
MWYARD-DEV-0080,990000001000740,GPS,Certification GPS-500,OpsTrax Certification Lab,1.4.9,Active,Provisioned,MW-YARD,,,,,08/26/2026 01:32:37
MWYARD-DEV-0081,990000001000741,GPS,Certification GPS-500,OpsTrax Certification Lab,1.0.0,Active,Provisioned,MW-YARD,,,,,08/26/2026 01:32:37
MWYARD-DEV-0082,990000001000742,GPS,Certification GPS-500,OpsTrax Certification Lab,1.1.1,Active,Provisioned,MW-YARD,,,,,08/26/2026 01:32:37
MWYARD-DEV-0083,990000001000743,GPS,Certification GPS-500,OpsTrax Certification Lab,1.2.2,Active,Provisioned,MW-YARD,,,,,08/26/2026 01:32:37
MWYARD-DEV-0084,990000001000744,GPS,Certification GPS-500,OpsTrax Certification Lab,1.3.3,Active,Provisioned,MW-YARD,,,,,08/26/2026 01:32:37
MWYARD-DEV-0085,990000001000745,GPS,Certification GPS-500,OpsTrax Certification Lab,1.4.4,Active,Provisioned,MW-YARD,,,,,08/26/2026 01:32:37
MWYARD-DEV-0086,990000001000746,GPS,Certification GPS-500,OpsTrax Certification Lab,1.0.5,Active,Provisioned,MW-YARD,,,,,08/26/2026 01:32:37
MWYARD-DEV-0087,990000001000747,GPS,Certification GPS-500,OpsTrax Certification Lab,1.1.6,Active,Provisioned,MW-YARD,,,,,08/26/2026 01:32:37
MWYARD-DEV-0088,990000001000748,GPS,Certification GPS-500,OpsTrax Certification Lab,1.2.7,Active,Provisioned,MW-YARD,,,,,08/26/2026 01:32:37
MWYARD-DEV-0089,990000001000749,GPS,Certification GPS-500,OpsTrax Certification Lab,1.3.8,Active,Provisioned,MW-YARD,,,,,08/26/2026 01:32:37
MWYARD-DEV-0090,990000001000750,GPS,Certification GPS-500,OpsTrax Certification Lab,1.4.9,Active,Provisioned,MW-YARD,,,,,08/26/2026 01:32:37
MWYARD-DEV-0091,990000001000751,GPS,Certification GPS-500,OpsTrax Certification Lab,1.0.0,Active,Provisioned,MW-YARD,,,,,08/26/2026 01:32:37
MWYARD-DEV-0092,990000001000752,GPS,Certification GPS-500,OpsTrax Certification Lab,1.1.1,Active,Provisioned,MW-YARD,,,,,08/26/2026 01:32:37
MWYARD-DEV-0093,990000001000753,GPS,Certification GPS-500,OpsTrax Certification Lab,1.2.2,Active,Provisioned,MW-YARD,,,,,08/26/2026 01:32:37
MWYARD-DEV-0094,990000001000754,GPS,Certification GPS-500,OpsTrax Certification Lab,1.3.3,Active,Provisioned,MW-YARD,,,,,08/26/2026 01:32:37
MWYARD-DEV-0095,990000001000755,GPS,Certification GPS-500,OpsTrax Certification Lab,1.4.4,Active,Provisioned,MW-YARD,,,,,08/26/2026 01:32:37
MWYARD-DEV-0096,990000001000756,GPS,Certification GPS-500,OpsTrax Certification Lab,1.0.5,Active,Provisioned,MW-YARD,,,,,08/26/2026 01:32:37
MWYARD-DEV-0097,990000001000757,GPS,Certification GPS-500,OpsTrax Certification Lab,1.1.6,Active,Provisioned,MW-YARD,,,,,08/26/2026 01:32:37
MWYARD-DEV-0098,990000001000758,GPS,Certification GPS-500,OpsTrax Certification Lab,1.2.7,Active,Provisioned,MW-YARD,,,,,08/26/2026 01:32:37
MWYARD-DEV-0099,990000001000759,GPS,Certification GPS-500,OpsTrax Certification Lab,1.3.8,Active,Provisioned,MW-YARD,,,,,08/26/2026 01:32:37
MWYARD-DEV-0100,990000001000760,GPS,Certification GPS-500,OpsTrax Certification Lab,1.4.9,Active,Provisioned,MW-YARD,,,,,08/26/2026 01:32:37
MWYARD-DEV-0101,990000001000761,GPS,Certification GPS-500,OpsTrax Certification Lab,1.0.0,Active,Provisioned,MW-YARD,,,,,08/26/2026 01:32:37
MWYARD-DEV-0102,990000001000762,GPS,Certification GPS-500,OpsTrax Certification Lab,1.1.1,Active,Provisioned,MW-YARD,,,,,08/26/2026 01:32:37
MWYARD-DEV-0103,990000001000763,GPS,Certification GPS-500,OpsTrax Certification Lab,1.2.2,Active,Provisioned,MW-YARD,,,,,08/26/2026 01:32:37
MWYARD-DEV-0104,990000001000764,GPS,Certification GPS-500,OpsTrax Certification Lab,1.3.3,Active,Provisioned,MW-YARD,,,,,08/26/2026 01:32:37
MWYARD-DEV-0105,990000001000765,GPS,Certification GPS-500,OpsTrax Certification Lab,1.4.4,Active,Provisioned,MW-YARD,,,,,08/26/2026 01:32:37
MWYARD-DEV-0106,990000001000766,GPS,Certification GPS-500,OpsTrax Certification Lab,1.0.5,Active,Provisioned,MW-YARD,,,,,08/26/2026 01:32:37
MWYARD-DEV-0107,990000001000767,GPS,Certification GPS-500,OpsTrax Certification Lab,1.1.6,Active,Provisioned,MW-YARD,,,,,08/26/2026 01:32:37
MWYARD-DEV-0108,990000001000768,GPS,Certification GPS-500,OpsTrax Certification Lab,1.2.7,Active,Provisioned,MW-YARD,,,,,08/26/2026 01:32:37
MWYARD-DEV-0109,990000001000769,GPS,Certification GPS-500,OpsTrax Certification Lab,1.3.8,Active,Provisioned,MW-YARD,,,,,08/26/2026 01:32:37
MWYARD-DEV-0110,990000001000770,GPS,Certification GPS-500,OpsTrax Certification Lab,1.4.9,Active,Provisioned,MW-YARD,,,,,08/26/2026 01:32:37
MWYARD-DEV-0111,990000001000771,GPS,Certification GPS-500,OpsTrax Certification Lab,1.0.0,Active,Provisioned,MW-YARD,,,,,08/26/2026 01:32:37
MWYARD-DEV-0112,990000001000772,GPS,Certification GPS-500,OpsTrax Certification Lab,1.1.1,Active,Provisioned,MW-YARD,,,,,08/26/2026 01:32:37
MWYARD-DEV-0113,990000001000773,GPS,Certification GPS-500,OpsTrax Certification Lab,1.2.2,Active,Provisioned,MW-YARD,,,,,08/26/2026 01:32:37
MWYARD-DEV-0114,990000001000774,GPS,Certification GPS-500,OpsTrax Certification Lab,1.3.3,Active,Provisioned,MW-YARD,,,,,08/26/2026 01:32:37
MWYARD-DEV-0115,990000001000775,GPS,Certification GPS-500,OpsTrax Certification Lab,1.4.4,Active,Provisioned,MW-YARD,,,,,08/26/2026 01:32:37
MWYARD-DEV-0116,990000001000776,GPS,Certification GPS-500,OpsTrax Certification Lab,1.0.5,Active,Provisioned,MW-YARD,,,,,08/26/2026 01:32:37
MWYARD-DEV-0117,990000001000777,GPS,Certification GPS-500,OpsTrax Certification Lab,1.1.6,Active,Provisioned,MW-YARD,,,,,08/26/2026 01:32:37
MWYARD-DEV-0118,990000001000778,GPS,Certification GPS-500,OpsTrax Certification Lab,1.2.7,Active,Provisioned,MW-YARD,,,,,08/26/2026 01:32:37
MWYARD-DEV-0119,990000001000779,GPS,Certification GPS-500,OpsTrax Certification Lab,1.3.8,Active,Provisioned,MW-YARD,,,,,08/26/2026 01:32:37
MWYARD-DEV-0120,990000001000780,GPS,Certification GPS-500,OpsTrax Certification Lab,1.4.9,Active,Provisioned,MW-YARD,,,,,08/26/2026 01:32:37
MWYARD-DEV-0121,990000001000781,GPS,Certification GPS-500,OpsTrax Certification Lab,1.0.0,Active,Provisioned,MW-YARD,,,,,08/26/2026 01:32:37
MWYARD-DEV-0122,990000001000782,GPS,Certification GPS-500,OpsTrax Certification Lab,1.1.1,Active,Provisioned,MW-YARD,,,,,08/26/2026 01:32:37
MWYARD-DEV-0123,990000001000783,GPS,Certification GPS-500,OpsTrax Certification Lab,1.2.2,Active,Provisioned,MW-YARD,,,,,08/26/2026 01:32:37
MWYARD-DEV-0124,990000001000784,GPS,Certification GPS-500,OpsTrax Certification Lab,1.3.3,Active,Provisioned,MW-YARD,,,,,08/26/2026 01:32:37
MWYARD-DEV-0125,990000001000785,GPS,Certification GPS-500,OpsTrax Certification Lab,1.4.4,Active,Provisioned,MW-YARD,,,,,08/26/2026 01:32:37
MWYARD-DEV-0126,990000001000786,GPS,Certification GPS-500,OpsTrax Certification Lab,1.0.5,Active,Provisioned,MW-YARD,,,,,08/26/2026 01:32:37
MWYARD-DEV-0127,990000001000787,GPS,Certification GPS-500,OpsTrax Certification Lab,1.1.6,Active,Provisioned,MW-YARD,,,,,08/26/2026 01:32:37
MWYARD-DEV-0128,990000001000788,GPS,Certification GPS-500,OpsTrax Certification Lab,1.2.7,Active,Provisioned,MW-YARD,,,,,08/26/2026 01:32:37
MWYARD-DEV-0129,990000001000789,GPS,Certification GPS-500,OpsTrax Certification Lab,1.3.8,Active,Provisioned,MW-YARD,,,,,08/26/2026 01:32:37
MWYARD-DEV-0130,990000001000790,GPS,Certification GPS-500,OpsTrax Certification Lab,1.4.9,Active,Provisioned,MW-YARD,,,,,08/26/2026 01:32:37
MWYARD-DEV-0131,990000001000791,GPS,Certification GPS-500,OpsTrax Certification Lab,1.0.0,Active,Provisioned,MW-YARD,,,,,08/26/2026 01:32:37
MWYARD-DEV-0132,990000001000792,GPS,Certification GPS-500,OpsTrax Certification Lab,1.1.1,Active,Provisioned,MW-YARD,,,,,08/26/2026 01:32:37
MWYARD-DEV-0133,990000001000793,GPS,Certification GPS-500,OpsTrax Certification Lab,1.2.2,Active,Provisioned,MW-YARD,,,,,08/26/2026 01:32:37
MWYARD-DEV-0134,990000001000794,GPS,Certification GPS-500,OpsTrax Certification Lab,1.3.3,Active,Provisioned,MW-YARD,,,,,08/26/2026 01:32:37
MWYARD-DEV-0135,990000001000795,GPS,Certification GPS-500,OpsTrax Certification Lab,1.4.4,Active,Provisioned,MW-YARD,,,,,08/26/2026 01:32:37
MWYARD-DEV-0136,990000001000796,GPS,Certification GPS-500,OpsTrax Certification Lab,1.0.5,Active,Provisioned,MW-YARD,,,,,08/26/2026 01:32:37
MWYARD-DEV-0137,990000001000797,GPS,Certification GPS-500,OpsTrax Certification Lab,1.1.6,Active,Provisioned,MW-YARD,,,,,08/26/2026 01:32:37
MWYARD-DEV-0138,990000001000798,GPS,Certification GPS-500,OpsTrax Certification Lab,1.2.7,Active,Provisioned,MW-YARD,,,,,08/26/2026 01:32:37
MWYARD-DEV-0139,990000001000799,GPS,Certification GPS-500,OpsTrax Certification Lab,1.3.8,Active,Provisioned,MW-YARD,,,,,08/26/2026 01:32:37
MWYARD-DEV-0140,990000001000800,GPS,Certification GPS-500,OpsTrax Certification Lab,1.4.9,Active,Provisioned,MW-YARD,,,,,08/26/2026 01:32:37
MWYARD-DEV-0141,990000001000801,GPS,Certification GPS-500,OpsTrax Certification Lab,1.0.0,Active,Provisioned,MW-YARD,,,,,08/26/2026 01:32:37
MWYARD-DEV-0142,990000001000802,GPS,Certification GPS-500,OpsTrax Certification Lab,1.1.1,Active,Provisioned,MW-YARD,,,,,08/26/2026 01:32:37
MWYARD-DEV-0143,990000001000803,GPS,Certification GPS-500,OpsTrax Certification Lab,1.2.2,Active,Provisioned,MW-YARD,,,,,08/26/2026 01:32:37
MWYARD-DEV-0144,990000001000804,GPS,Certification GPS-500,OpsTrax Certification Lab,1.3.3,Active,Provisioned,MW-YARD,,,,,08/26/2026 01:32:37
MWYARD-DEV-0145,990000001000805,GPS,Certification GPS-500,OpsTrax Certification Lab,1.4.4,Active,Provisioned,MW-YARD,,,,,08/26/2026 01:32:37
MWYARD-DEV-0146,990000001000806,GPS,Certification GPS-500,OpsTrax Certification Lab,1.0.5,Active,Provisioned,MW-YARD,,,,,08/26/2026 01:32:37
MWYARD-DEV-0147,990000001000807,GPS,Certification GPS-500,OpsTrax Certification Lab,1.1.6,Active,Provisioned,MW-YARD,,,,,08/26/2026 01:32:37
MWYARD-DEV-0148,990000001000808,GPS,Certification GPS-500,OpsTrax Certification Lab,1.2.7,Active,Provisioned,MW-YARD,,,,,08/26/2026 01:32:37
MWYARD-DEV-0149,990000001000809,GPS,Certification GPS-500,OpsTrax Certification Lab,1.3.8,Active,Provisioned,MW-YARD,,,,,08/26/2026 01:32:37
MWYARD-DEV-0150,990000001000810,GPS,Certification GPS-500,OpsTrax Certification Lab,1.4.9,Active,Provisioned,MW-YARD,,,,,08/26/2026 01:32:37
MWYARD-DEV-0151,990000001000811,GPS,Certification GPS-500,OpsTrax Certification Lab,1.0.0,Active,Provisioned,MW-YARD,,,,,08/26/2026 01:32:37
MWYARD-DEV-0152,990000001000812,GPS,Certification GPS-500,OpsTrax Certification Lab,1.1.1,Active,Provisioned,MW-YARD,,,,,08/26/2026 01:32:37
MWYARD-DEV-0153,990000001000813,GPS,Certification GPS-500,OpsTrax Certification Lab,1.2.2,Active,Provisioned,MW-YARD,,,,,08/26/2026 01:32:37
MWYARD-DEV-0154,990000001000814,GPS,Certification GPS-500,OpsTrax Certification Lab,1.3.3,Active,Provisioned,MW-YARD,,,,,08/26/2026 01:32:37
MWYARD-DEV-0155,990000001000815,GPS,Certification GPS-500,OpsTrax Certification Lab,1.4.4,Active,Provisioned,MW-YARD,,,,,08/26/2026 01:32:37
MWYARD-DEV-0156,990000001000816,GPS,Certification GPS-500,OpsTrax Certification Lab,1.0.5,Active,Provisioned,MW-YARD,,,,,08/26/2026 01:32:37
MWYARD-DEV-0157,990000001000817,GPS,Certification GPS-500,OpsTrax Certification Lab,1.1.6,Active,Provisioned,MW-YARD,,,,,08/26/2026 01:32:37
MWYARD-DEV-0158,990000001000818,GPS,Certification GPS-500,OpsTrax Certification Lab,1.2.7,Active,Provisioned,MW-YARD,,,,,08/26/2026 01:32:37
MWYARD-DEV-0159,990000001000819,GPS,Certification GPS-500,OpsTrax Certification Lab,1.3.8,Active,Provisioned,MW-YARD,,,,,08/26/2026 01:32:37
MWYARD-DEV-0160,990000001000820,GPS,Certification GPS-500,OpsTrax Certification Lab,1.4.9,Active,Provisioned,MW-YARD,,,,,08/26/2026 01:32:37
MWYARD-DEV-0161,990000001000821,GPS,Certification GPS-500,OpsTrax Certification Lab,1.0.0,Active,Provisioned,MW-YARD,,,,,08/26/2026 01:32:37
MWYARD-DEV-0162,990000001000822,GPS,Certification GPS-500,OpsTrax Certification Lab,1.1.1,Active,Provisioned,MW-YARD,,,,,08/26/2026 01:32:37
MWYARD-DEV-0163,990000001000823,GPS,Certification GPS-500,OpsTrax Certification Lab,1.2.2,Active,Provisioned,MW-YARD,,,,,08/26/2026 01:32:37
MWYARD-DEV-0164,990000001000824,GPS,Certification GPS-500,OpsTrax Certification Lab,1.3.3,Active,Provisioned,MW-YARD,,,,,08/26/2026 01:32:37
MWYARD-DEV-0165,990000001000825,GPS,Certification GPS-500,OpsTrax Certification Lab,1.4.4,Active,Provisioned,MW-YARD,,,,,08/26/2026 01:32:37
MWYARD-DEV-0166,990000001000826,GPS,Certification GPS-500,OpsTrax Certification Lab,1.0.5,Active,Provisioned,MW-YARD,,,,,08/26/2026 01:32:37
MWYARD-DEV-0167,990000001000827,GPS,Certification GPS-500,OpsTrax Certification Lab,1.1.6,Active,Provisioned,MW-YARD,,,,,08/26/2026 01:32:37
MWYARD-DEV-0168,990000001000828,GPS,Certification GPS-500,OpsTrax Certification Lab,1.2.7,Active,Provisioned,MW-YARD,,,,,08/26/2026 01:32:37
MWYARD-DEV-0169,990000001000829,GPS,Certification GPS-500,OpsTrax Certification Lab,1.3.8,Active,Provisioned,MW-YARD,,,,,08/26/2026 01:32:37
MWYARD-DEV-0170,990000001000830,GPS,Certification GPS-500,OpsTrax Certification Lab,1.4.9,Active,Provisioned,MW-YARD,,,,,08/26/2026 01:32:37
MWYARD-DEV-0171,990000001000831,GPS,Certification GPS-500,OpsTrax Certification Lab,1.0.0,Active,Provisioned,MW-YARD,,,,,08/26/2026 01:32:37
MWYARD-DEV-0172,990000001000832,GPS,Certification GPS-500,OpsTrax Certification Lab,1.1.1,Active,Provisioned,MW-YARD,,,,,08/26/2026 01:32:37
MWYARD-DEV-0173,990000001000833,GPS,Certification GPS-500,OpsTrax Certification Lab,1.2.2,Active,Provisioned,MW-YARD,,,,,08/26/2026 01:32:37
MWYARD-DEV-0174,990000001000834,GPS,Certification GPS-500,OpsTrax Certification Lab,1.3.3,Active,Provisioned,MW-YARD,,,,,08/26/2026 01:32:37
MWYARD-DEV-0175,990000001000835,GPS,Certification GPS-500,OpsTrax Certification Lab,1.4.4,Active,Provisioned,MW-YARD,,,,,08/26/2026 01:32:37
MWYARD-DEV-0176,990000001000836,GPS,Certification GPS-500,OpsTrax Certification Lab,1.0.5,Active,Provisioned,MW-YARD,,,,,08/26/2026 01:32:37
MWYARD-DEV-0177,990000001000837,GPS,Certification GPS-500,OpsTrax Certification Lab,1.1.6,Active,Provisioned,MW-YARD,,,,,08/26/2026 01:32:37
MWYARD-DEV-0178,990000001000838,GPS,Certification GPS-500,OpsTrax Certification Lab,1.2.7,Active,Provisioned,MW-YARD,,,,,08/26/2026 01:32:37
MWYARD-DEV-0179,990000001000839,GPS,Certification GPS-500,OpsTrax Certification Lab,1.3.8,Active,Provisioned,MW-YARD,,,,,08/26/2026 01:32:37
MWYARD-DEV-0180,990000001000840,GPS,Certification GPS-500,OpsTrax Certification Lab,1.4.9,Active,Provisioned,MW-YARD,,,,,08/26/2026 01:32:37
MWYARD-DEV-0181,990000001000841,GPS,Certification GPS-500,OpsTrax Certification Lab,1.0.0,Active,Provisioned,MW-YARD,,,,,08/26/2026 01:32:37
MWYARD-DEV-0182,990000001000842,GPS,Certification GPS-500,OpsTrax Certification Lab,1.1.1,Active,Provisioned,MW-YARD,,,,,08/26/2026 01:32:37
MWYARD-DEV-0183,990000001000843,GPS,Certification GPS-500,OpsTrax Certification Lab,1.2.2,Active,Provisioned,MW-YARD,,,,,08/26/2026 01:32:37
MWYARD-DEV-0184,990000001000844,GPS,Certification GPS-500,OpsTrax Certification Lab,1.3.3,Active,Provisioned,MW-YARD,,,,,08/26/2026 01:32:37
MWYARD-DEV-0185,990000001000845,GPS,Certification GPS-500,OpsTrax Certification Lab,1.4.4,Active,Provisioned,MW-YARD,,,,,08/26/2026 01:32:37
MWYARD-DEV-0186,990000001000846,GPS,Certification GPS-500,OpsTrax Certification Lab,1.0.5,Active,Provisioned,MW-YARD,,,,,08/26/2026 01:32:37
MWYARD-DEV-0187,990000001000847,GPS,Certification GPS-500,OpsTrax Certification Lab,1.1.6,Active,Provisioned,MW-YARD,,,,,08/26/2026 01:32:37
MWYARD-DEV-0188,990000001000848,GPS,Certification GPS-500,OpsTrax Certification Lab,1.2.7,Active,Provisioned,MW-YARD,,,,,08/26/2026 01:32:37
MWYARD-DEV-0189,990000001000849,GPS,Certification GPS-500,OpsTrax Certification Lab,1.3.8,Active,Provisioned,MW-YARD,,,,,08/26/2026 01:32:37
MWYARD-DEV-0190,990000001000850,GPS,Certification GPS-500,OpsTrax Certification Lab,1.4.9,Active,Provisioned,MW-YARD,,,,,08/26/2026 01:32:37
MWYARD-DEV-0191,990000001000851,GPS,Certification GPS-500,OpsTrax Certification Lab,1.0.0,Active,Provisioned,MW-YARD,,,,,08/26/2026 01:32:37
MWYARD-DEV-0192,990000001000852,GPS,Certification GPS-500,OpsTrax Certification Lab,1.1.1,Active,Provisioned,MW-YARD,,,,,08/26/2026 01:32:37
MWYARD-DEV-0193,990000001000853,GPS,Certification GPS-500,OpsTrax Certification Lab,1.2.2,Active,Provisioned,MW-YARD,,,,,08/26/2026 01:32:37
MWYARD-DEV-0194,990000001000854,GPS,Certification GPS-500,OpsTrax Certification Lab,1.3.3,Active,Provisioned,MW-YARD,,,,,08/26/2026 01:32:37
MWYARD-DEV-0195,990000001000855,GPS,Certification GPS-500,OpsTrax Certification Lab,1.4.4,Active,Provisioned,MW-YARD,,,,,08/26/2026 01:32:37
MWYARD-DEV-0196,990000001000856,GPS,Certification GPS-500,OpsTrax Certification Lab,1.0.5,Active,Provisioned,MW-YARD,,,,,08/26/2026 01:32:37
MWYARD-DEV-0197,990000001000857,GPS,Certification GPS-500,OpsTrax Certification Lab,1.1.6,Active,Provisioned,MW-YARD,,,,,08/26/2026 01:32:37
MWYARD-DEV-0198,990000001000858,GPS,Certification GPS-500,OpsTrax Certification Lab,1.2.7,Active,Provisioned,MW-YARD,,,,,08/26/2026 01:32:37
MWYARD-DEV-0199,990000001000859,GPS,Certification GPS-500,OpsTrax Certification Lab,1.3.8,Active,Provisioned,MW-YARD,,,,,08/26/2026 01:32:37
MWYARD-DEV-0200,990000001000860,GPS,Certification GPS-500,OpsTrax Certification Lab,1.4.9,Active,Provisioned,MW-YARD,,,,,08/26/2026 01:32:37
MWYARD-DEV-0201,990000001000861,ELD,Certification ELD-200,OpsTrax Certification Lab,1.0.0,Active,Provisioned,MW-YARD,,,,,08/26/2026 01:32:37
MWYARD-DEV-0202,990000001000862,ELD,Certification ELD-200,OpsTrax Certification Lab,1.1.1,Active,Provisioned,MW-YARD,,,,,08/26/2026 01:32:37
MWYARD-DEV-0203,990000001000863,ELD,Certification ELD-200,OpsTrax Certification Lab,1.2.2,Active,Provisioned,MW-YARD,,,,,08/26/2026 01:32:37
MWYARD-DEV-0204,990000001000864,ELD,Certification ELD-200,OpsTrax Certification Lab,1.3.3,Active,Provisioned,MW-YARD,,,,,08/26/2026 01:32:37
MWYARD-DEV-0205,990000001000865,ELD,Certification ELD-200,OpsTrax Certification Lab,1.4.4,Active,Provisioned,MW-YARD,,,,,08/26/2026 01:32:37
MWYARD-DEV-0206,990000001000866,ELD,Certification ELD-200,OpsTrax Certification Lab,1.0.5,Active,Provisioned,MW-YARD,,,,,08/26/2026 01:32:37
MWYARD-DEV-0207,990000001000867,ELD,Certification ELD-200,OpsTrax Certification Lab,1.1.6,Active,Provisioned,MW-YARD,,,,,08/26/2026 01:32:37
MWYARD-DEV-0208,990000001000868,ELD,Certification ELD-200,OpsTrax Certification Lab,1.2.7,Active,Provisioned,MW-YARD,,,,,08/26/2026 01:32:37
MWYARD-DEV-0209,990000001000869,ELD,Certification ELD-200,OpsTrax Certification Lab,1.3.8,Active,Provisioned,MW-YARD,,,,,08/26/2026 01:32:37
MWYARD-DEV-0210,990000001000870,ELD,Certification ELD-200,OpsTrax Certification Lab,1.4.9,Active,Provisioned,MW-YARD,,,,,08/26/2026 01:32:37
MWYARD-DEV-0211,990000001000871,ELD,Certification ELD-200,OpsTrax Certification Lab,1.0.0,Active,Provisioned,MW-YARD,,,,,08/26/2026 01:32:37
MWYARD-DEV-0212,990000001000872,ELD,Certification ELD-200,OpsTrax Certification Lab,1.1.1,Active,Provisioned,MW-YARD,,,,,08/26/2026 01:32:37
MWYARD-DEV-0213,990000001000873,ELD,Certification ELD-200,OpsTrax Certification Lab,1.2.2,Active,Provisioned,MW-YARD,,,,,08/26/2026 01:32:37
MWYARD-DEV-0214,990000001000874,ELD,Certification ELD-200,OpsTrax Certification Lab,1.3.3,Active,Provisioned,MW-YARD,,,,,08/26/2026 01:32:37
MWYARD-DEV-0215,990000001000875,ELD,Certification ELD-200,OpsTrax Certification Lab,1.4.4,Active,Provisioned,MW-YARD,,,,,08/26/2026 01:32:37
MWYARD-DEV-0216,990000001000876,ELD,Certification ELD-200,OpsTrax Certification Lab,1.0.5,Active,Provisioned,MW-YARD,,,,,08/26/2026 01:32:37
MWYARD-DEV-0217,990000001000877,ELD,Certification ELD-200,OpsTrax Certification Lab,1.1.6,Active,Provisioned,MW-YARD,,,,,08/26/2026 01:32:37
MWYARD-DEV-0218,990000001000878,ELD,Certification ELD-200,OpsTrax Certification Lab,1.2.7,Active,Provisioned,MW-YARD,,,,,08/26/2026 01:32:37
MWYARD-DEV-0219,990000001000879,ELD,Certification ELD-200,OpsTrax Certification Lab,1.3.8,Active,Provisioned,MW-YARD,,,,,08/26/2026 01:32:37
MWYARD-DEV-0220,990000001000880,ELD,Certification ELD-200,OpsTrax Certification Lab,1.4.9,Active,Provisioned,MW-YARD,,,,,08/26/2026 01:32:37
NEHUB-DEV-0001,990000001000221,GPS,Certification GPS-500,OpsTrax Certification Lab,1.0.0,Active,Provisioned,NE-HUB,,,,,08/26/2026 01:22:33
NEHUB-DEV-0002,990000001000222,GPS,Certification GPS-500,OpsTrax Certification Lab,1.1.1,Active,Provisioned,NE-HUB,,,,,08/26/2026 01:22:33
NEHUB-DEV-0003,990000001000223,GPS,Certification GPS-500,OpsTrax Certification Lab,1.2.2,Active,Provisioned,NE-HUB,,,,,08/26/2026 01:22:33
NEHUB-DEV-0004,990000001000224,GPS,Certification GPS-500,OpsTrax Certification Lab,1.3.3,Active,Provisioned,NE-HUB,,,,,08/26/2026 01:22:33
NEHUB-DEV-0005,990000001000225,GPS,Certification GPS-500,OpsTrax Certification Lab,1.4.4,Active,Provisioned,NE-HUB,,,,,08/26/2026 01:22:33
NEHUB-DEV-0006,990000001000226,GPS,Certification GPS-500,OpsTrax Certification Lab,1.0.5,Active,Provisioned,NE-HUB,,,,,08/26/2026 01:22:33
NEHUB-DEV-0007,990000001000227,GPS,Certification GPS-500,OpsTrax Certification Lab,1.1.6,Active,Provisioned,NE-HUB,,,,,08/26/2026 01:22:33
NEHUB-DEV-0008,990000001000228,GPS,Certification GPS-500,OpsTrax Certification Lab,1.2.7,Active,Provisioned,NE-HUB,,,,,08/26/2026 01:22:33
NEHUB-DEV-0009,990000001000229,GPS,Certification GPS-500,OpsTrax Certification Lab,1.3.8,Active,Provisioned,NE-HUB,,,,,08/26/2026 01:22:33
NEHUB-DEV-0010,990000001000230,GPS,Certification GPS-500,OpsTrax Certification Lab,1.4.9,Active,Provisioned,NE-HUB,,,,,08/26/2026 01:22:33
NEHUB-DEV-0011,990000001000231,GPS,Certification GPS-500,OpsTrax Certification Lab,1.0.0,Active,Provisioned,NE-HUB,,,,,08/26/2026 01:22:33
NEHUB-DEV-0012,990000001000232,GPS,Certification GPS-500,OpsTrax Certification Lab,1.1.1,Active,Provisioned,NE-HUB,,,,,08/26/2026 01:22:33
NEHUB-DEV-0013,990000001000233,GPS,Certification GPS-500,OpsTrax Certification Lab,1.2.2,Active,Provisioned,NE-HUB,,,,,08/26/2026 01:22:33
NEHUB-DEV-0014,990000001000234,GPS,Certification GPS-500,OpsTrax Certification Lab,1.3.3,Active,Provisioned,NE-HUB,,,,,08/26/2026 01:22:33
NEHUB-DEV-0015,990000001000235,GPS,Certification GPS-500,OpsTrax Certification Lab,1.4.4,Active,Provisioned,NE-HUB,,,,,08/26/2026 01:22:33
NEHUB-DEV-0016,990000001000236,GPS,Certification GPS-500,OpsTrax Certification Lab,1.0.5,Active,Provisioned,NE-HUB,,,,,08/26/2026 01:22:33
NEHUB-DEV-0017,990000001000237,GPS,Certification GPS-500,OpsTrax Certification Lab,1.1.6,Active,Provisioned,NE-HUB,,,,,08/26/2026 01:22:33
NEHUB-DEV-0018,990000001000238,GPS,Certification GPS-500,OpsTrax Certification Lab,1.2.7,Active,Provisioned,NE-HUB,,,,,08/26/2026 01:22:33
NEHUB-DEV-0019,990000001000239,GPS,Certification GPS-500,OpsTrax Certification Lab,1.3.8,Active,Provisioned,NE-HUB,,,,,08/26/2026 01:22:33
NEHUB-DEV-0020,990000001000240,GPS,Certification GPS-500,OpsTrax Certification Lab,1.4.9,Active,Provisioned,NE-HUB,,,,,08/26/2026 01:22:33
NEHUB-DEV-0021,990000001000241,GPS,Certification GPS-500,OpsTrax Certification Lab,1.0.0,Active,Provisioned,NE-HUB,,,,,08/26/2026 01:22:33
NEHUB-DEV-0022,990000001000242,GPS,Certification GPS-500,OpsTrax Certification Lab,1.1.1,Active,Provisioned,NE-HUB,,,,,08/26/2026 01:22:33
NEHUB-DEV-0023,990000001000243,GPS,Certification GPS-500,OpsTrax Certification Lab,1.2.2,Active,Provisioned,NE-HUB,,,,,08/26/2026 01:22:33
NEHUB-DEV-0024,990000001000244,GPS,Certification GPS-500,OpsTrax Certification Lab,1.3.3,Active,Provisioned,NE-HUB,,,,,08/26/2026 01:22:33
NEHUB-DEV-0025,990000001000245,GPS,Certification GPS-500,OpsTrax Certification Lab,1.4.4,Active,Provisioned,NE-HUB,,,,,08/26/2026 01:22:33
NEHUB-DEV-0026,990000001000246,GPS,Certification GPS-500,OpsTrax Certification Lab,1.0.5,Active,Provisioned,NE-HUB,,,,,08/26/2026 01:22:33
NEHUB-DEV-0027,990000001000247,GPS,Certification GPS-500,OpsTrax Certification Lab,1.1.6,Active,Provisioned,NE-HUB,,,,,08/26/2026 01:22:33
NEHUB-DEV-0028,990000001000248,GPS,Certification GPS-500,OpsTrax Certification Lab,1.2.7,Active,Provisioned,NE-HUB,,,,,08/26/2026 01:22:33
NEHUB-DEV-0029,990000001000249,GPS,Certification GPS-500,OpsTrax Certification Lab,1.3.8,Active,Provisioned,NE-HUB,,,,,08/26/2026 01:22:33
NEHUB-DEV-0030,990000001000250,GPS,Certification GPS-500,OpsTrax Certification Lab,1.4.9,Active,Provisioned,NE-HUB,,,,,08/26/2026 01:22:33
NEHUB-DEV-0031,990000001000251,GPS,Certification GPS-500,OpsTrax Certification Lab,1.0.0,Active,Provisioned,NE-HUB,,,,,08/26/2026 01:22:33
NEHUB-DEV-0032,990000001000252,GPS,Certification GPS-500,OpsTrax Certification Lab,1.1.1,Active,Provisioned,NE-HUB,,,,,08/26/2026 01:22:33
NEHUB-DEV-0033,990000001000253,GPS,Certification GPS-500,OpsTrax Certification Lab,1.2.2,Active,Provisioned,NE-HUB,,,,,08/26/2026 01:22:33
NEHUB-DEV-0034,990000001000254,GPS,Certification GPS-500,OpsTrax Certification Lab,1.3.3,Active,Provisioned,NE-HUB,,,,,08/26/2026 01:22:33
NEHUB-DEV-0035,990000001000255,GPS,Certification GPS-500,OpsTrax Certification Lab,1.4.4,Active,Provisioned,NE-HUB,,,,,08/26/2026 01:22:33
NEHUB-DEV-0036,990000001000256,GPS,Certification GPS-500,OpsTrax Certification Lab,1.0.5,Active,Provisioned,NE-HUB,,,,,08/26/2026 01:22:33
NEHUB-DEV-0037,990000001000257,GPS,Certification GPS-500,OpsTrax Certification Lab,1.1.6,Active,Provisioned,NE-HUB,,,,,08/26/2026 01:22:33
NEHUB-DEV-0038,990000001000258,GPS,Certification GPS-500,OpsTrax Certification Lab,1.2.7,Active,Provisioned,NE-HUB,,,,,08/26/2026 01:22:33
NEHUB-DEV-0039,990000001000259,GPS,Certification GPS-500,OpsTrax Certification Lab,1.3.8,Active,Provisioned,NE-HUB,,,,,08/26/2026 01:22:33
NEHUB-DEV-0040,990000001000260,GPS,Certification GPS-500,OpsTrax Certification Lab,1.4.9,Active,Provisioned,NE-HUB,,,,,08/26/2026 01:22:33
NEHUB-DEV-0041,990000001000261,GPS,Certification GPS-500,OpsTrax Certification Lab,1.0.0,Active,Provisioned,NE-HUB,,,,,08/26/2026 01:22:33
NEHUB-DEV-0042,990000001000262,GPS,Certification GPS-500,OpsTrax Certification Lab,1.1.1,Active,Provisioned,NE-HUB,,,,,08/26/2026 01:22:33
NEHUB-DEV-0043,990000001000263,GPS,Certification GPS-500,OpsTrax Certification Lab,1.2.2,Active,Provisioned,NE-HUB,,,,,08/26/2026 01:22:33
NEHUB-DEV-0044,990000001000264,GPS,Certification GPS-500,OpsTrax Certification Lab,1.3.3,Active,Provisioned,NE-HUB,,,,,08/26/2026 01:22:33
NEHUB-DEV-0045,990000001000265,GPS,Certification GPS-500,OpsTrax Certification Lab,1.4.4,Active,Provisioned,NE-HUB,,,,,08/26/2026 01:22:33
NEHUB-DEV-0046,990000001000266,GPS,Certification GPS-500,OpsTrax Certification Lab,1.0.5,Active,Provisioned,NE-HUB,,,,,08/26/2026 01:22:33
NEHUB-DEV-0047,990000001000267,GPS,Certification GPS-500,OpsTrax Certification Lab,1.1.6,Active,Provisioned,NE-HUB,,,,,08/26/2026 01:22:33
NEHUB-DEV-0048,990000001000268,GPS,Certification GPS-500,OpsTrax Certification Lab,1.2.7,Active,Provisioned,NE-HUB,,,,,08/26/2026 01:22:33
NEHUB-DEV-0049,990000001000269,GPS,Certification GPS-500,OpsTrax Certification Lab,1.3.8,Active,Provisioned,NE-HUB,,,,,08/26/2026 01:22:33
NEHUB-DEV-0050,990000001000270,GPS,Certification GPS-500,OpsTrax Certification Lab,1.4.9,Active,Provisioned,NE-HUB,,,,,08/26/2026 01:22:33
NEHUB-DEV-0051,990000001000271,GPS,Certification GPS-500,OpsTrax Certification Lab,1.0.0,Active,Provisioned,NE-HUB,,,,,08/26/2026 01:22:33
NEHUB-DEV-0052,990000001000272,GPS,Certification GPS-500,OpsTrax Certification Lab,1.1.1,Active,Provisioned,NE-HUB,,,,,08/26/2026 01:22:33
NEHUB-DEV-0053,990000001000273,GPS,Certification GPS-500,OpsTrax Certification Lab,1.2.2,Active,Provisioned,NE-HUB,,,,,08/26/2026 01:22:33
NEHUB-DEV-0054,990000001000274,GPS,Certification GPS-500,OpsTrax Certification Lab,1.3.3,Active,Provisioned,NE-HUB,,,,,08/26/2026 01:22:33
NEHUB-DEV-0055,990000001000275,GPS,Certification GPS-500,OpsTrax Certification Lab,1.4.4,Active,Provisioned,NE-HUB,,,,,08/26/2026 01:22:33
NEHUB-DEV-0056,990000001000276,GPS,Certification GPS-500,OpsTrax Certification Lab,1.0.5,Active,Provisioned,NE-HUB,,,,,08/26/2026 01:22:33
NEHUB-DEV-0057,990000001000277,GPS,Certification GPS-500,OpsTrax Certification Lab,1.1.6,Active,Provisioned,NE-HUB,,,,,08/26/2026 01:22:33
NEHUB-DEV-0058,990000001000278,GPS,Certification GPS-500,OpsTrax Certification Lab,1.2.7,Active,Provisioned,NE-HUB,,,,,08/26/2026 01:22:33
NEHUB-DEV-0059,990000001000279,GPS,Certification GPS-500,OpsTrax Certification Lab,1.3.8,Active,Provisioned,NE-HUB,,,,,08/26/2026 01:22:33
NEHUB-DEV-0060,990000001000280,GPS,Certification GPS-500,OpsTrax Certification Lab,1.4.9,Active,Provisioned,NE-HUB,,,,,08/26/2026 01:22:33
NEHUB-DEV-0061,990000001000281,GPS,Certification GPS-500,OpsTrax Certification Lab,1.0.0,Active,Provisioned,NE-HUB,,,,,08/26/2026 01:22:33
NEHUB-DEV-0062,990000001000282,GPS,Certification GPS-500,OpsTrax Certification Lab,1.1.1,Active,Provisioned,NE-HUB,,,,,08/26/2026 01:22:33
NEHUB-DEV-0063,990000001000283,GPS,Certification GPS-500,OpsTrax Certification Lab,1.2.2,Active,Provisioned,NE-HUB,,,,,08/26/2026 01:22:33
NEHUB-DEV-0064,990000001000284,GPS,Certification GPS-500,OpsTrax Certification Lab,1.3.3,Active,Provisioned,NE-HUB,,,,,08/26/2026 01:22:33
NEHUB-DEV-0065,990000001000285,GPS,Certification GPS-500,OpsTrax Certification Lab,1.4.4,Active,Provisioned,NE-HUB,,,,,08/26/2026 01:22:33
NEHUB-DEV-0066,990000001000286,GPS,Certification GPS-500,OpsTrax Certification Lab,1.0.5,Active,Provisioned,NE-HUB,,,,,08/26/2026 01:22:33
NEHUB-DEV-0067,990000001000287,GPS,Certification GPS-500,OpsTrax Certification Lab,1.1.6,Active,Provisioned,NE-HUB,,,,,08/26/2026 01:22:33
NEHUB-DEV-0068,990000001000288,GPS,Certification GPS-500,OpsTrax Certification Lab,1.2.7,Active,Provisioned,NE-HUB,,,,,08/26/2026 01:22:33
NEHUB-DEV-0069,990000001000289,GPS,Certification GPS-500,OpsTrax Certification Lab,1.3.8,Active,Provisioned,NE-HUB,,,,,08/26/2026 01:22:33
NEHUB-DEV-0070,990000001000290,GPS,Certification GPS-500,OpsTrax Certification Lab,1.4.9,Active,Provisioned,NE-HUB,,,,,08/26/2026 01:22:33
NEHUB-DEV-0071,990000001000291,GPS,Certification GPS-500,OpsTrax Certification Lab,1.0.0,Active,Provisioned,NE-HUB,,,,,08/26/2026 01:22:33
NEHUB-DEV-0072,990000001000292,GPS,Certification GPS-500,OpsTrax Certification Lab,1.1.1,Active,Provisioned,NE-HUB,,,,,08/26/2026 01:22:33
NEHUB-DEV-0073,990000001000293,GPS,Certification GPS-500,OpsTrax Certification Lab,1.2.2,Active,Provisioned,NE-HUB,,,,,08/26/2026 01:22:33
NEHUB-DEV-0074,990000001000294,GPS,Certification GPS-500,OpsTrax Certification Lab,1.3.3,Active,Provisioned,NE-HUB,,,,,08/26/2026 01:22:33
NEHUB-DEV-0075,990000001000295,GPS,Certification GPS-500,OpsTrax Certification Lab,1.4.4,Active,Provisioned,NE-HUB,,,,,08/26/2026 01:22:33
NEHUB-DEV-0076,990000001000296,GPS,Certification GPS-500,OpsTrax Certification Lab,1.0.5,Active,Provisioned,NE-HUB,,,,,08/26/2026 01:22:33
NEHUB-DEV-0077,990000001000297,GPS,Certification GPS-500,OpsTrax Certification Lab,1.1.6,Active,Provisioned,NE-HUB,,,,,08/26/2026 01:22:33
NEHUB-DEV-0078,990000001000298,GPS,Certification GPS-500,OpsTrax Certification Lab,1.2.7,Active,Provisioned,NE-HUB,,,,,08/26/2026 01:22:33
NEHUB-DEV-0079,990000001000299,GPS,Certification GPS-500,OpsTrax Certification Lab,1.3.8,Active,Provisioned,NE-HUB,,,,,08/26/2026 01:22:33
NEHUB-DEV-0080,990000001000300,GPS,Certification GPS-500,OpsTrax Certification Lab,1.4.9,Active,Provisioned,NE-HUB,,,,,08/26/2026 01:22:33
NEHUB-DEV-0081,990000001000301,GPS,Certification GPS-500,OpsTrax Certification Lab,1.0.0,Active,Provisioned,NE-HUB,,,,,08/26/2026 01:22:33
NEHUB-DEV-0082,990000001000302,GPS,Certification GPS-500,OpsTrax Certification Lab,1.1.1,Active,Provisioned,NE-HUB,,,,,08/26/2026 01:22:33
NEHUB-DEV-0083,990000001000303,GPS,Certification GPS-500,OpsTrax Certification Lab,1.2.2,Active,Provisioned,NE-HUB,,,,,08/26/2026 01:22:33
NEHUB-DEV-0084,990000001000304,GPS,Certification GPS-500,OpsTrax Certification Lab,1.3.3,Active,Provisioned,NE-HUB,,,,,08/26/2026 01:22:33
NEHUB-DEV-0085,990000001000305,GPS,Certification GPS-500,OpsTrax Certification Lab,1.4.4,Active,Provisioned,NE-HUB,,,,,08/26/2026 01:22:33
NEHUB-DEV-0086,990000001000306,GPS,Certification GPS-500,OpsTrax Certification Lab,1.0.5,Active,Provisioned,NE-HUB,,,,,08/26/2026 01:22:33
NEHUB-DEV-0087,990000001000307,GPS,Certification GPS-500,OpsTrax Certification Lab,1.1.6,Active,Provisioned,NE-HUB,,,,,08/26/2026 01:22:33
NEHUB-DEV-0088,990000001000308,GPS,Certification GPS-500,OpsTrax Certification Lab,1.2.7,Active,Provisioned,NE-HUB,,,,,08/26/2026 01:22:33
NEHUB-DEV-0089,990000001000309,GPS,Certification GPS-500,OpsTrax Certification Lab,1.3.8,Active,Provisioned,NE-HUB,,,,,08/26/2026 01:22:33
NEHUB-DEV-0090,990000001000310,GPS,Certification GPS-500,OpsTrax Certification Lab,1.4.9,Active,Provisioned,NE-HUB,,,,,08/26/2026 01:22:33
NEHUB-DEV-0091,990000001000311,GPS,Certification GPS-500,OpsTrax Certification Lab,1.0.0,Active,Provisioned,NE-HUB,,,,,08/26/2026 01:22:33
NEHUB-DEV-0092,990000001000312,GPS,Certification GPS-500,OpsTrax Certification Lab,1.1.1,Active,Provisioned,NE-HUB,,,,,08/26/2026 01:22:33
NEHUB-DEV-0093,990000001000313,GPS,Certification GPS-500,OpsTrax Certification Lab,1.2.2,Active,Provisioned,NE-HUB,,,,,08/26/2026 01:22:33
NEHUB-DEV-0094,990000001000314,GPS,Certification GPS-500,OpsTrax Certification Lab,1.3.3,Active,Provisioned,NE-HUB,,,,,08/26/2026 01:22:33
NEHUB-DEV-0095,990000001000315,GPS,Certification GPS-500,OpsTrax Certification Lab,1.4.4,Active,Provisioned,NE-HUB,,,,,08/26/2026 01:22:33
NEHUB-DEV-0096,990000001000316,GPS,Certification GPS-500,OpsTrax Certification Lab,1.0.5,Active,Provisioned,NE-HUB,,,,,08/26/2026 01:22:33
NEHUB-DEV-0097,990000001000317,GPS,Certification GPS-500,OpsTrax Certification Lab,1.1.6,Active,Provisioned,NE-HUB,,,,,08/26/2026 01:22:33
NEHUB-DEV-0098,990000001000318,GPS,Certification GPS-500,OpsTrax Certification Lab,1.2.7,Active,Provisioned,NE-HUB,,,,,08/26/2026 01:22:33
NEHUB-DEV-0099,990000001000319,GPS,Certification GPS-500,OpsTrax Certification Lab,1.3.8,Active,Provisioned,NE-HUB,,,,,08/26/2026 01:22:33
NEHUB-DEV-0100,990000001000320,GPS,Certification GPS-500,OpsTrax Certification Lab,1.4.9,Active,Provisioned,NE-HUB,,,,,08/26/2026 01:22:33
NEHUB-DEV-0101,990000001000321,GPS,Certification GPS-500,OpsTrax Certification Lab,1.0.0,Active,Provisioned,NE-HUB,,,,,08/26/2026 01:22:33
NEHUB-DEV-0102,990000001000322,GPS,Certification GPS-500,OpsTrax Certification Lab,1.1.1,Active,Provisioned,NE-HUB,,,,,08/26/2026 01:22:33
NEHUB-DEV-0103,990000001000323,GPS,Certification GPS-500,OpsTrax Certification Lab,1.2.2,Active,Provisioned,NE-HUB,,,,,08/26/2026 01:22:33
NEHUB-DEV-0104,990000001000324,GPS,Certification GPS-500,OpsTrax Certification Lab,1.3.3,Active,Provisioned,NE-HUB,,,,,08/26/2026 01:22:33
NEHUB-DEV-0105,990000001000325,GPS,Certification GPS-500,OpsTrax Certification Lab,1.4.4,Active,Provisioned,NE-HUB,,,,,08/26/2026 01:22:33
NEHUB-DEV-0106,990000001000326,GPS,Certification GPS-500,OpsTrax Certification Lab,1.0.5,Active,Provisioned,NE-HUB,,,,,08/26/2026 01:22:33
NEHUB-DEV-0107,990000001000327,GPS,Certification GPS-500,OpsTrax Certification Lab,1.1.6,Active,Provisioned,NE-HUB,,,,,08/26/2026 01:22:33
NEHUB-DEV-0108,990000001000328,GPS,Certification GPS-500,OpsTrax Certification Lab,1.2.7,Active,Provisioned,NE-HUB,,,,,08/26/2026 01:22:33
NEHUB-DEV-0109,990000001000329,GPS,Certification GPS-500,OpsTrax Certification Lab,1.3.8,Active,Provisioned,NE-HUB,,,,,08/26/2026 01:22:33
NEHUB-DEV-0110,990000001000330,GPS,Certification GPS-500,OpsTrax Certification Lab,1.4.9,Active,Provisioned,NE-HUB,,,,,08/26/2026 01:22:33
NEHUB-DEV-0111,990000001000331,GPS,Certification GPS-500,OpsTrax Certification Lab,1.0.0,Active,Provisioned,NE-HUB,,,,,08/26/2026 01:22:33
NEHUB-DEV-0112,990000001000332,GPS,Certification GPS-500,OpsTrax Certification Lab,1.1.1,Active,Provisioned,NE-HUB,,,,,08/26/2026 01:22:33
NEHUB-DEV-0113,990000001000333,GPS,Certification GPS-500,OpsTrax Certification Lab,1.2.2,Active,Provisioned,NE-HUB,,,,,08/26/2026 01:22:33
NEHUB-DEV-0114,990000001000334,GPS,Certification GPS-500,OpsTrax Certification Lab,1.3.3,Active,Provisioned,NE-HUB,,,,,08/26/2026 01:22:33
NEHUB-DEV-0115,990000001000335,GPS,Certification GPS-500,OpsTrax Certification Lab,1.4.4,Active,Provisioned,NE-HUB,,,,,08/26/2026 01:22:33
NEHUB-DEV-0116,990000001000336,GPS,Certification GPS-500,OpsTrax Certification Lab,1.0.5,Active,Provisioned,NE-HUB,,,,,08/26/2026 01:22:33
NEHUB-DEV-0117,990000001000337,GPS,Certification GPS-500,OpsTrax Certification Lab,1.1.6,Active,Provisioned,NE-HUB,,,,,08/26/2026 01:22:33
NEHUB-DEV-0118,990000001000338,GPS,Certification GPS-500,OpsTrax Certification Lab,1.2.7,Active,Provisioned,NE-HUB,,,,,08/26/2026 01:22:33
NEHUB-DEV-0119,990000001000339,GPS,Certification GPS-500,OpsTrax Certification Lab,1.3.8,Active,Provisioned,NE-HUB,,,,,08/26/2026 01:22:33
NEHUB-DEV-0120,990000001000340,GPS,Certification GPS-500,OpsTrax Certification Lab,1.4.9,Active,Provisioned,NE-HUB,,,,,08/26/2026 01:22:33
NEHUB-DEV-0121,990000001000341,GPS,Certification GPS-500,OpsTrax Certification Lab,1.0.0,Active,Provisioned,NE-HUB,,,,,08/26/2026 01:22:33
NEHUB-DEV-0122,990000001000342,GPS,Certification GPS-500,OpsTrax Certification Lab,1.1.1,Active,Provisioned,NE-HUB,,,,,08/26/2026 01:22:33
NEHUB-DEV-0123,990000001000343,GPS,Certification GPS-500,OpsTrax Certification Lab,1.2.2,Active,Provisioned,NE-HUB,,,,,08/26/2026 01:22:33
NEHUB-DEV-0124,990000001000344,GPS,Certification GPS-500,OpsTrax Certification Lab,1.3.3,Active,Provisioned,NE-HUB,,,,,08/26/2026 01:22:33
NEHUB-DEV-0125,990000001000345,GPS,Certification GPS-500,OpsTrax Certification Lab,1.4.4,Active,Provisioned,NE-HUB,,,,,08/26/2026 01:22:33
NEHUB-DEV-0126,990000001000346,GPS,Certification GPS-500,OpsTrax Certification Lab,1.0.5,Active,Provisioned,NE-HUB,,,,,08/26/2026 01:22:33
NEHUB-DEV-0127,990000001000347,GPS,Certification GPS-500,OpsTrax Certification Lab,1.1.6,Active,Provisioned,NE-HUB,,,,,08/26/2026 01:22:33
NEHUB-DEV-0128,990000001000348,GPS,Certification GPS-500,OpsTrax Certification Lab,1.2.7,Active,Provisioned,NE-HUB,,,,,08/26/2026 01:22:33
NEHUB-DEV-0129,990000001000349,GPS,Certification GPS-500,OpsTrax Certification Lab,1.3.8,Active,Provisioned,NE-HUB,,,,,08/26/2026 01:22:33
NEHUB-DEV-0130,990000001000350,GPS,Certification GPS-500,OpsTrax Certification Lab,1.4.9,Active,Provisioned,NE-HUB,,,,,08/26/2026 01:22:33
NEHUB-DEV-0131,990000001000351,GPS,Certification GPS-500,OpsTrax Certification Lab,1.0.0,Active,Provisioned,NE-HUB,,,,,08/26/2026 01:22:33
NEHUB-DEV-0132,990000001000352,GPS,Certification GPS-500,OpsTrax Certification Lab,1.1.1,Active,Provisioned,NE-HUB,,,,,08/26/2026 01:22:33
NEHUB-DEV-0133,990000001000353,GPS,Certification GPS-500,OpsTrax Certification Lab,1.2.2,Active,Provisioned,NE-HUB,,,,,08/26/2026 01:22:33
NEHUB-DEV-0134,990000001000354,GPS,Certification GPS-500,OpsTrax Certification Lab,1.3.3,Active,Provisioned,NE-HUB,,,,,08/26/2026 01:22:33
NEHUB-DEV-0135,990000001000355,GPS,Certification GPS-500,OpsTrax Certification Lab,1.4.4,Active,Provisioned,NE-HUB,,,,,08/26/2026 01:22:33
NEHUB-DEV-0136,990000001000356,GPS,Certification GPS-500,OpsTrax Certification Lab,1.0.5,Active,Provisioned,NE-HUB,,,,,08/26/2026 01:22:33
NEHUB-DEV-0137,990000001000357,GPS,Certification GPS-500,OpsTrax Certification Lab,1.1.6,Active,Provisioned,NE-HUB,,,,,08/26/2026 01:22:33
NEHUB-DEV-0138,990000001000358,GPS,Certification GPS-500,OpsTrax Certification Lab,1.2.7,Active,Provisioned,NE-HUB,,,,,08/26/2026 01:22:33
NEHUB-DEV-0139,990000001000359,GPS,Certification GPS-500,OpsTrax Certification Lab,1.3.8,Active,Provisioned,NE-HUB,,,,,08/26/2026 01:22:33
NEHUB-DEV-0140,990000001000360,GPS,Certification GPS-500,OpsTrax Certification Lab,1.4.9,Active,Provisioned,NE-HUB,,,,,08/26/2026 01:22:33
NEHUB-DEV-0141,990000001000361,GPS,Certification GPS-500,OpsTrax Certification Lab,1.0.0,Active,Provisioned,NE-HUB,,,,,08/26/2026 01:22:33
NEHUB-DEV-0142,990000001000362,GPS,Certification GPS-500,OpsTrax Certification Lab,1.1.1,Active,Provisioned,NE-HUB,,,,,08/26/2026 01:22:33
NEHUB-DEV-0143,990000001000363,GPS,Certification GPS-500,OpsTrax Certification Lab,1.2.2,Active,Provisioned,NE-HUB,,,,,08/26/2026 01:22:33
NEHUB-DEV-0144,990000001000364,GPS,Certification GPS-500,OpsTrax Certification Lab,1.3.3,Active,Provisioned,NE-HUB,,,,,08/26/2026 01:22:33
NEHUB-DEV-0145,990000001000365,GPS,Certification GPS-500,OpsTrax Certification Lab,1.4.4,Active,Provisioned,NE-HUB,,,,,08/26/2026 01:22:33
NEHUB-DEV-0146,990000001000366,GPS,Certification GPS-500,OpsTrax Certification Lab,1.0.5,Active,Provisioned,NE-HUB,,,,,08/26/2026 01:22:33
NEHUB-DEV-0147,990000001000367,GPS,Certification GPS-500,OpsTrax Certification Lab,1.1.6,Active,Provisioned,NE-HUB,,,,,08/26/2026 01:22:33
NEHUB-DEV-0148,990000001000368,GPS,Certification GPS-500,OpsTrax Certification Lab,1.2.7,Active,Provisioned,NE-HUB,,,,,08/26/2026 01:22:33
NEHUB-DEV-0149,990000001000369,GPS,Certification GPS-500,OpsTrax Certification Lab,1.3.8,Active,Provisioned,NE-HUB,,,,,08/26/2026 01:22:33
NEHUB-DEV-0150,990000001000370,GPS,Certification GPS-500,OpsTrax Certification Lab,1.4.9,Active,Provisioned,NE-HUB,,,,,08/26/2026 01:22:33
NEHUB-DEV-0151,990000001000371,GPS,Certification GPS-500,OpsTrax Certification Lab,1.0.0,Active,Provisioned,NE-HUB,,,,,08/26/2026 01:22:33
NEHUB-DEV-0152,990000001000372,GPS,Certification GPS-500,OpsTrax Certification Lab,1.1.1,Active,Provisioned,NE-HUB,,,,,08/26/2026 01:22:33
NEHUB-DEV-0153,990000001000373,GPS,Certification GPS-500,OpsTrax Certification Lab,1.2.2,Active,Provisioned,NE-HUB,,,,,08/26/2026 01:22:33
NEHUB-DEV-0154,990000001000374,GPS,Certification GPS-500,OpsTrax Certification Lab,1.3.3,Active,Provisioned,NE-HUB,,,,,08/26/2026 01:22:33
NEHUB-DEV-0155,990000001000375,GPS,Certification GPS-500,OpsTrax Certification Lab,1.4.4,Active,Provisioned,NE-HUB,,,,,08/26/2026 01:22:33
NEHUB-DEV-0156,990000001000376,GPS,Certification GPS-500,OpsTrax Certification Lab,1.0.5,Active,Provisioned,NE-HUB,,,,,08/26/2026 01:22:33
NEHUB-DEV-0157,990000001000377,GPS,Certification GPS-500,OpsTrax Certification Lab,1.1.6,Active,Provisioned,NE-HUB,,,,,08/26/2026 01:22:33
NEHUB-DEV-0158,990000001000378,GPS,Certification GPS-500,OpsTrax Certification Lab,1.2.7,Active,Provisioned,NE-HUB,,,,,08/26/2026 01:22:33
NEHUB-DEV-0159,990000001000379,GPS,Certification GPS-500,OpsTrax Certification Lab,1.3.8,Active,Provisioned,NE-HUB,,,,,08/26/2026 01:22:33
NEHUB-DEV-0160,990000001000380,GPS,Certification GPS-500,OpsTrax Certification Lab,1.4.9,Active,Provisioned,NE-HUB,,,,,08/26/2026 01:22:33
NEHUB-DEV-0161,990000001000381,GPS,Certification GPS-500,OpsTrax Certification Lab,1.0.0,Active,Provisioned,NE-HUB,,,,,08/26/2026 01:22:33
NEHUB-DEV-0162,990000001000382,GPS,Certification GPS-500,OpsTrax Certification Lab,1.1.1,Active,Provisioned,NE-HUB,,,,,08/26/2026 01:22:33
NEHUB-DEV-0163,990000001000383,GPS,Certification GPS-500,OpsTrax Certification Lab,1.2.2,Active,Provisioned,NE-HUB,,,,,08/26/2026 01:22:33
NEHUB-DEV-0164,990000001000384,GPS,Certification GPS-500,OpsTrax Certification Lab,1.3.3,Active,Provisioned,NE-HUB,,,,,08/26/2026 01:22:33
NEHUB-DEV-0165,990000001000385,GPS,Certification GPS-500,OpsTrax Certification Lab,1.4.4,Active,Provisioned,NE-HUB,,,,,08/26/2026 01:22:33
NEHUB-DEV-0166,990000001000386,GPS,Certification GPS-500,OpsTrax Certification Lab,1.0.5,Active,Provisioned,NE-HUB,,,,,08/26/2026 01:22:33
NEHUB-DEV-0167,990000001000387,GPS,Certification GPS-500,OpsTrax Certification Lab,1.1.6,Active,Provisioned,NE-HUB,,,,,08/26/2026 01:22:33
NEHUB-DEV-0168,990000001000388,GPS,Certification GPS-500,OpsTrax Certification Lab,1.2.7,Active,Provisioned,NE-HUB,,,,,08/26/2026 01:22:33
NEHUB-DEV-0169,990000001000389,GPS,Certification GPS-500,OpsTrax Certification Lab,1.3.8,Active,Provisioned,NE-HUB,,,,,08/26/2026 01:22:33
NEHUB-DEV-0170,990000001000390,GPS,Certification GPS-500,OpsTrax Certification Lab,1.4.9,Active,Provisioned,NE-HUB,,,,,08/26/2026 01:22:33
NEHUB-DEV-0171,990000001000391,GPS,Certification GPS-500,OpsTrax Certification Lab,1.0.0,Active,Provisioned,NE-HUB,,,,,08/26/2026 01:22:33
NEHUB-DEV-0172,990000001000392,GPS,Certification GPS-500,OpsTrax Certification Lab,1.1.1,Active,Provisioned,NE-HUB,,,,,08/26/2026 01:22:33
NEHUB-DEV-0173,990000001000393,GPS,Certification GPS-500,OpsTrax Certification Lab,1.2.2,Active,Provisioned,NE-HUB,,,,,08/26/2026 01:22:33
NEHUB-DEV-0174,990000001000394,GPS,Certification GPS-500,OpsTrax Certification Lab,1.3.3,Active,Provisioned,NE-HUB,,,,,08/26/2026 01:22:33
NEHUB-DEV-0175,990000001000395,GPS,Certification GPS-500,OpsTrax Certification Lab,1.4.4,Active,Provisioned,NE-HUB,,,,,08/26/2026 01:22:33
NEHUB-DEV-0176,990000001000396,GPS,Certification GPS-500,OpsTrax Certification Lab,1.0.5,Active,Provisioned,NE-HUB,,,,,08/26/2026 01:22:33
NEHUB-DEV-0177,990000001000397,GPS,Certification GPS-500,OpsTrax Certification Lab,1.1.6,Active,Provisioned,NE-HUB,,,,,08/26/2026 01:22:33
NEHUB-DEV-0178,990000001000398,GPS,Certification GPS-500,OpsTrax Certification Lab,1.2.7,Active,Provisioned,NE-HUB,,,,,08/26/2026 01:22:33
NEHUB-DEV-0179,990000001000399,GPS,Certification GPS-500,OpsTrax Certification Lab,1.3.8,Active,Provisioned,NE-HUB,,,,,08/26/2026 01:22:33
NEHUB-DEV-0180,990000001000400,GPS,Certification GPS-500,OpsTrax Certification Lab,1.4.9,Active,Provisioned,NE-HUB,,,,,08/26/2026 01:22:33
NEHUB-DEV-0181,990000001000401,GPS,Certification GPS-500,OpsTrax Certification Lab,1.0.0,Active,Provisioned,NE-HUB,,,,,08/26/2026 01:22:33
NEHUB-DEV-0182,990000001000402,GPS,Certification GPS-500,OpsTrax Certification Lab,1.1.1,Active,Provisioned,NE-HUB,,,,,08/26/2026 01:22:33
NEHUB-DEV-0183,990000001000403,GPS,Certification GPS-500,OpsTrax Certification Lab,1.2.2,Active,Provisioned,NE-HUB,,,,,08/26/2026 01:22:33
NEHUB-DEV-0184,990000001000404,GPS,Certification GPS-500,OpsTrax Certification Lab,1.3.3,Active,Provisioned,NE-HUB,,,,,08/26/2026 01:22:33
NEHUB-DEV-0185,990000001000405,GPS,Certification GPS-500,OpsTrax Certification Lab,1.4.4,Active,Provisioned,NE-HUB,,,,,08/26/2026 01:22:33
NEHUB-DEV-0186,990000001000406,GPS,Certification GPS-500,OpsTrax Certification Lab,1.0.5,Active,Provisioned,NE-HUB,,,,,08/26/2026 01:22:33
NEHUB-DEV-0187,990000001000407,GPS,Certification GPS-500,OpsTrax Certification Lab,1.1.6,Active,Provisioned,NE-HUB,,,,,08/26/2026 01:22:33
NEHUB-DEV-0188,990000001000408,GPS,Certification GPS-500,OpsTrax Certification Lab,1.2.7,Active,Provisioned,NE-HUB,,,,,08/26/2026 01:22:33
NEHUB-DEV-0189,990000001000409,GPS,Certification GPS-500,OpsTrax Certification Lab,1.3.8,Active,Provisioned,NE-HUB,,,,,08/26/2026 01:22:33
NEHUB-DEV-0190,990000001000410,GPS,Certification GPS-500,OpsTrax Certification Lab,1.4.9,Active,Provisioned,NE-HUB,,,,,08/26/2026 01:22:33
NEHUB-DEV-0191,990000001000411,GPS,Certification GPS-500,OpsTrax Certification Lab,1.0.0,Active,Provisioned,NE-HUB,,,,,08/26/2026 01:22:33
NEHUB-DEV-0192,990000001000412,GPS,Certification GPS-500,OpsTrax Certification Lab,1.1.1,Active,Provisioned,NE-HUB,,,,,08/26/2026 01:22:33
NEHUB-DEV-0193,990000001000413,GPS,Certification GPS-500,OpsTrax Certification Lab,1.2.2,Active,Provisioned,NE-HUB,,,,,08/26/2026 01:22:33
NEHUB-DEV-0194,990000001000414,GPS,Certification GPS-500,OpsTrax Certification Lab,1.3.3,Active,Provisioned,NE-HUB,,,,,08/26/2026 01:22:33
NEHUB-DEV-0195,990000001000415,GPS,Certification GPS-500,OpsTrax Certification Lab,1.4.4,Active,Provisioned,NE-HUB,,,,,08/26/2026 01:22:33
NEHUB-DEV-0196,990000001000416,GPS,Certification GPS-500,OpsTrax Certification Lab,1.0.5,Active,Provisioned,NE-HUB,,,,,08/26/2026 01:22:33
NEHUB-DEV-0197,990000001000417,GPS,Certification GPS-500,OpsTrax Certification Lab,1.1.6,Active,Provisioned,NE-HUB,,,,,08/26/2026 01:22:33
NEHUB-DEV-0198,990000001000418,GPS,Certification GPS-500,OpsTrax Certification Lab,1.2.7,Active,Provisioned,NE-HUB,,,,,08/26/2026 01:22:33
NEHUB-DEV-0199,990000001000419,GPS,Certification GPS-500,OpsTrax Certification Lab,1.3.8,Active,Provisioned,NE-HUB,,,,,08/26/2026 01:22:33
NEHUB-DEV-0200,990000001000420,GPS,Certification GPS-500,OpsTrax Certification Lab,1.4.9,Active,Provisioned,NE-HUB,,,,,08/26/2026 01:22:33
NEHUB-DEV-0201,990000001000421,ELD,Certification ELD-200,OpsTrax Certification Lab,1.0.0,Active,Provisioned,NE-HUB,,,,,08/26/2026 01:22:33
NEHUB-DEV-0202,990000001000422,ELD,Certification ELD-200,OpsTrax Certification Lab,1.1.1,Active,Provisioned,NE-HUB,,,,,08/26/2026 01:22:33
NEHUB-DEV-0203,990000001000423,ELD,Certification ELD-200,OpsTrax Certification Lab,1.2.2,Active,Provisioned,NE-HUB,,,,,08/26/2026 01:22:33
NEHUB-DEV-0204,990000001000424,ELD,Certification ELD-200,OpsTrax Certification Lab,1.3.3,Active,Provisioned,NE-HUB,,,,,08/26/2026 01:22:33
NEHUB-DEV-0205,990000001000425,ELD,Certification ELD-200,OpsTrax Certification Lab,1.4.4,Active,Provisioned,NE-HUB,,,,,08/26/2026 01:22:33
NEHUB-DEV-0206,990000001000426,ELD,Certification ELD-200,OpsTrax Certification Lab,1.0.5,Active,Provisioned,NE-HUB,,,,,08/26/2026 01:22:33
NEHUB-DEV-0207,990000001000427,ELD,Certification ELD-200,OpsTrax Certification Lab,1.1.6,Active,Provisioned,NE-HUB,,,,,08/26/2026 01:22:33
NEHUB-DEV-0208,990000001000428,ELD,Certification ELD-200,OpsTrax Certification Lab,1.2.7,Active,Provisioned,NE-HUB,,,,,08/26/2026 01:22:33
NEHUB-DEV-0209,990000001000429,ELD,Certification ELD-200,OpsTrax Certification Lab,1.3.8,Active,Provisioned,NE-HUB,,,,,08/26/2026 01:22:33
NEHUB-DEV-0210,990000001000430,ELD,Certification ELD-200,OpsTrax Certification Lab,1.4.9,Active,Provisioned,NE-HUB,,,,,08/26/2026 01:22:33
NEHUB-DEV-0211,990000001000431,ELD,Certification ELD-200,OpsTrax Certification Lab,1.0.0,Active,Provisioned,NE-HUB,,,,,08/26/2026 01:22:33
NEHUB-DEV-0212,990000001000432,ELD,Certification ELD-200,OpsTrax Certification Lab,1.1.1,Active,Provisioned,NE-HUB,,,,,08/26/2026 01:22:33
NEHUB-DEV-0213,990000001000433,ELD,Certification ELD-200,OpsTrax Certification Lab,1.2.2,Active,Provisioned,NE-HUB,,,,,08/26/2026 01:22:33
NEHUB-DEV-0214,990000001000434,ELD,Certification ELD-200,OpsTrax Certification Lab,1.3.3,Active,Provisioned,NE-HUB,,,,,08/26/2026 01:22:33
NEHUB-DEV-0215,990000001000435,ELD,Certification ELD-200,OpsTrax Certification Lab,1.4.4,Active,Provisioned,NE-HUB,,,,,08/26/2026 01:22:33
NEHUB-DEV-0216,990000001000436,ELD,Certification ELD-200,OpsTrax Certification Lab,1.0.5,Active,Provisioned,NE-HUB,,,,,08/26/2026 01:22:33
NEHUB-DEV-0217,990000001000437,ELD,Certification ELD-200,OpsTrax Certification Lab,1.1.6,Active,Provisioned,NE-HUB,,,,,08/26/2026 01:22:33
NEHUB-DEV-0218,990000001000438,ELD,Certification ELD-200,OpsTrax Certification Lab,1.2.7,Active,Provisioned,NE-HUB,,,,,08/26/2026 01:22:33
NEHUB-DEV-0219,990000001000439,ELD,Certification ELD-200,OpsTrax Certification Lab,1.3.8,Active,Provisioned,NE-HUB,,,,,08/26/2026 01:22:33
NEHUB-DEV-0220,990000001000440,ELD,Certification ELD-200,OpsTrax Certification Lab,1.4.9,Active,Provisioned,NE-HUB,,,,,08/26/2026 01:22:33
SEDEPOT-DEV-0001,990000001000441,GPS,Certification GPS-500,OpsTrax Certification Lab,1.0.0,Active,Provisioned,SE-DEPOT,,,,,08/26/2026 01:26:55
SEDEPOT-DEV-0002,990000001000442,GPS,Certification GPS-500,OpsTrax Certification Lab,1.1.1,Active,Provisioned,SE-DEPOT,,,,,08/26/2026 01:26:55
SEDEPOT-DEV-0003,990000001000443,GPS,Certification GPS-500,OpsTrax Certification Lab,1.2.2,Active,Provisioned,SE-DEPOT,,,,,08/26/2026 01:26:55
SEDEPOT-DEV-0004,990000001000444,GPS,Certification GPS-500,OpsTrax Certification Lab,1.3.3,Active,Provisioned,SE-DEPOT,,,,,08/26/2026 01:26:55
SEDEPOT-DEV-0005,990000001000445,GPS,Certification GPS-500,OpsTrax Certification Lab,1.4.4,Active,Provisioned,SE-DEPOT,,,,,08/26/2026 01:26:55
SEDEPOT-DEV-0006,990000001000446,GPS,Certification GPS-500,OpsTrax Certification Lab,1.0.5,Active,Provisioned,SE-DEPOT,,,,,08/26/2026 01:26:55
SEDEPOT-DEV-0007,990000001000447,GPS,Certification GPS-500,OpsTrax Certification Lab,1.1.6,Active,Provisioned,SE-DEPOT,,,,,08/26/2026 01:26:55
SEDEPOT-DEV-0008,990000001000448,GPS,Certification GPS-500,OpsTrax Certification Lab,1.2.7,Active,Provisioned,SE-DEPOT,,,,,08/26/2026 01:26:55
SEDEPOT-DEV-0009,990000001000449,GPS,Certification GPS-500,OpsTrax Certification Lab,1.3.8,Active,Provisioned,SE-DEPOT,,,,,08/26/2026 01:26:55
SEDEPOT-DEV-0010,990000001000450,GPS,Certification GPS-500,OpsTrax Certification Lab,1.4.9,Active,Provisioned,SE-DEPOT,,,,,08/26/2026 01:26:55
SEDEPOT-DEV-0011,990000001000451,GPS,Certification GPS-500,OpsTrax Certification Lab,1.0.0,Active,Provisioned,SE-DEPOT,,,,,08/26/2026 01:26:55
SEDEPOT-DEV-0012,990000001000452,GPS,Certification GPS-500,OpsTrax Certification Lab,1.1.1,Active,Provisioned,SE-DEPOT,,,,,08/26/2026 01:26:55
SEDEPOT-DEV-0013,990000001000453,GPS,Certification GPS-500,OpsTrax Certification Lab,1.2.2,Active,Provisioned,SE-DEPOT,,,,,08/26/2026 01:26:55
SEDEPOT-DEV-0014,990000001000454,GPS,Certification GPS-500,OpsTrax Certification Lab,1.3.3,Active,Provisioned,SE-DEPOT,,,,,08/26/2026 01:26:55
SEDEPOT-DEV-0015,990000001000455,GPS,Certification GPS-500,OpsTrax Certification Lab,1.4.4,Active,Provisioned,SE-DEPOT,,,,,08/26/2026 01:26:55
SEDEPOT-DEV-0016,990000001000456,GPS,Certification GPS-500,OpsTrax Certification Lab,1.0.5,Active,Provisioned,SE-DEPOT,,,,,08/26/2026 01:26:55
SEDEPOT-DEV-0017,990000001000457,GPS,Certification GPS-500,OpsTrax Certification Lab,1.1.6,Active,Provisioned,SE-DEPOT,,,,,08/26/2026 01:26:55
SEDEPOT-DEV-0018,990000001000458,GPS,Certification GPS-500,OpsTrax Certification Lab,1.2.7,Active,Provisioned,SE-DEPOT,,,,,08/26/2026 01:26:55
SEDEPOT-DEV-0019,990000001000459,GPS,Certification GPS-500,OpsTrax Certification Lab,1.3.8,Active,Provisioned,SE-DEPOT,,,,,08/26/2026 01:26:55
SEDEPOT-DEV-0020,990000001000460,GPS,Certification GPS-500,OpsTrax Certification Lab,1.4.9,Active,Provisioned,SE-DEPOT,,,,,08/26/2026 01:26:55
SEDEPOT-DEV-0021,990000001000461,GPS,Certification GPS-500,OpsTrax Certification Lab,1.0.0,Active,Provisioned,SE-DEPOT,,,,,08/26/2026 01:26:55
SEDEPOT-DEV-0022,990000001000462,GPS,Certification GPS-500,OpsTrax Certification Lab,1.1.1,Active,Provisioned,SE-DEPOT,,,,,08/26/2026 01:26:55
SEDEPOT-DEV-0023,990000001000463,GPS,Certification GPS-500,OpsTrax Certification Lab,1.2.2,Active,Provisioned,SE-DEPOT,,,,,08/26/2026 01:26:55
SEDEPOT-DEV-0024,990000001000464,GPS,Certification GPS-500,OpsTrax Certification Lab,1.3.3,Active,Provisioned,SE-DEPOT,,,,,08/26/2026 01:26:55
SEDEPOT-DEV-0025,990000001000465,GPS,Certification GPS-500,OpsTrax Certification Lab,1.4.4,Active,Provisioned,SE-DEPOT,,,,,08/26/2026 01:26:55
SEDEPOT-DEV-0026,990000001000466,GPS,Certification GPS-500,OpsTrax Certification Lab,1.0.5,Active,Provisioned,SE-DEPOT,,,,,08/26/2026 01:26:55
SEDEPOT-DEV-0027,990000001000467,GPS,Certification GPS-500,OpsTrax Certification Lab,1.1.6,Active,Provisioned,SE-DEPOT,,,,,08/26/2026 01:26:55
SEDEPOT-DEV-0028,990000001000468,GPS,Certification GPS-500,OpsTrax Certification Lab,1.2.7,Active,Provisioned,SE-DEPOT,,,,,08/26/2026 01:26:55
SEDEPOT-DEV-0029,990000001000469,GPS,Certification GPS-500,OpsTrax Certification Lab,1.3.8,Active,Provisioned,SE-DEPOT,,,,,08/26/2026 01:26:55
SEDEPOT-DEV-0030,990000001000470,GPS,Certification GPS-500,OpsTrax Certification Lab,1.4.9,Active,Provisioned,SE-DEPOT,,,,,08/26/2026 01:26:55
SEDEPOT-DEV-0031,990000001000471,GPS,Certification GPS-500,OpsTrax Certification Lab,1.0.0,Active,Provisioned,SE-DEPOT,,,,,08/26/2026 01:26:55
SEDEPOT-DEV-0032,990000001000472,GPS,Certification GPS-500,OpsTrax Certification Lab,1.1.1,Active,Provisioned,SE-DEPOT,,,,,08/26/2026 01:26:55
SEDEPOT-DEV-0033,990000001000473,GPS,Certification GPS-500,OpsTrax Certification Lab,1.2.2,Active,Provisioned,SE-DEPOT,,,,,08/26/2026 01:26:55
SEDEPOT-DEV-0034,990000001000474,GPS,Certification GPS-500,OpsTrax Certification Lab,1.3.3,Active,Provisioned,SE-DEPOT,,,,,08/26/2026 01:26:55
SEDEPOT-DEV-0035,990000001000475,GPS,Certification GPS-500,OpsTrax Certification Lab,1.4.4,Active,Provisioned,SE-DEPOT,,,,,08/26/2026 01:26:55
SEDEPOT-DEV-0036,990000001000476,GPS,Certification GPS-500,OpsTrax Certification Lab,1.0.5,Active,Provisioned,SE-DEPOT,,,,,08/26/2026 01:26:55
SEDEPOT-DEV-0037,990000001000477,GPS,Certification GPS-500,OpsTrax Certification Lab,1.1.6,Active,Provisioned,SE-DEPOT,,,,,08/26/2026 01:26:55
SEDEPOT-DEV-0038,990000001000478,GPS,Certification GPS-500,OpsTrax Certification Lab,1.2.7,Active,Provisioned,SE-DEPOT,,,,,08/26/2026 01:26:55
SEDEPOT-DEV-0039,990000001000479,GPS,Certification GPS-500,OpsTrax Certification Lab,1.3.8,Active,Provisioned,SE-DEPOT,,,,,08/26/2026 01:26:55
SEDEPOT-DEV-0040,990000001000480,GPS,Certification GPS-500,OpsTrax Certification Lab,1.4.9,Active,Provisioned,SE-DEPOT,,,,,08/26/2026 01:26:55
SEDEPOT-DEV-0041,990000001000481,GPS,Certification GPS-500,OpsTrax Certification Lab,1.0.0,Active,Provisioned,SE-DEPOT,,,,,08/26/2026 01:26:55
SEDEPOT-DEV-0042,990000001000482,GPS,Certification GPS-500,OpsTrax Certification Lab,1.1.1,Active,Provisioned,SE-DEPOT,,,,,08/26/2026 01:26:55
SEDEPOT-DEV-0043,990000001000483,GPS,Certification GPS-500,OpsTrax Certification Lab,1.2.2,Active,Provisioned,SE-DEPOT,,,,,08/26/2026 01:26:55
SEDEPOT-DEV-0044,990000001000484,GPS,Certification GPS-500,OpsTrax Certification Lab,1.3.3,Active,Provisioned,SE-DEPOT,,,,,08/26/2026 01:26:55
SEDEPOT-DEV-0045,990000001000485,GPS,Certification GPS-500,OpsTrax Certification Lab,1.4.4,Active,Provisioned,SE-DEPOT,,,,,08/26/2026 01:26:55
SEDEPOT-DEV-0046,990000001000486,GPS,Certification GPS-500,OpsTrax Certification Lab,1.0.5,Active,Provisioned,SE-DEPOT,,,,,08/26/2026 01:26:55
SEDEPOT-DEV-0047,990000001000487,GPS,Certification GPS-500,OpsTrax Certification Lab,1.1.6,Active,Provisioned,SE-DEPOT,,,,,08/26/2026 01:26:55
SEDEPOT-DEV-0048,990000001000488,GPS,Certification GPS-500,OpsTrax Certification Lab,1.2.7,Active,Provisioned,SE-DEPOT,,,,,08/26/2026 01:26:55
SEDEPOT-DEV-0049,990000001000489,GPS,Certification GPS-500,OpsTrax Certification Lab,1.3.8,Active,Provisioned,SE-DEPOT,,,,,08/26/2026 01:26:55
SEDEPOT-DEV-0050,990000001000490,GPS,Certification GPS-500,OpsTrax Certification Lab,1.4.9,Active,Provisioned,SE-DEPOT,,,,,08/26/2026 01:26:55
SEDEPOT-DEV-0051,990000001000491,GPS,Certification GPS-500,OpsTrax Certification Lab,1.0.0,Active,Provisioned,SE-DEPOT,,,,,08/26/2026 01:26:55
SEDEPOT-DEV-0052,990000001000492,GPS,Certification GPS-500,OpsTrax Certification Lab,1.1.1,Active,Provisioned,SE-DEPOT,,,,,08/26/2026 01:26:55
SEDEPOT-DEV-0053,990000001000493,GPS,Certification GPS-500,OpsTrax Certification Lab,1.2.2,Active,Provisioned,SE-DEPOT,,,,,08/26/2026 01:26:55
SEDEPOT-DEV-0054,990000001000494,GPS,Certification GPS-500,OpsTrax Certification Lab,1.3.3,Active,Provisioned,SE-DEPOT,,,,,08/26/2026 01:26:55
SEDEPOT-DEV-0055,990000001000495,GPS,Certification GPS-500,OpsTrax Certification Lab,1.4.4,Active,Provisioned,SE-DEPOT,,,,,08/26/2026 01:26:55
SEDEPOT-DEV-0056,990000001000496,GPS,Certification GPS-500,OpsTrax Certification Lab,1.0.5,Active,Provisioned,SE-DEPOT,,,,,08/26/2026 01:26:55
SEDEPOT-DEV-0057,990000001000497,GPS,Certification GPS-500,OpsTrax Certification Lab,1.1.6,Active,Provisioned,SE-DEPOT,,,,,08/26/2026 01:26:55
SEDEPOT-DEV-0058,990000001000498,GPS,Certification GPS-500,OpsTrax Certification Lab,1.2.7,Active,Provisioned,SE-DEPOT,,,,,08/26/2026 01:26:55
SEDEPOT-DEV-0059,990000001000499,GPS,Certification GPS-500,OpsTrax Certification Lab,1.3.8,Active,Provisioned,SE-DEPOT,,,,,08/26/2026 01:26:55
SEDEPOT-DEV-0060,990000001000500,GPS,Certification GPS-500,OpsTrax Certification Lab,1.4.9,Active,Provisioned,SE-DEPOT,,,,,08/26/2026 01:26:55
SEDEPOT-DEV-0061,990000001000501,GPS,Certification GPS-500,OpsTrax Certification Lab,1.0.0,Active,Provisioned,SE-DEPOT,,,,,08/26/2026 01:26:55
SEDEPOT-DEV-0062,990000001000502,GPS,Certification GPS-500,OpsTrax Certification Lab,1.1.1,Active,Provisioned,SE-DEPOT,,,,,08/26/2026 01:26:55
SEDEPOT-DEV-0063,990000001000503,GPS,Certification GPS-500,OpsTrax Certification Lab,1.2.2,Active,Provisioned,SE-DEPOT,,,,,08/26/2026 01:26:55
SEDEPOT-DEV-0064,990000001000504,GPS,Certification GPS-500,OpsTrax Certification Lab,1.3.3,Active,Provisioned,SE-DEPOT,,,,,08/26/2026 01:26:55
SEDEPOT-DEV-0065,990000001000505,GPS,Certification GPS-500,OpsTrax Certification Lab,1.4.4,Active,Provisioned,SE-DEPOT,,,,,08/26/2026 01:26:55
SEDEPOT-DEV-0066,990000001000506,GPS,Certification GPS-500,OpsTrax Certification Lab,1.0.5,Active,Provisioned,SE-DEPOT,,,,,08/26/2026 01:26:55
SEDEPOT-DEV-0067,990000001000507,GPS,Certification GPS-500,OpsTrax Certification Lab,1.1.6,Active,Provisioned,SE-DEPOT,,,,,08/26/2026 01:26:55
SEDEPOT-DEV-0068,990000001000508,GPS,Certification GPS-500,OpsTrax Certification Lab,1.2.7,Active,Provisioned,SE-DEPOT,,,,,08/26/2026 01:26:55
SEDEPOT-DEV-0069,990000001000509,GPS,Certification GPS-500,OpsTrax Certification Lab,1.3.8,Active,Provisioned,SE-DEPOT,,,,,08/26/2026 01:26:55
SEDEPOT-DEV-0070,990000001000510,GPS,Certification GPS-500,OpsTrax Certification Lab,1.4.9,Active,Provisioned,SE-DEPOT,,,,,08/26/2026 01:26:55
SEDEPOT-DEV-0071,990000001000511,GPS,Certification GPS-500,OpsTrax Certification Lab,1.0.0,Active,Provisioned,SE-DEPOT,,,,,08/26/2026 01:26:55
SEDEPOT-DEV-0072,990000001000512,GPS,Certification GPS-500,OpsTrax Certification Lab,1.1.1,Active,Provisioned,SE-DEPOT,,,,,08/26/2026 01:26:55
SEDEPOT-DEV-0073,990000001000513,GPS,Certification GPS-500,OpsTrax Certification Lab,1.2.2,Active,Provisioned,SE-DEPOT,,,,,08/26/2026 01:26:55
SEDEPOT-DEV-0074,990000001000514,GPS,Certification GPS-500,OpsTrax Certification Lab,1.3.3,Active,Provisioned,SE-DEPOT,,,,,08/26/2026 01:26:55
SEDEPOT-DEV-0075,990000001000515,GPS,Certification GPS-500,OpsTrax Certification Lab,1.4.4,Active,Provisioned,SE-DEPOT,,,,,08/26/2026 01:26:55
SEDEPOT-DEV-0076,990000001000516,GPS,Certification GPS-500,OpsTrax Certification Lab,1.0.5,Active,Provisioned,SE-DEPOT,,,,,08/26/2026 01:26:55
SEDEPOT-DEV-0077,990000001000517,GPS,Certification GPS-500,OpsTrax Certification Lab,1.1.6,Active,Provisioned,SE-DEPOT,,,,,08/26/2026 01:26:55
SEDEPOT-DEV-0078,990000001000518,GPS,Certification GPS-500,OpsTrax Certification Lab,1.2.7,Active,Provisioned,SE-DEPOT,,,,,08/26/2026 01:26:55
SEDEPOT-DEV-0079,990000001000519,GPS,Certification GPS-500,OpsTrax Certification Lab,1.3.8,Active,Provisioned,SE-DEPOT,,,,,08/26/2026 01:26:55
SEDEPOT-DEV-0080,990000001000520,GPS,Certification GPS-500,OpsTrax Certification Lab,1.4.9,Active,Provisioned,SE-DEPOT,,,,,08/26/2026 01:26:55
SEDEPOT-DEV-0081,990000001000521,GPS,Certification GPS-500,OpsTrax Certification Lab,1.0.0,Active,Provisioned,SE-DEPOT,,,,,08/26/2026 01:26:55
SEDEPOT-DEV-0082,990000001000522,GPS,Certification GPS-500,OpsTrax Certification Lab,1.1.1,Active,Provisioned,SE-DEPOT,,,,,08/26/2026 01:26:55
SEDEPOT-DEV-0083,990000001000523,GPS,Certification GPS-500,OpsTrax Certification Lab,1.2.2,Active,Provisioned,SE-DEPOT,,,,,08/26/2026 01:26:55
SEDEPOT-DEV-0084,990000001000524,GPS,Certification GPS-500,OpsTrax Certification Lab,1.3.3,Active,Provisioned,SE-DEPOT,,,,,08/26/2026 01:26:55
SEDEPOT-DEV-0085,990000001000525,GPS,Certification GPS-500,OpsTrax Certification Lab,1.4.4,Active,Provisioned,SE-DEPOT,,,,,08/26/2026 01:26:55
SEDEPOT-DEV-0086,990000001000526,GPS,Certification GPS-500,OpsTrax Certification Lab,1.0.5,Active,Provisioned,SE-DEPOT,,,,,08/26/2026 01:26:55
SEDEPOT-DEV-0087,990000001000527,GPS,Certification GPS-500,OpsTrax Certification Lab,1.1.6,Active,Provisioned,SE-DEPOT,,,,,08/26/2026 01:26:55
SEDEPOT-DEV-0088,990000001000528,GPS,Certification GPS-500,OpsTrax Certification Lab,1.2.7,Active,Provisioned,SE-DEPOT,,,,,08/26/2026 01:26:55
SEDEPOT-DEV-0089,990000001000529,GPS,Certification GPS-500,OpsTrax Certification Lab,1.3.8,Active,Provisioned,SE-DEPOT,,,,,08/26/2026 01:26:55
SEDEPOT-DEV-0090,990000001000530,GPS,Certification GPS-500,OpsTrax Certification Lab,1.4.9,Active,Provisioned,SE-DEPOT,,,,,08/26/2026 01:26:55
SEDEPOT-DEV-0091,990000001000531,GPS,Certification GPS-500,OpsTrax Certification Lab,1.0.0,Active,Provisioned,SE-DEPOT,,,,,08/26/2026 01:26:55
SEDEPOT-DEV-0092,990000001000532,GPS,Certification GPS-500,OpsTrax Certification Lab,1.1.1,Active,Provisioned,SE-DEPOT,,,,,08/26/2026 01:26:55
SEDEPOT-DEV-0093,990000001000533,GPS,Certification GPS-500,OpsTrax Certification Lab,1.2.2,Active,Provisioned,SE-DEPOT,,,,,08/26/2026 01:26:55
SEDEPOT-DEV-0094,990000001000534,GPS,Certification GPS-500,OpsTrax Certification Lab,1.3.3,Active,Provisioned,SE-DEPOT,,,,,08/26/2026 01:26:55
SEDEPOT-DEV-0095,990000001000535,GPS,Certification GPS-500,OpsTrax Certification Lab,1.4.4,Active,Provisioned,SE-DEPOT,,,,,08/26/2026 01:26:55
SEDEPOT-DEV-0096,990000001000536,GPS,Certification GPS-500,OpsTrax Certification Lab,1.0.5,Active,Provisioned,SE-DEPOT,,,,,08/26/2026 01:26:55
SEDEPOT-DEV-0097,990000001000537,GPS,Certification GPS-500,OpsTrax Certification Lab,1.1.6,Active,Provisioned,SE-DEPOT,,,,,08/26/2026 01:26:55
SEDEPOT-DEV-0098,990000001000538,GPS,Certification GPS-500,OpsTrax Certification Lab,1.2.7,Active,Provisioned,SE-DEPOT,,,,,08/26/2026 01:26:55
SEDEPOT-DEV-0099,990000001000539,GPS,Certification GPS-500,OpsTrax Certification Lab,1.3.8,Active,Provisioned,SE-DEPOT,,,,,08/26/2026 01:26:55
SEDEPOT-DEV-0100,990000001000540,GPS,Certification GPS-500,OpsTrax Certification Lab,1.4.9,Active,Provisioned,SE-DEPOT,,,,,08/26/2026 01:26:55
SEDEPOT-DEV-0101,990000001000541,GPS,Certification GPS-500,OpsTrax Certification Lab,1.0.0,Active,Provisioned,SE-DEPOT,,,,,08/26/2026 01:26:55
SEDEPOT-DEV-0102,990000001000542,GPS,Certification GPS-500,OpsTrax Certification Lab,1.1.1,Active,Provisioned,SE-DEPOT,,,,,08/26/2026 01:26:55
SEDEPOT-DEV-0103,990000001000543,GPS,Certification GPS-500,OpsTrax Certification Lab,1.2.2,Active,Provisioned,SE-DEPOT,,,,,08/26/2026 01:26:55
SEDEPOT-DEV-0104,990000001000544,GPS,Certification GPS-500,OpsTrax Certification Lab,1.3.3,Active,Provisioned,SE-DEPOT,,,,,08/26/2026 01:26:55
SEDEPOT-DEV-0105,990000001000545,GPS,Certification GPS-500,OpsTrax Certification Lab,1.4.4,Active,Provisioned,SE-DEPOT,,,,,08/26/2026 01:26:55
SEDEPOT-DEV-0106,990000001000546,GPS,Certification GPS-500,OpsTrax Certification Lab,1.0.5,Active,Provisioned,SE-DEPOT,,,,,08/26/2026 01:26:55
SEDEPOT-DEV-0107,990000001000547,GPS,Certification GPS-500,OpsTrax Certification Lab,1.1.6,Active,Provisioned,SE-DEPOT,,,,,08/26/2026 01:26:55
SEDEPOT-DEV-0108,990000001000548,GPS,Certification GPS-500,OpsTrax Certification Lab,1.2.7,Active,Provisioned,SE-DEPOT,,,,,08/26/2026 01:26:55
SEDEPOT-DEV-0109,990000001000549,GPS,Certification GPS-500,OpsTrax Certification Lab,1.3.8,Active,Provisioned,SE-DEPOT,,,,,08/26/2026 01:26:55
SEDEPOT-DEV-0110,990000001000550,GPS,Certification GPS-500,OpsTrax Certification Lab,1.4.9,Active,Provisioned,SE-DEPOT,,,,,08/26/2026 01:26:55
SEDEPOT-DEV-0111,990000001000551,GPS,Certification GPS-500,OpsTrax Certification Lab,1.0.0,Active,Provisioned,SE-DEPOT,,,,,08/26/2026 01:26:55
SEDEPOT-DEV-0112,990000001000552,GPS,Certification GPS-500,OpsTrax Certification Lab,1.1.1,Active,Provisioned,SE-DEPOT,,,,,08/26/2026 01:26:55
SEDEPOT-DEV-0113,990000001000553,GPS,Certification GPS-500,OpsTrax Certification Lab,1.2.2,Active,Provisioned,SE-DEPOT,,,,,08/26/2026 01:26:55
SEDEPOT-DEV-0114,990000001000554,GPS,Certification GPS-500,OpsTrax Certification Lab,1.3.3,Active,Provisioned,SE-DEPOT,,,,,08/26/2026 01:26:55
SEDEPOT-DEV-0115,990000001000555,GPS,Certification GPS-500,OpsTrax Certification Lab,1.4.4,Active,Provisioned,SE-DEPOT,,,,,08/26/2026 01:26:55
SEDEPOT-DEV-0116,990000001000556,GPS,Certification GPS-500,OpsTrax Certification Lab,1.0.5,Active,Provisioned,SE-DEPOT,,,,,08/26/2026 01:26:55
SEDEPOT-DEV-0117,990000001000557,GPS,Certification GPS-500,OpsTrax Certification Lab,1.1.6,Active,Provisioned,SE-DEPOT,,,,,08/26/2026 01:26:55
SEDEPOT-DEV-0118,990000001000558,GPS,Certification GPS-500,OpsTrax Certification Lab,1.2.7,Active,Provisioned,SE-DEPOT,,,,,08/26/2026 01:26:55
SEDEPOT-DEV-0119,990000001000559,GPS,Certification GPS-500,OpsTrax Certification Lab,1.3.8,Active,Provisioned,SE-DEPOT,,,,,08/26/2026 01:26:55
SEDEPOT-DEV-0120,990000001000560,GPS,Certification GPS-500,OpsTrax Certification Lab,1.4.9,Active,Provisioned,SE-DEPOT,,,,,08/26/2026 01:26:55
SEDEPOT-DEV-0121,990000001000561,GPS,Certification GPS-500,OpsTrax Certification Lab,1.0.0,Active,Provisioned,SE-DEPOT,,,,,08/26/2026 01:26:55
SEDEPOT-DEV-0122,990000001000562,GPS,Certification GPS-500,OpsTrax Certification Lab,1.1.1,Active,Provisioned,SE-DEPOT,,,,,08/26/2026 01:26:55
SEDEPOT-DEV-0123,990000001000563,GPS,Certification GPS-500,OpsTrax Certification Lab,1.2.2,Active,Provisioned,SE-DEPOT,,,,,08/26/2026 01:26:55
SEDEPOT-DEV-0124,990000001000564,GPS,Certification GPS-500,OpsTrax Certification Lab,1.3.3,Active,Provisioned,SE-DEPOT,,,,,08/26/2026 01:26:55
SEDEPOT-DEV-0125,990000001000565,GPS,Certification GPS-500,OpsTrax Certification Lab,1.4.4,Active,Provisioned,SE-DEPOT,,,,,08/26/2026 01:26:55
SEDEPOT-DEV-0126,990000001000566,GPS,Certification GPS-500,OpsTrax Certification Lab,1.0.5,Active,Provisioned,SE-DEPOT,,,,,08/26/2026 01:26:55
SEDEPOT-DEV-0127,990000001000567,GPS,Certification GPS-500,OpsTrax Certification Lab,1.1.6,Active,Provisioned,SE-DEPOT,,,,,08/26/2026 01:26:55
SEDEPOT-DEV-0128,990000001000568,GPS,Certification GPS-500,OpsTrax Certification Lab,1.2.7,Active,Provisioned,SE-DEPOT,,,,,08/26/2026 01:26:55
SEDEPOT-DEV-0129,990000001000569,GPS,Certification GPS-500,OpsTrax Certification Lab,1.3.8,Active,Provisioned,SE-DEPOT,,,,,08/26/2026 01:26:55
SEDEPOT-DEV-0130,990000001000570,GPS,Certification GPS-500,OpsTrax Certification Lab,1.4.9,Active,Provisioned,SE-DEPOT,,,,,08/26/2026 01:26:55
SEDEPOT-DEV-0131,990000001000571,GPS,Certification GPS-500,OpsTrax Certification Lab,1.0.0,Active,Provisioned,SE-DEPOT,,,,,08/26/2026 01:26:55
SEDEPOT-DEV-0132,990000001000572,GPS,Certification GPS-500,OpsTrax Certification Lab,1.1.1,Active,Provisioned,SE-DEPOT,,,,,08/26/2026 01:26:55
SEDEPOT-DEV-0133,990000001000573,GPS,Certification GPS-500,OpsTrax Certification Lab,1.2.2,Active,Provisioned,SE-DEPOT,,,,,08/26/2026 01:26:55
SEDEPOT-DEV-0134,990000001000574,GPS,Certification GPS-500,OpsTrax Certification Lab,1.3.3,Active,Provisioned,SE-DEPOT,,,,,08/26/2026 01:26:55
SEDEPOT-DEV-0135,990000001000575,GPS,Certification GPS-500,OpsTrax Certification Lab,1.4.4,Active,Provisioned,SE-DEPOT,,,,,08/26/2026 01:26:55
SEDEPOT-DEV-0136,990000001000576,GPS,Certification GPS-500,OpsTrax Certification Lab,1.0.5,Active,Provisioned,SE-DEPOT,,,,,08/26/2026 01:26:55
SEDEPOT-DEV-0137,990000001000577,GPS,Certification GPS-500,OpsTrax Certification Lab,1.1.6,Active,Provisioned,SE-DEPOT,,,,,08/26/2026 01:26:55
SEDEPOT-DEV-0138,990000001000578,GPS,Certification GPS-500,OpsTrax Certification Lab,1.2.7,Active,Provisioned,SE-DEPOT,,,,,08/26/2026 01:26:55
SEDEPOT-DEV-0139,990000001000579,GPS,Certification GPS-500,OpsTrax Certification Lab,1.3.8,Active,Provisioned,SE-DEPOT,,,,,08/26/2026 01:26:55
SEDEPOT-DEV-0140,990000001000580,GPS,Certification GPS-500,OpsTrax Certification Lab,1.4.9,Active,Provisioned,SE-DEPOT,,,,,08/26/2026 01:26:55
SEDEPOT-DEV-0141,990000001000581,GPS,Certification GPS-500,OpsTrax Certification Lab,1.0.0,Active,Provisioned,SE-DEPOT,,,,,08/26/2026 01:26:55
SEDEPOT-DEV-0142,990000001000582,GPS,Certification GPS-500,OpsTrax Certification Lab,1.1.1,Active,Provisioned,SE-DEPOT,,,,,08/26/2026 01:26:55
SEDEPOT-DEV-0143,990000001000583,GPS,Certification GPS-500,OpsTrax Certification Lab,1.2.2,Active,Provisioned,SE-DEPOT,,,,,08/26/2026 01:26:55
SEDEPOT-DEV-0144,990000001000584,GPS,Certification GPS-500,OpsTrax Certification Lab,1.3.3,Active,Provisioned,SE-DEPOT,,,,,08/26/2026 01:26:55
SEDEPOT-DEV-0145,990000001000585,GPS,Certification GPS-500,OpsTrax Certification Lab,1.4.4,Active,Provisioned,SE-DEPOT,,,,,08/26/2026 01:26:55
SEDEPOT-DEV-0146,990000001000586,GPS,Certification GPS-500,OpsTrax Certification Lab,1.0.5,Active,Provisioned,SE-DEPOT,,,,,08/26/2026 01:26:55
SEDEPOT-DEV-0147,990000001000587,GPS,Certification GPS-500,OpsTrax Certification Lab,1.1.6,Active,Provisioned,SE-DEPOT,,,,,08/26/2026 01:26:55
SEDEPOT-DEV-0148,990000001000588,GPS,Certification GPS-500,OpsTrax Certification Lab,1.2.7,Active,Provisioned,SE-DEPOT,,,,,08/26/2026 01:26:55
SEDEPOT-DEV-0149,990000001000589,GPS,Certification GPS-500,OpsTrax Certification Lab,1.3.8,Active,Provisioned,SE-DEPOT,,,,,08/26/2026 01:26:55
SEDEPOT-DEV-0150,990000001000590,GPS,Certification GPS-500,OpsTrax Certification Lab,1.4.9,Active,Provisioned,SE-DEPOT,,,,,08/26/2026 01:26:55
SEDEPOT-DEV-0151,990000001000591,GPS,Certification GPS-500,OpsTrax Certification Lab,1.0.0,Active,Provisioned,SE-DEPOT,,,,,08/26/2026 01:26:55
SEDEPOT-DEV-0152,990000001000592,GPS,Certification GPS-500,OpsTrax Certification Lab,1.1.1,Active,Provisioned,SE-DEPOT,,,,,08/26/2026 01:26:55
SEDEPOT-DEV-0153,990000001000593,GPS,Certification GPS-500,OpsTrax Certification Lab,1.2.2,Active,Provisioned,SE-DEPOT,,,,,08/26/2026 01:26:55
SEDEPOT-DEV-0154,990000001000594,GPS,Certification GPS-500,OpsTrax Certification Lab,1.3.3,Active,Provisioned,SE-DEPOT,,,,,08/26/2026 01:26:55
SEDEPOT-DEV-0155,990000001000595,GPS,Certification GPS-500,OpsTrax Certification Lab,1.4.4,Active,Provisioned,SE-DEPOT,,,,,08/26/2026 01:26:55
SEDEPOT-DEV-0156,990000001000596,GPS,Certification GPS-500,OpsTrax Certification Lab,1.0.5,Active,Provisioned,SE-DEPOT,,,,,08/26/2026 01:26:55
SEDEPOT-DEV-0157,990000001000597,GPS,Certification GPS-500,OpsTrax Certification Lab,1.1.6,Active,Provisioned,SE-DEPOT,,,,,08/26/2026 01:26:55
SEDEPOT-DEV-0158,990000001000598,GPS,Certification GPS-500,OpsTrax Certification Lab,1.2.7,Active,Provisioned,SE-DEPOT,,,,,08/26/2026 01:26:55
SEDEPOT-DEV-0159,990000001000599,GPS,Certification GPS-500,OpsTrax Certification Lab,1.3.8,Active,Provisioned,SE-DEPOT,,,,,08/26/2026 01:26:55
SEDEPOT-DEV-0160,990000001000600,GPS,Certification GPS-500,OpsTrax Certification Lab,1.4.9,Active,Provisioned,SE-DEPOT,,,,,08/26/2026 01:26:55
SEDEPOT-DEV-0161,990000001000601,GPS,Certification GPS-500,OpsTrax Certification Lab,1.0.0,Active,Provisioned,SE-DEPOT,,,,,08/26/2026 01:26:55
SEDEPOT-DEV-0162,990000001000602,GPS,Certification GPS-500,OpsTrax Certification Lab,1.1.1,Active,Provisioned,SE-DEPOT,,,,,08/26/2026 01:26:55
SEDEPOT-DEV-0163,990000001000603,GPS,Certification GPS-500,OpsTrax Certification Lab,1.2.2,Active,Provisioned,SE-DEPOT,,,,,08/26/2026 01:26:55
SEDEPOT-DEV-0164,990000001000604,GPS,Certification GPS-500,OpsTrax Certification Lab,1.3.3,Active,Provisioned,SE-DEPOT,,,,,08/26/2026 01:26:55
SEDEPOT-DEV-0165,990000001000605,GPS,Certification GPS-500,OpsTrax Certification Lab,1.4.4,Active,Provisioned,SE-DEPOT,,,,,08/26/2026 01:26:55
SEDEPOT-DEV-0166,990000001000606,GPS,Certification GPS-500,OpsTrax Certification Lab,1.0.5,Active,Provisioned,SE-DEPOT,,,,,08/26/2026 01:26:55
SEDEPOT-DEV-0167,990000001000607,GPS,Certification GPS-500,OpsTrax Certification Lab,1.1.6,Active,Provisioned,SE-DEPOT,,,,,08/26/2026 01:26:55
SEDEPOT-DEV-0168,990000001000608,GPS,Certification GPS-500,OpsTrax Certification Lab,1.2.7,Active,Provisioned,SE-DEPOT,,,,,08/26/2026 01:26:55
SEDEPOT-DEV-0169,990000001000609,GPS,Certification GPS-500,OpsTrax Certification Lab,1.3.8,Active,Provisioned,SE-DEPOT,,,,,08/26/2026 01:26:55
SEDEPOT-DEV-0170,990000001000610,GPS,Certification GPS-500,OpsTrax Certification Lab,1.4.9,Active,Provisioned,SE-DEPOT,,,,,08/26/2026 01:26:55
SEDEPOT-DEV-0171,990000001000611,GPS,Certification GPS-500,OpsTrax Certification Lab,1.0.0,Active,Provisioned,SE-DEPOT,,,,,08/26/2026 01:26:55
SEDEPOT-DEV-0172,990000001000612,GPS,Certification GPS-500,OpsTrax Certification Lab,1.1.1,Active,Provisioned,SE-DEPOT,,,,,08/26/2026 01:26:55
SEDEPOT-DEV-0173,990000001000613,GPS,Certification GPS-500,OpsTrax Certification Lab,1.2.2,Active,Provisioned,SE-DEPOT,,,,,08/26/2026 01:26:55
SEDEPOT-DEV-0174,990000001000614,GPS,Certification GPS-500,OpsTrax Certification Lab,1.3.3,Active,Provisioned,SE-DEPOT,,,,,08/26/2026 01:26:55
SEDEPOT-DEV-0175,990000001000615,GPS,Certification GPS-500,OpsTrax Certification Lab,1.4.4,Active,Provisioned,SE-DEPOT,,,,,08/26/2026 01:26:55
SEDEPOT-DEV-0176,990000001000616,GPS,Certification GPS-500,OpsTrax Certification Lab,1.0.5,Active,Provisioned,SE-DEPOT,,,,,08/26/2026 01:26:55
SEDEPOT-DEV-0177,990000001000617,GPS,Certification GPS-500,OpsTrax Certification Lab,1.1.6,Active,Provisioned,SE-DEPOT,,,,,08/26/2026 01:26:55
SEDEPOT-DEV-0178,990000001000618,GPS,Certification GPS-500,OpsTrax Certification Lab,1.2.7,Active,Provisioned,SE-DEPOT,,,,,08/26/2026 01:26:55
SEDEPOT-DEV-0179,990000001000619,GPS,Certification GPS-500,OpsTrax Certification Lab,1.3.8,Active,Provisioned,SE-DEPOT,,,,,08/26/2026 01:26:55
SEDEPOT-DEV-0180,990000001000620,GPS,Certification GPS-500,OpsTrax Certification Lab,1.4.9,Active,Provisioned,SE-DEPOT,,,,,08/26/2026 01:26:55
SEDEPOT-DEV-0181,990000001000621,GPS,Certification GPS-500,OpsTrax Certification Lab,1.0.0,Active,Provisioned,SE-DEPOT,,,,,08/26/2026 01:26:55
SEDEPOT-DEV-0182,990000001000622,GPS,Certification GPS-500,OpsTrax Certification Lab,1.1.1,Active,Provisioned,SE-DEPOT,,,,,08/26/2026 01:26:55
SEDEPOT-DEV-0183,990000001000623,GPS,Certification GPS-500,OpsTrax Certification Lab,1.2.2,Active,Provisioned,SE-DEPOT,,,,,08/26/2026 01:26:55
SEDEPOT-DEV-0184,990000001000624,GPS,Certification GPS-500,OpsTrax Certification Lab,1.3.3,Active,Provisioned,SE-DEPOT,,,,,08/26/2026 01:26:55
SEDEPOT-DEV-0185,990000001000625,GPS,Certification GPS-500,OpsTrax Certification Lab,1.4.4,Active,Provisioned,SE-DEPOT,,,,,08/26/2026 01:26:55
SEDEPOT-DEV-0186,990000001000626,GPS,Certification GPS-500,OpsTrax Certification Lab,1.0.5,Active,Provisioned,SE-DEPOT,,,,,08/26/2026 01:26:55
SEDEPOT-DEV-0187,990000001000627,GPS,Certification GPS-500,OpsTrax Certification Lab,1.1.6,Active,Provisioned,SE-DEPOT,,,,,08/26/2026 01:26:55
SEDEPOT-DEV-0188,990000001000628,GPS,Certification GPS-500,OpsTrax Certification Lab,1.2.7,Active,Provisioned,SE-DEPOT,,,,,08/26/2026 01:26:55
SEDEPOT-DEV-0189,990000001000629,GPS,Certification GPS-500,OpsTrax Certification Lab,1.3.8,Active,Provisioned,SE-DEPOT,,,,,08/26/2026 01:26:55
SEDEPOT-DEV-0190,990000001000630,GPS,Certification GPS-500,OpsTrax Certification Lab,1.4.9,Active,Provisioned,SE-DEPOT,,,,,08/26/2026 01:26:55
SEDEPOT-DEV-0191,990000001000631,GPS,Certification GPS-500,OpsTrax Certification Lab,1.0.0,Active,Provisioned,SE-DEPOT,,,,,08/26/2026 01:26:55
SEDEPOT-DEV-0192,990000001000632,GPS,Certification GPS-500,OpsTrax Certification Lab,1.1.1,Active,Provisioned,SE-DEPOT,,,,,08/26/2026 01:26:55
SEDEPOT-DEV-0193,990000001000633,GPS,Certification GPS-500,OpsTrax Certification Lab,1.2.2,Active,Provisioned,SE-DEPOT,,,,,08/26/2026 01:26:55
SEDEPOT-DEV-0194,990000001000634,GPS,Certification GPS-500,OpsTrax Certification Lab,1.3.3,Active,Provisioned,SE-DEPOT,,,,,08/26/2026 01:26:55
SEDEPOT-DEV-0195,990000001000635,GPS,Certification GPS-500,OpsTrax Certification Lab,1.4.4,Active,Provisioned,SE-DEPOT,,,,,08/26/2026 01:26:55
SEDEPOT-DEV-0196,990000001000636,GPS,Certification GPS-500,OpsTrax Certification Lab,1.0.5,Active,Provisioned,SE-DEPOT,,,,,08/26/2026 01:26:55
SEDEPOT-DEV-0197,990000001000637,GPS,Certification GPS-500,OpsTrax Certification Lab,1.1.6,Active,Provisioned,SE-DEPOT,,,,,08/26/2026 01:26:55
SEDEPOT-DEV-0198,990000001000638,GPS,Certification GPS-500,OpsTrax Certification Lab,1.2.7,Active,Provisioned,SE-DEPOT,,,,,08/26/2026 01:26:55
SEDEPOT-DEV-0199,990000001000639,GPS,Certification GPS-500,OpsTrax Certification Lab,1.3.8,Active,Provisioned,SE-DEPOT,,,,,08/26/2026 01:26:55
SEDEPOT-DEV-0200,990000001000640,GPS,Certification GPS-500,OpsTrax Certification Lab,1.4.9,Active,Provisioned,SE-DEPOT,,,,,08/26/2026 01:26:55
SEDEPOT-DEV-0201,990000001000641,ELD,Certification ELD-200,OpsTrax Certification Lab,1.0.0,Active,Provisioned,SE-DEPOT,,,,,08/26/2026 01:26:55
SEDEPOT-DEV-0202,990000001000642,ELD,Certification ELD-200,OpsTrax Certification Lab,1.1.1,Active,Provisioned,SE-DEPOT,,,,,08/26/2026 01:26:55
SEDEPOT-DEV-0203,990000001000643,ELD,Certification ELD-200,OpsTrax Certification Lab,1.2.2,Active,Provisioned,SE-DEPOT,,,,,08/26/2026 01:26:55
SEDEPOT-DEV-0204,990000001000644,ELD,Certification ELD-200,OpsTrax Certification Lab,1.3.3,Active,Provisioned,SE-DEPOT,,,,,08/26/2026 01:26:55
SEDEPOT-DEV-0205,990000001000645,ELD,Certification ELD-200,OpsTrax Certification Lab,1.4.4,Active,Provisioned,SE-DEPOT,,,,,08/26/2026 01:26:55
SEDEPOT-DEV-0206,990000001000646,ELD,Certification ELD-200,OpsTrax Certification Lab,1.0.5,Active,Provisioned,SE-DEPOT,,,,,08/26/2026 01:26:55
SEDEPOT-DEV-0207,990000001000647,ELD,Certification ELD-200,OpsTrax Certification Lab,1.1.6,Active,Provisioned,SE-DEPOT,,,,,08/26/2026 01:26:55
SEDEPOT-DEV-0208,990000001000648,ELD,Certification ELD-200,OpsTrax Certification Lab,1.2.7,Active,Provisioned,SE-DEPOT,,,,,08/26/2026 01:26:55
SEDEPOT-DEV-0209,990000001000649,ELD,Certification ELD-200,OpsTrax Certification Lab,1.3.8,Active,Provisioned,SE-DEPOT,,,,,08/26/2026 01:26:55
SEDEPOT-DEV-0210,990000001000650,ELD,Certification ELD-200,OpsTrax Certification Lab,1.4.9,Active,Provisioned,SE-DEPOT,,,,,08/26/2026 01:26:55
SEDEPOT-DEV-0211,990000001000651,ELD,Certification ELD-200,OpsTrax Certification Lab,1.0.0,Active,Provisioned,SE-DEPOT,,,,,08/26/2026 01:26:55
SEDEPOT-DEV-0212,990000001000652,ELD,Certification ELD-200,OpsTrax Certification Lab,1.1.1,Active,Provisioned,SE-DEPOT,,,,,08/26/2026 01:26:55
SEDEPOT-DEV-0213,990000001000653,ELD,Certification ELD-200,OpsTrax Certification Lab,1.2.2,Active,Provisioned,SE-DEPOT,,,,,08/26/2026 01:26:55
SEDEPOT-DEV-0214,990000001000654,ELD,Certification ELD-200,OpsTrax Certification Lab,1.3.3,Active,Provisioned,SE-DEPOT,,,,,08/26/2026 01:26:55
SEDEPOT-DEV-0215,990000001000655,ELD,Certification ELD-200,OpsTrax Certification Lab,1.4.4,Active,Provisioned,SE-DEPOT,,,,,08/26/2026 01:26:55
SEDEPOT-DEV-0216,990000001000656,ELD,Certification ELD-200,OpsTrax Certification Lab,1.0.5,Active,Provisioned,SE-DEPOT,,,,,08/26/2026 01:26:55
SEDEPOT-DEV-0217,990000001000657,ELD,Certification ELD-200,OpsTrax Certification Lab,1.1.6,Active,Provisioned,SE-DEPOT,,,,,08/26/2026 01:26:55
SEDEPOT-DEV-0218,990000001000658,ELD,Certification ELD-200,OpsTrax Certification Lab,1.2.7,Active,Provisioned,SE-DEPOT,,,,,08/26/2026 01:26:55
SEDEPOT-DEV-0219,990000001000659,ELD,Certification ELD-200,OpsTrax Certification Lab,1.3.8,Active,Provisioned,SE-DEPOT,,,,,08/26/2026 01:26:55
SEDEPOT-DEV-0220,990000001000660,ELD,Certification ELD-200,OpsTrax Certification Lab,1.4.9,Active,Provisioned,SE-DEPOT,,,,,08/26/2026 01:26:55
WESTHUB-DEV-0001,990000001000881,GPS,Certification GPS-500,OpsTrax Certification Lab,1.0.0,Active,Provisioned,WEST-HUB,,,,,08/26/2026 01:36:54
WESTHUB-DEV-0002,990000001000882,GPS,Certification GPS-500,OpsTrax Certification Lab,1.1.1,Active,Provisioned,WEST-HUB,,,,,08/26/2026 01:36:54
WESTHUB-DEV-0003,990000001000883,GPS,Certification GPS-500,OpsTrax Certification Lab,1.2.2,Active,Provisioned,WEST-HUB,,,,,08/26/2026 01:36:54
WESTHUB-DEV-0004,990000001000884,GPS,Certification GPS-500,OpsTrax Certification Lab,1.3.3,Active,Provisioned,WEST-HUB,,,,,08/26/2026 01:36:54
WESTHUB-DEV-0005,990000001000885,GPS,Certification GPS-500,OpsTrax Certification Lab,1.4.4,Active,Provisioned,WEST-HUB,,,,,08/26/2026 01:36:54
WESTHUB-DEV-0006,990000001000886,GPS,Certification GPS-500,OpsTrax Certification Lab,1.0.5,Active,Provisioned,WEST-HUB,,,,,08/26/2026 01:36:54
WESTHUB-DEV-0007,990000001000887,GPS,Certification GPS-500,OpsTrax Certification Lab,1.1.6,Active,Provisioned,WEST-HUB,,,,,08/26/2026 01:36:54
WESTHUB-DEV-0008,990000001000888,GPS,Certification GPS-500,OpsTrax Certification Lab,1.2.7,Active,Provisioned,WEST-HUB,,,,,08/26/2026 01:36:54
WESTHUB-DEV-0009,990000001000889,GPS,Certification GPS-500,OpsTrax Certification Lab,1.3.8,Active,Provisioned,WEST-HUB,,,,,08/26/2026 01:36:54
WESTHUB-DEV-0010,990000001000890,GPS,Certification GPS-500,OpsTrax Certification Lab,1.4.9,Active,Provisioned,WEST-HUB,,,,,08/26/2026 01:36:54
WESTHUB-DEV-0011,990000001000891,GPS,Certification GPS-500,OpsTrax Certification Lab,1.0.0,Active,Provisioned,WEST-HUB,,,,,08/26/2026 01:36:54
WESTHUB-DEV-0012,990000001000892,GPS,Certification GPS-500,OpsTrax Certification Lab,1.1.1,Active,Provisioned,WEST-HUB,,,,,08/26/2026 01:36:54
WESTHUB-DEV-0013,990000001000893,GPS,Certification GPS-500,OpsTrax Certification Lab,1.2.2,Active,Provisioned,WEST-HUB,,,,,08/26/2026 01:36:54
WESTHUB-DEV-0014,990000001000894,GPS,Certification GPS-500,OpsTrax Certification Lab,1.3.3,Active,Provisioned,WEST-HUB,,,,,08/26/2026 01:36:54
WESTHUB-DEV-0015,990000001000895,GPS,Certification GPS-500,OpsTrax Certification Lab,1.4.4,Active,Provisioned,WEST-HUB,,,,,08/26/2026 01:36:54
WESTHUB-DEV-0016,990000001000896,GPS,Certification GPS-500,OpsTrax Certification Lab,1.0.5,Active,Provisioned,WEST-HUB,,,,,08/26/2026 01:36:54
WESTHUB-DEV-0017,990000001000897,GPS,Certification GPS-500,OpsTrax Certification Lab,1.1.6,Active,Provisioned,WEST-HUB,,,,,08/26/2026 01:36:54
WESTHUB-DEV-0018,990000001000898,GPS,Certification GPS-500,OpsTrax Certification Lab,1.2.7,Active,Provisioned,WEST-HUB,,,,,08/26/2026 01:36:54
WESTHUB-DEV-0019,990000001000899,GPS,Certification GPS-500,OpsTrax Certification Lab,1.3.8,Active,Provisioned,WEST-HUB,,,,,08/26/2026 01:36:54
WESTHUB-DEV-0020,990000001000900,GPS,Certification GPS-500,OpsTrax Certification Lab,1.4.9,Active,Provisioned,WEST-HUB,,,,,08/26/2026 01:36:54
WESTHUB-DEV-0021,990000001000901,GPS,Certification GPS-500,OpsTrax Certification Lab,1.0.0,Active,Provisioned,WEST-HUB,,,,,08/26/2026 01:36:54
WESTHUB-DEV-0022,990000001000902,GPS,Certification GPS-500,OpsTrax Certification Lab,1.1.1,Active,Provisioned,WEST-HUB,,,,,08/26/2026 01:36:54
WESTHUB-DEV-0023,990000001000903,GPS,Certification GPS-500,OpsTrax Certification Lab,1.2.2,Active,Provisioned,WEST-HUB,,,,,08/26/2026 01:36:54
WESTHUB-DEV-0024,990000001000904,GPS,Certification GPS-500,OpsTrax Certification Lab,1.3.3,Active,Provisioned,WEST-HUB,,,,,08/26/2026 01:36:54
WESTHUB-DEV-0025,990000001000905,GPS,Certification GPS-500,OpsTrax Certification Lab,1.4.4,Active,Provisioned,WEST-HUB,,,,,08/26/2026 01:36:54
WESTHUB-DEV-0026,990000001000906,GPS,Certification GPS-500,OpsTrax Certification Lab,1.0.5,Active,Provisioned,WEST-HUB,,,,,08/26/2026 01:36:54
WESTHUB-DEV-0027,990000001000907,GPS,Certification GPS-500,OpsTrax Certification Lab,1.1.6,Active,Provisioned,WEST-HUB,,,,,08/26/2026 01:36:54
WESTHUB-DEV-0028,990000001000908,GPS,Certification GPS-500,OpsTrax Certification Lab,1.2.7,Active,Provisioned,WEST-HUB,,,,,08/26/2026 01:36:54
WESTHUB-DEV-0029,990000001000909,GPS,Certification GPS-500,OpsTrax Certification Lab,1.3.8,Active,Provisioned,WEST-HUB,,,,,08/26/2026 01:36:54
WESTHUB-DEV-0030,990000001000910,GPS,Certification GPS-500,OpsTrax Certification Lab,1.4.9,Active,Provisioned,WEST-HUB,,,,,08/26/2026 01:36:54
WESTHUB-DEV-0031,990000001000911,GPS,Certification GPS-500,OpsTrax Certification Lab,1.0.0,Active,Provisioned,WEST-HUB,,,,,08/26/2026 01:36:54
WESTHUB-DEV-0032,990000001000912,GPS,Certification GPS-500,OpsTrax Certification Lab,1.1.1,Active,Provisioned,WEST-HUB,,,,,08/26/2026 01:36:54
WESTHUB-DEV-0033,990000001000913,GPS,Certification GPS-500,OpsTrax Certification Lab,1.2.2,Active,Provisioned,WEST-HUB,,,,,08/26/2026 01:36:54
WESTHUB-DEV-0034,990000001000914,GPS,Certification GPS-500,OpsTrax Certification Lab,1.3.3,Active,Provisioned,WEST-HUB,,,,,08/26/2026 01:36:54
WESTHUB-DEV-0035,990000001000915,GPS,Certification GPS-500,OpsTrax Certification Lab,1.4.4,Active,Provisioned,WEST-HUB,,,,,08/26/2026 01:36:54
WESTHUB-DEV-0036,990000001000916,GPS,Certification GPS-500,OpsTrax Certification Lab,1.0.5,Active,Provisioned,WEST-HUB,,,,,08/26/2026 01:36:54
WESTHUB-DEV-0037,990000001000917,GPS,Certification GPS-500,OpsTrax Certification Lab,1.1.6,Active,Provisioned,WEST-HUB,,,,,08/26/2026 01:36:54
WESTHUB-DEV-0038,990000001000918,GPS,Certification GPS-500,OpsTrax Certification Lab,1.2.7,Active,Provisioned,WEST-HUB,,,,,08/26/2026 01:36:54
WESTHUB-DEV-0039,990000001000919,GPS,Certification GPS-500,OpsTrax Certification Lab,1.3.8,Active,Provisioned,WEST-HUB,,,,,08/26/2026 01:36:54
WESTHUB-DEV-0040,990000001000920,GPS,Certification GPS-500,OpsTrax Certification Lab,1.4.9,Active,Provisioned,WEST-HUB,,,,,08/26/2026 01:36:54
WESTHUB-DEV-0041,990000001000921,GPS,Certification GPS-500,OpsTrax Certification Lab,1.0.0,Active,Provisioned,WEST-HUB,,,,,08/26/2026 01:36:54
WESTHUB-DEV-0042,990000001000922,GPS,Certification GPS-500,OpsTrax Certification Lab,1.1.1,Active,Provisioned,WEST-HUB,,,,,08/26/2026 01:36:54
WESTHUB-DEV-0043,990000001000923,GPS,Certification GPS-500,OpsTrax Certification Lab,1.2.2,Active,Provisioned,WEST-HUB,,,,,08/26/2026 01:36:54
WESTHUB-DEV-0044,990000001000924,GPS,Certification GPS-500,OpsTrax Certification Lab,1.3.3,Active,Provisioned,WEST-HUB,,,,,08/26/2026 01:36:54
WESTHUB-DEV-0045,990000001000925,GPS,Certification GPS-500,OpsTrax Certification Lab,1.4.4,Active,Provisioned,WEST-HUB,,,,,08/26/2026 01:36:54
WESTHUB-DEV-0046,990000001000926,GPS,Certification GPS-500,OpsTrax Certification Lab,1.0.5,Active,Provisioned,WEST-HUB,,,,,08/26/2026 01:36:54
WESTHUB-DEV-0047,990000001000927,GPS,Certification GPS-500,OpsTrax Certification Lab,1.1.6,Active,Provisioned,WEST-HUB,,,,,08/26/2026 01:36:54
WESTHUB-DEV-0048,990000001000928,GPS,Certification GPS-500,OpsTrax Certification Lab,1.2.7,Active,Provisioned,WEST-HUB,,,,,08/26/2026 01:36:54
WESTHUB-DEV-0049,990000001000929,GPS,Certification GPS-500,OpsTrax Certification Lab,1.3.8,Active,Provisioned,WEST-HUB,,,,,08/26/2026 01:36:54
WESTHUB-DEV-0050,990000001000930,GPS,Certification GPS-500,OpsTrax Certification Lab,1.4.9,Active,Provisioned,WEST-HUB,,,,,08/26/2026 01:36:54
WESTHUB-DEV-0051,990000001000931,GPS,Certification GPS-500,OpsTrax Certification Lab,1.0.0,Active,Provisioned,WEST-HUB,,,,,08/26/2026 01:36:54
WESTHUB-DEV-0052,990000001000932,GPS,Certification GPS-500,OpsTrax Certification Lab,1.1.1,Active,Provisioned,WEST-HUB,,,,,08/26/2026 01:36:54
WESTHUB-DEV-0053,990000001000933,GPS,Certification GPS-500,OpsTrax Certification Lab,1.2.2,Active,Provisioned,WEST-HUB,,,,,08/26/2026 01:36:54
WESTHUB-DEV-0054,990000001000934,GPS,Certification GPS-500,OpsTrax Certification Lab,1.3.3,Active,Provisioned,WEST-HUB,,,,,08/26/2026 01:36:54
WESTHUB-DEV-0055,990000001000935,GPS,Certification GPS-500,OpsTrax Certification Lab,1.4.4,Active,Provisioned,WEST-HUB,,,,,08/26/2026 01:36:54
WESTHUB-DEV-0056,990000001000936,GPS,Certification GPS-500,OpsTrax Certification Lab,1.0.5,Active,Provisioned,WEST-HUB,,,,,08/26/2026 01:36:54
WESTHUB-DEV-0057,990000001000937,GPS,Certification GPS-500,OpsTrax Certification Lab,1.1.6,Active,Provisioned,WEST-HUB,,,,,08/26/2026 01:36:54
WESTHUB-DEV-0058,990000001000938,GPS,Certification GPS-500,OpsTrax Certification Lab,1.2.7,Active,Provisioned,WEST-HUB,,,,,08/26/2026 01:36:54
WESTHUB-DEV-0059,990000001000939,GPS,Certification GPS-500,OpsTrax Certification Lab,1.3.8,Active,Provisioned,WEST-HUB,,,,,08/26/2026 01:36:54
WESTHUB-DEV-0060,990000001000940,GPS,Certification GPS-500,OpsTrax Certification Lab,1.4.9,Active,Provisioned,WEST-HUB,,,,,08/26/2026 01:36:54
WESTHUB-DEV-0061,990000001000941,GPS,Certification GPS-500,OpsTrax Certification Lab,1.0.0,Active,Provisioned,WEST-HUB,,,,,08/26/2026 01:36:54
WESTHUB-DEV-0062,990000001000942,GPS,Certification GPS-500,OpsTrax Certification Lab,1.1.1,Active,Provisioned,WEST-HUB,,,,,08/26/2026 01:36:54
WESTHUB-DEV-0063,990000001000943,GPS,Certification GPS-500,OpsTrax Certification Lab,1.2.2,Active,Provisioned,WEST-HUB,,,,,08/26/2026 01:36:54
WESTHUB-DEV-0064,990000001000944,GPS,Certification GPS-500,OpsTrax Certification Lab,1.3.3,Active,Provisioned,WEST-HUB,,,,,08/26/2026 01:36:54
WESTHUB-DEV-0065,990000001000945,GPS,Certification GPS-500,OpsTrax Certification Lab,1.4.4,Active,Provisioned,WEST-HUB,,,,,08/26/2026 01:36:54
WESTHUB-DEV-0066,990000001000946,GPS,Certification GPS-500,OpsTrax Certification Lab,1.0.5,Active,Provisioned,WEST-HUB,,,,,08/26/2026 01:36:54
WESTHUB-DEV-0067,990000001000947,GPS,Certification GPS-500,OpsTrax Certification Lab,1.1.6,Active,Provisioned,WEST-HUB,,,,,08/26/2026 01:36:54
WESTHUB-DEV-0068,990000001000948,GPS,Certification GPS-500,OpsTrax Certification Lab,1.2.7,Active,Provisioned,WEST-HUB,,,,,08/26/2026 01:36:54
WESTHUB-DEV-0069,990000001000949,GPS,Certification GPS-500,OpsTrax Certification Lab,1.3.8,Active,Provisioned,WEST-HUB,,,,,08/26/2026 01:36:54
WESTHUB-DEV-0070,990000001000950,GPS,Certification GPS-500,OpsTrax Certification Lab,1.4.9,Active,Provisioned,WEST-HUB,,,,,08/26/2026 01:36:54
WESTHUB-DEV-0071,990000001000951,GPS,Certification GPS-500,OpsTrax Certification Lab,1.0.0,Active,Provisioned,WEST-HUB,,,,,08/26/2026 01:36:54
WESTHUB-DEV-0072,990000001000952,GPS,Certification GPS-500,OpsTrax Certification Lab,1.1.1,Active,Provisioned,WEST-HUB,,,,,08/26/2026 01:36:54
WESTHUB-DEV-0073,990000001000953,GPS,Certification GPS-500,OpsTrax Certification Lab,1.2.2,Active,Provisioned,WEST-HUB,,,,,08/26/2026 01:36:54
WESTHUB-DEV-0074,990000001000954,GPS,Certification GPS-500,OpsTrax Certification Lab,1.3.3,Active,Provisioned,WEST-HUB,,,,,08/26/2026 01:36:54
WESTHUB-DEV-0075,990000001000955,GPS,Certification GPS-500,OpsTrax Certification Lab,1.4.4,Active,Provisioned,WEST-HUB,,,,,08/26/2026 01:36:54
WESTHUB-DEV-0076,990000001000956,GPS,Certification GPS-500,OpsTrax Certification Lab,1.0.5,Active,Provisioned,WEST-HUB,,,,,08/26/2026 01:36:54
WESTHUB-DEV-0077,990000001000957,GPS,Certification GPS-500,OpsTrax Certification Lab,1.1.6,Active,Provisioned,WEST-HUB,,,,,08/26/2026 01:36:54
WESTHUB-DEV-0078,990000001000958,GPS,Certification GPS-500,OpsTrax Certification Lab,1.2.7,Active,Provisioned,WEST-HUB,,,,,08/26/2026 01:36:54
WESTHUB-DEV-0079,990000001000959,GPS,Certification GPS-500,OpsTrax Certification Lab,1.3.8,Active,Provisioned,WEST-HUB,,,,,08/26/2026 01:36:54
WESTHUB-DEV-0080,990000001000960,GPS,Certification GPS-500,OpsTrax Certification Lab,1.4.9,Active,Provisioned,WEST-HUB,,,,,08/26/2026 01:36:54
WESTHUB-DEV-0081,990000001000961,GPS,Certification GPS-500,OpsTrax Certification Lab,1.0.0,Active,Provisioned,WEST-HUB,,,,,08/26/2026 01:36:54
WESTHUB-DEV-0082,990000001000962,GPS,Certification GPS-500,OpsTrax Certification Lab,1.1.1,Active,Provisioned,WEST-HUB,,,,,08/26/2026 01:36:54
WESTHUB-DEV-0083,990000001000963,GPS,Certification GPS-500,OpsTrax Certification Lab,1.2.2,Active,Provisioned,WEST-HUB,,,,,08/26/2026 01:36:54
WESTHUB-DEV-0084,990000001000964,GPS,Certification GPS-500,OpsTrax Certification Lab,1.3.3,Active,Provisioned,WEST-HUB,,,,,08/26/2026 01:36:54
WESTHUB-DEV-0085,990000001000965,GPS,Certification GPS-500,OpsTrax Certification Lab,1.4.4,Active,Provisioned,WEST-HUB,,,,,08/26/2026 01:36:54
WESTHUB-DEV-0086,990000001000966,GPS,Certification GPS-500,OpsTrax Certification Lab,1.0.5,Active,Provisioned,WEST-HUB,,,,,08/26/2026 01:36:54
WESTHUB-DEV-0087,990000001000967,GPS,Certification GPS-500,OpsTrax Certification Lab,1.1.6,Active,Provisioned,WEST-HUB,,,,,08/26/2026 01:36:54
WESTHUB-DEV-0088,990000001000968,GPS,Certification GPS-500,OpsTrax Certification Lab,1.2.7,Active,Provisioned,WEST-HUB,,,,,08/26/2026 01:36:54
WESTHUB-DEV-0089,990000001000969,GPS,Certification GPS-500,OpsTrax Certification Lab,1.3.8,Active,Provisioned,WEST-HUB,,,,,08/26/2026 01:36:54
WESTHUB-DEV-0090,990000001000970,GPS,Certification GPS-500,OpsTrax Certification Lab,1.4.9,Active,Provisioned,WEST-HUB,,,,,08/26/2026 01:36:54
WESTHUB-DEV-0091,990000001000971,GPS,Certification GPS-500,OpsTrax Certification Lab,1.0.0,Active,Provisioned,WEST-HUB,,,,,08/26/2026 01:36:54
WESTHUB-DEV-0092,990000001000972,GPS,Certification GPS-500,OpsTrax Certification Lab,1.1.1,Active,Provisioned,WEST-HUB,,,,,08/26/2026 01:36:54
WESTHUB-DEV-0093,990000001000973,GPS,Certification GPS-500,OpsTrax Certification Lab,1.2.2,Active,Provisioned,WEST-HUB,,,,,08/26/2026 01:36:54
WESTHUB-DEV-0094,990000001000974,GPS,Certification GPS-500,OpsTrax Certification Lab,1.3.3,Active,Provisioned,WEST-HUB,,,,,08/26/2026 01:36:54
WESTHUB-DEV-0095,990000001000975,GPS,Certification GPS-500,OpsTrax Certification Lab,1.4.4,Active,Provisioned,WEST-HUB,,,,,08/26/2026 01:36:54
WESTHUB-DEV-0096,990000001000976,GPS,Certification GPS-500,OpsTrax Certification Lab,1.0.5,Active,Provisioned,WEST-HUB,,,,,08/26/2026 01:36:54
WESTHUB-DEV-0097,990000001000977,GPS,Certification GPS-500,OpsTrax Certification Lab,1.1.6,Active,Provisioned,WEST-HUB,,,,,08/26/2026 01:36:54
WESTHUB-DEV-0098,990000001000978,GPS,Certification GPS-500,OpsTrax Certification Lab,1.2.7,Active,Provisioned,WEST-HUB,,,,,08/26/2026 01:36:54
WESTHUB-DEV-0099,990000001000979,GPS,Certification GPS-500,OpsTrax Certification Lab,1.3.8,Active,Provisioned,WEST-HUB,,,,,08/26/2026 01:36:54
WESTHUB-DEV-0100,990000001000980,GPS,Certification GPS-500,OpsTrax Certification Lab,1.4.9,Active,Provisioned,WEST-HUB,,,,,08/26/2026 01:36:54
WESTHUB-DEV-0101,990000001000981,GPS,Certification GPS-500,OpsTrax Certification Lab,1.0.0,Active,Provisioned,WEST-HUB,,,,,08/26/2026 01:36:54
WESTHUB-DEV-0102,990000001000982,GPS,Certification GPS-500,OpsTrax Certification Lab,1.1.1,Active,Provisioned,WEST-HUB,,,,,08/26/2026 01:36:54
WESTHUB-DEV-0103,990000001000983,GPS,Certification GPS-500,OpsTrax Certification Lab,1.2.2,Active,Provisioned,WEST-HUB,,,,,08/26/2026 01:36:54
WESTHUB-DEV-0104,990000001000984,GPS,Certification GPS-500,OpsTrax Certification Lab,1.3.3,Active,Provisioned,WEST-HUB,,,,,08/26/2026 01:36:54
WESTHUB-DEV-0105,990000001000985,GPS,Certification GPS-500,OpsTrax Certification Lab,1.4.4,Active,Provisioned,WEST-HUB,,,,,08/26/2026 01:36:54
WESTHUB-DEV-0106,990000001000986,GPS,Certification GPS-500,OpsTrax Certification Lab,1.0.5,Active,Provisioned,WEST-HUB,,,,,08/26/2026 01:36:54
WESTHUB-DEV-0107,990000001000987,GPS,Certification GPS-500,OpsTrax Certification Lab,1.1.6,Active,Provisioned,WEST-HUB,,,,,08/26/2026 01:36:54
WESTHUB-DEV-0108,990000001000988,GPS,Certification GPS-500,OpsTrax Certification Lab,1.2.7,Active,Provisioned,WEST-HUB,,,,,08/26/2026 01:36:54
WESTHUB-DEV-0109,990000001000989,GPS,Certification GPS-500,OpsTrax Certification Lab,1.3.8,Active,Provisioned,WEST-HUB,,,,,08/26/2026 01:36:54
WESTHUB-DEV-0110,990000001000990,GPS,Certification GPS-500,OpsTrax Certification Lab,1.4.9,Active,Provisioned,WEST-HUB,,,,,08/26/2026 01:36:54
WESTHUB-DEV-0111,990000001000991,GPS,Certification GPS-500,OpsTrax Certification Lab,1.0.0,Active,Provisioned,WEST-HUB,,,,,08/26/2026 01:36:54
WESTHUB-DEV-0112,990000001000992,GPS,Certification GPS-500,OpsTrax Certification Lab,1.1.1,Active,Provisioned,WEST-HUB,,,,,08/26/2026 01:36:54
WESTHUB-DEV-0113,990000001000993,GPS,Certification GPS-500,OpsTrax Certification Lab,1.2.2,Active,Provisioned,WEST-HUB,,,,,08/26/2026 01:36:54
WESTHUB-DEV-0114,990000001000994,GPS,Certification GPS-500,OpsTrax Certification Lab,1.3.3,Active,Provisioned,WEST-HUB,,,,,08/26/2026 01:36:54
WESTHUB-DEV-0115,990000001000995,GPS,Certification GPS-500,OpsTrax Certification Lab,1.4.4,Active,Provisioned,WEST-HUB,,,,,08/26/2026 01:36:54
WESTHUB-DEV-0116,990000001000996,GPS,Certification GPS-500,OpsTrax Certification Lab,1.0.5,Active,Provisioned,WEST-HUB,,,,,08/26/2026 01:36:54
WESTHUB-DEV-0117,990000001000997,GPS,Certification GPS-500,OpsTrax Certification Lab,1.1.6,Active,Provisioned,WEST-HUB,,,,,08/26/2026 01:36:54
WESTHUB-DEV-0118,990000001000998,GPS,Certification GPS-500,OpsTrax Certification Lab,1.2.7,Active,Provisioned,WEST-HUB,,,,,08/26/2026 01:36:54
WESTHUB-DEV-0119,990000001000999,GPS,Certification GPS-500,OpsTrax Certification Lab,1.3.8,Active,Provisioned,WEST-HUB,,,,,08/26/2026 01:36:54
WESTHUB-DEV-0120,990000001001000,GPS,Certification GPS-500,OpsTrax Certification Lab,1.4.9,Active,Provisioned,WEST-HUB,,,,,08/26/2026 01:36:54
WESTHUB-DEV-0121,990000001001001,GPS,Certification GPS-500,OpsTrax Certification Lab,1.0.0,Active,Provisioned,WEST-HUB,,,,,08/26/2026 01:36:54
WESTHUB-DEV-0122,990000001001002,GPS,Certification GPS-500,OpsTrax Certification Lab,1.1.1,Active,Provisioned,WEST-HUB,,,,,08/26/2026 01:36:54
WESTHUB-DEV-0123,990000001001003,GPS,Certification GPS-500,OpsTrax Certification Lab,1.2.2,Active,Provisioned,WEST-HUB,,,,,08/26/2026 01:36:54
WESTHUB-DEV-0124,990000001001004,GPS,Certification GPS-500,OpsTrax Certification Lab,1.3.3,Active,Provisioned,WEST-HUB,,,,,08/26/2026 01:36:54
WESTHUB-DEV-0125,990000001001005,GPS,Certification GPS-500,OpsTrax Certification Lab,1.4.4,Active,Provisioned,WEST-HUB,,,,,08/26/2026 01:36:54
WESTHUB-DEV-0126,990000001001006,GPS,Certification GPS-500,OpsTrax Certification Lab,1.0.5,Active,Provisioned,WEST-HUB,,,,,08/26/2026 01:36:54
WESTHUB-DEV-0127,990000001001007,GPS,Certification GPS-500,OpsTrax Certification Lab,1.1.6,Active,Provisioned,WEST-HUB,,,,,08/26/2026 01:36:54
WESTHUB-DEV-0128,990000001001008,GPS,Certification GPS-500,OpsTrax Certification Lab,1.2.7,Active,Provisioned,WEST-HUB,,,,,08/26/2026 01:36:54
WESTHUB-DEV-0129,990000001001009,GPS,Certification GPS-500,OpsTrax Certification Lab,1.3.8,Active,Provisioned,WEST-HUB,,,,,08/26/2026 01:36:54
WESTHUB-DEV-0130,990000001001010,GPS,Certification GPS-500,OpsTrax Certification Lab,1.4.9,Active,Provisioned,WEST-HUB,,,,,08/26/2026 01:36:54
WESTHUB-DEV-0131,990000001001011,GPS,Certification GPS-500,OpsTrax Certification Lab,1.0.0,Active,Provisioned,WEST-HUB,,,,,08/26/2026 01:36:54
WESTHUB-DEV-0132,990000001001012,GPS,Certification GPS-500,OpsTrax Certification Lab,1.1.1,Active,Provisioned,WEST-HUB,,,,,08/26/2026 01:36:54
WESTHUB-DEV-0133,990000001001013,GPS,Certification GPS-500,OpsTrax Certification Lab,1.2.2,Active,Provisioned,WEST-HUB,,,,,08/26/2026 01:36:54
WESTHUB-DEV-0134,990000001001014,GPS,Certification GPS-500,OpsTrax Certification Lab,1.3.3,Active,Provisioned,WEST-HUB,,,,,08/26/2026 01:36:54
WESTHUB-DEV-0135,990000001001015,GPS,Certification GPS-500,OpsTrax Certification Lab,1.4.4,Active,Provisioned,WEST-HUB,,,,,08/26/2026 01:36:54
WESTHUB-DEV-0136,990000001001016,GPS,Certification GPS-500,OpsTrax Certification Lab,1.0.5,Active,Provisioned,WEST-HUB,,,,,08/26/2026 01:36:54
WESTHUB-DEV-0137,990000001001017,GPS,Certification GPS-500,OpsTrax Certification Lab,1.1.6,Active,Provisioned,WEST-HUB,,,,,08/26/2026 01:36:54
WESTHUB-DEV-0138,990000001001018,GPS,Certification GPS-500,OpsTrax Certification Lab,1.2.7,Active,Provisioned,WEST-HUB,,,,,08/26/2026 01:36:54
WESTHUB-DEV-0139,990000001001019,GPS,Certification GPS-500,OpsTrax Certification Lab,1.3.8,Active,Provisioned,WEST-HUB,,,,,08/26/2026 01:36:54
WESTHUB-DEV-0140,990000001001020,GPS,Certification GPS-500,OpsTrax Certification Lab,1.4.9,Active,Provisioned,WEST-HUB,,,,,08/26/2026 01:36:54
WESTHUB-DEV-0141,990000001001021,GPS,Certification GPS-500,OpsTrax Certification Lab,1.0.0,Active,Provisioned,WEST-HUB,,,,,08/26/2026 01:36:54
WESTHUB-DEV-0142,990000001001022,GPS,Certification GPS-500,OpsTrax Certification Lab,1.1.1,Active,Provisioned,WEST-HUB,,,,,08/26/2026 01:36:54
WESTHUB-DEV-0143,990000001001023,GPS,Certification GPS-500,OpsTrax Certification Lab,1.2.2,Active,Provisioned,WEST-HUB,,,,,08/26/2026 01:36:54
WESTHUB-DEV-0144,990000001001024,GPS,Certification GPS-500,OpsTrax Certification Lab,1.3.3,Active,Provisioned,WEST-HUB,,,,,08/26/2026 01:36:54
WESTHUB-DEV-0145,990000001001025,GPS,Certification GPS-500,OpsTrax Certification Lab,1.4.4,Active,Provisioned,WEST-HUB,,,,,08/26/2026 01:36:54
WESTHUB-DEV-0146,990000001001026,GPS,Certification GPS-500,OpsTrax Certification Lab,1.0.5,Active,Provisioned,WEST-HUB,,,,,08/26/2026 01:36:54
WESTHUB-DEV-0147,990000001001027,GPS,Certification GPS-500,OpsTrax Certification Lab,1.1.6,Active,Provisioned,WEST-HUB,,,,,08/26/2026 01:36:54
WESTHUB-DEV-0148,990000001001028,GPS,Certification GPS-500,OpsTrax Certification Lab,1.2.7,Active,Provisioned,WEST-HUB,,,,,08/26/2026 01:36:54
WESTHUB-DEV-0149,990000001001029,GPS,Certification GPS-500,OpsTrax Certification Lab,1.3.8,Active,Provisioned,WEST-HUB,,,,,08/26/2026 01:36:54
WESTHUB-DEV-0150,990000001001030,GPS,Certification GPS-500,OpsTrax Certification Lab,1.4.9,Active,Provisioned,WEST-HUB,,,,,08/26/2026 01:36:54
WESTHUB-DEV-0151,990000001001031,GPS,Certification GPS-500,OpsTrax Certification Lab,1.0.0,Active,Provisioned,WEST-HUB,,,,,08/26/2026 01:36:54
WESTHUB-DEV-0152,990000001001032,GPS,Certification GPS-500,OpsTrax Certification Lab,1.1.1,Active,Provisioned,WEST-HUB,,,,,08/26/2026 01:36:54
WESTHUB-DEV-0153,990000001001033,GPS,Certification GPS-500,OpsTrax Certification Lab,1.2.2,Active,Provisioned,WEST-HUB,,,,,08/26/2026 01:36:54
WESTHUB-DEV-0154,990000001001034,GPS,Certification GPS-500,OpsTrax Certification Lab,1.3.3,Active,Provisioned,WEST-HUB,,,,,08/26/2026 01:36:54
WESTHUB-DEV-0155,990000001001035,GPS,Certification GPS-500,OpsTrax Certification Lab,1.4.4,Active,Provisioned,WEST-HUB,,,,,08/26/2026 01:36:54
WESTHUB-DEV-0156,990000001001036,GPS,Certification GPS-500,OpsTrax Certification Lab,1.0.5,Active,Provisioned,WEST-HUB,,,,,08/26/2026 01:36:54
WESTHUB-DEV-0157,990000001001037,GPS,Certification GPS-500,OpsTrax Certification Lab,1.1.6,Active,Provisioned,WEST-HUB,,,,,08/26/2026 01:36:54
WESTHUB-DEV-0158,990000001001038,GPS,Certification GPS-500,OpsTrax Certification Lab,1.2.7,Active,Provisioned,WEST-HUB,,,,,08/26/2026 01:36:54
WESTHUB-DEV-0159,990000001001039,GPS,Certification GPS-500,OpsTrax Certification Lab,1.3.8,Active,Provisioned,WEST-HUB,,,,,08/26/2026 01:36:54
WESTHUB-DEV-0160,990000001001040,GPS,Certification GPS-500,OpsTrax Certification Lab,1.4.9,Active,Provisioned,WEST-HUB,,,,,08/26/2026 01:36:54
WESTHUB-DEV-0161,990000001001041,GPS,Certification GPS-500,OpsTrax Certification Lab,1.0.0,Active,Provisioned,WEST-HUB,,,,,08/26/2026 01:36:54
WESTHUB-DEV-0162,990000001001042,GPS,Certification GPS-500,OpsTrax Certification Lab,1.1.1,Active,Provisioned,WEST-HUB,,,,,08/26/2026 01:36:54
WESTHUB-DEV-0163,990000001001043,GPS,Certification GPS-500,OpsTrax Certification Lab,1.2.2,Active,Provisioned,WEST-HUB,,,,,08/26/2026 01:36:54
WESTHUB-DEV-0164,990000001001044,GPS,Certification GPS-500,OpsTrax Certification Lab,1.3.3,Active,Provisioned,WEST-HUB,,,,,08/26/2026 01:36:54
WESTHUB-DEV-0165,990000001001045,GPS,Certification GPS-500,OpsTrax Certification Lab,1.4.4,Active,Provisioned,WEST-HUB,,,,,08/26/2026 01:36:54
WESTHUB-DEV-0166,990000001001046,GPS,Certification GPS-500,OpsTrax Certification Lab,1.0.5,Active,Provisioned,WEST-HUB,,,,,08/26/2026 01:36:54
WESTHUB-DEV-0167,990000001001047,GPS,Certification GPS-500,OpsTrax Certification Lab,1.1.6,Active,Provisioned,WEST-HUB,,,,,08/26/2026 01:36:54
WESTHUB-DEV-0168,990000001001048,GPS,Certification GPS-500,OpsTrax Certification Lab,1.2.7,Active,Provisioned,WEST-HUB,,,,,08/26/2026 01:36:54
WESTHUB-DEV-0169,990000001001049,GPS,Certification GPS-500,OpsTrax Certification Lab,1.3.8,Active,Provisioned,WEST-HUB,,,,,08/26/2026 01:36:54
WESTHUB-DEV-0170,990000001001050,GPS,Certification GPS-500,OpsTrax Certification Lab,1.4.9,Active,Provisioned,WEST-HUB,,,,,08/26/2026 01:36:54
WESTHUB-DEV-0171,990000001001051,GPS,Certification GPS-500,OpsTrax Certification Lab,1.0.0,Active,Provisioned,WEST-HUB,,,,,08/26/2026 01:36:54
WESTHUB-DEV-0172,990000001001052,GPS,Certification GPS-500,OpsTrax Certification Lab,1.1.1,Active,Provisioned,WEST-HUB,,,,,08/26/2026 01:36:54
WESTHUB-DEV-0173,990000001001053,GPS,Certification GPS-500,OpsTrax Certification Lab,1.2.2,Active,Provisioned,WEST-HUB,,,,,08/26/2026 01:36:54
WESTHUB-DEV-0174,990000001001054,GPS,Certification GPS-500,OpsTrax Certification Lab,1.3.3,Active,Provisioned,WEST-HUB,,,,,08/26/2026 01:36:54
WESTHUB-DEV-0175,990000001001055,GPS,Certification GPS-500,OpsTrax Certification Lab,1.4.4,Active,Provisioned,WEST-HUB,,,,,08/26/2026 01:36:54
WESTHUB-DEV-0176,990000001001056,GPS,Certification GPS-500,OpsTrax Certification Lab,1.0.5,Active,Provisioned,WEST-HUB,,,,,08/26/2026 01:36:54
WESTHUB-DEV-0177,990000001001057,GPS,Certification GPS-500,OpsTrax Certification Lab,1.1.6,Active,Provisioned,WEST-HUB,,,,,08/26/2026 01:36:54
WESTHUB-DEV-0178,990000001001058,GPS,Certification GPS-500,OpsTrax Certification Lab,1.2.7,Active,Provisioned,WEST-HUB,,,,,08/26/2026 01:36:54
WESTHUB-DEV-0179,990000001001059,GPS,Certification GPS-500,OpsTrax Certification Lab,1.3.8,Active,Provisioned,WEST-HUB,,,,,08/26/2026 01:36:54
WESTHUB-DEV-0180,990000001001060,GPS,Certification GPS-500,OpsTrax Certification Lab,1.4.9,Active,Provisioned,WEST-HUB,,,,,08/26/2026 01:36:54
WESTHUB-DEV-0181,990000001001061,GPS,Certification GPS-500,OpsTrax Certification Lab,1.0.0,Active,Provisioned,WEST-HUB,,,,,08/26/2026 01:36:54
WESTHUB-DEV-0182,990000001001062,GPS,Certification GPS-500,OpsTrax Certification Lab,1.1.1,Active,Provisioned,WEST-HUB,,,,,08/26/2026 01:36:54
WESTHUB-DEV-0183,990000001001063,GPS,Certification GPS-500,OpsTrax Certification Lab,1.2.2,Active,Provisioned,WEST-HUB,,,,,08/26/2026 01:36:54
WESTHUB-DEV-0184,990000001001064,GPS,Certification GPS-500,OpsTrax Certification Lab,1.3.3,Active,Provisioned,WEST-HUB,,,,,08/26/2026 01:36:54
WESTHUB-DEV-0185,990000001001065,GPS,Certification GPS-500,OpsTrax Certification Lab,1.4.4,Active,Provisioned,WEST-HUB,,,,,08/26/2026 01:36:54
WESTHUB-DEV-0186,990000001001066,GPS,Certification GPS-500,OpsTrax Certification Lab,1.0.5,Active,Provisioned,WEST-HUB,,,,,08/26/2026 01:36:54
WESTHUB-DEV-0187,990000001001067,GPS,Certification GPS-500,OpsTrax Certification Lab,1.1.6,Active,Provisioned,WEST-HUB,,,,,08/26/2026 01:36:54
WESTHUB-DEV-0188,990000001001068,GPS,Certification GPS-500,OpsTrax Certification Lab,1.2.7,Active,Provisioned,WEST-HUB,,,,,08/26/2026 01:36:54
WESTHUB-DEV-0189,990000001001069,GPS,Certification GPS-500,OpsTrax Certification Lab,1.3.8,Active,Provisioned,WEST-HUB,,,,,08/26/2026 01:36:54
WESTHUB-DEV-0190,990000001001070,GPS,Certification GPS-500,OpsTrax Certification Lab,1.4.9,Active,Provisioned,WEST-HUB,,,,,08/26/2026 01:36:54
WESTHUB-DEV-0191,990000001001071,GPS,Certification GPS-500,OpsTrax Certification Lab,1.0.0,Active,Provisioned,WEST-HUB,,,,,08/26/2026 01:36:54
WESTHUB-DEV-0192,990000001001072,GPS,Certification GPS-500,OpsTrax Certification Lab,1.1.1,Active,Provisioned,WEST-HUB,,,,,08/26/2026 01:36:54
WESTHUB-DEV-0193,990000001001073,GPS,Certification GPS-500,OpsTrax Certification Lab,1.2.2,Active,Provisioned,WEST-HUB,,,,,08/26/2026 01:36:54
WESTHUB-DEV-0194,990000001001074,GPS,Certification GPS-500,OpsTrax Certification Lab,1.3.3,Active,Provisioned,WEST-HUB,,,,,08/26/2026 01:36:54
WESTHUB-DEV-0195,990000001001075,GPS,Certification GPS-500,OpsTrax Certification Lab,1.4.4,Active,Provisioned,WEST-HUB,,,,,08/26/2026 01:36:54
WESTHUB-DEV-0196,990000001001076,GPS,Certification GPS-500,OpsTrax Certification Lab,1.0.5,Active,Provisioned,WEST-HUB,,,,,08/26/2026 01:36:54
WESTHUB-DEV-0197,990000001001077,GPS,Certification GPS-500,OpsTrax Certification Lab,1.1.6,Active,Provisioned,WEST-HUB,,,,,08/26/2026 01:36:54
WESTHUB-DEV-0198,990000001001078,GPS,Certification GPS-500,OpsTrax Certification Lab,1.2.7,Active,Provisioned,WEST-HUB,,,,,08/26/2026 01:36:54
WESTHUB-DEV-0199,990000001001079,GPS,Certification GPS-500,OpsTrax Certification Lab,1.3.8,Active,Provisioned,WEST-HUB,,,,,08/26/2026 01:36:54
WESTHUB-DEV-0200,990000001001080,GPS,Certification GPS-500,OpsTrax Certification Lab,1.4.9,Active,Provisioned,WEST-HUB,,,,,08/26/2026 01:36:54
WESTHUB-DEV-0201,990000001001081,ELD,Certification ELD-200,OpsTrax Certification Lab,1.0.0,Active,Provisioned,WEST-HUB,,,,,08/26/2026 01:36:54
WESTHUB-DEV-0202,990000001001082,ELD,Certification ELD-200,OpsTrax Certification Lab,1.1.1,Active,Provisioned,WEST-HUB,,,,,08/26/2026 01:36:54
WESTHUB-DEV-0203,990000001001083,ELD,Certification ELD-200,OpsTrax Certification Lab,1.2.2,Active,Provisioned,WEST-HUB,,,,,08/26/2026 01:36:54
WESTHUB-DEV-0204,990000001001084,ELD,Certification ELD-200,OpsTrax Certification Lab,1.3.3,Active,Provisioned,WEST-HUB,,,,,08/26/2026 01:36:54
WESTHUB-DEV-0205,990000001001085,ELD,Certification ELD-200,OpsTrax Certification Lab,1.4.4,Active,Provisioned,WEST-HUB,,,,,08/26/2026 01:36:54
WESTHUB-DEV-0206,990000001001086,ELD,Certification ELD-200,OpsTrax Certification Lab,1.0.5,Active,Provisioned,WEST-HUB,,,,,08/26/2026 01:36:54
WESTHUB-DEV-0207,990000001001087,ELD,Certification ELD-200,OpsTrax Certification Lab,1.1.6,Active,Provisioned,WEST-HUB,,,,,08/26/2026 01:36:54
WESTHUB-DEV-0208,990000001001088,ELD,Certification ELD-200,OpsTrax Certification Lab,1.2.7,Active,Provisioned,WEST-HUB,,,,,08/26/2026 01:36:54
WESTHUB-DEV-0209,990000001001089,ELD,Certification ELD-200,OpsTrax Certification Lab,1.3.8,Active,Provisioned,WEST-HUB,,,,,08/26/2026 01:36:54
WESTHUB-DEV-0210,990000001001090,ELD,Certification ELD-200,OpsTrax Certification Lab,1.4.9,Active,Provisioned,WEST-HUB,,,,,08/26/2026 01:36:54
WESTHUB-DEV-0211,990000001001091,ELD,Certification ELD-200,OpsTrax Certification Lab,1.0.0,Active,Provisioned,WEST-HUB,,,,,08/26/2026 01:36:54
WESTHUB-DEV-0212,990000001001092,ELD,Certification ELD-200,OpsTrax Certification Lab,1.1.1,Active,Provisioned,WEST-HUB,,,,,08/26/2026 01:36:54
WESTHUB-DEV-0213,990000001001093,ELD,Certification ELD-200,OpsTrax Certification Lab,1.2.2,Active,Provisioned,WEST-HUB,,,,,08/26/2026 01:36:54
WESTHUB-DEV-0214,990000001001094,ELD,Certification ELD-200,OpsTrax Certification Lab,1.3.3,Active,Provisioned,WEST-HUB,,,,,08/26/2026 01:36:54
WESTHUB-DEV-0215,990000001001095,ELD,Certification ELD-200,OpsTrax Certification Lab,1.4.4,Active,Provisioned,WEST-HUB,,,,,08/26/2026 01:36:54
WESTHUB-DEV-0216,990000001001096,ELD,Certification ELD-200,OpsTrax Certification Lab,1.0.5,Active,Provisioned,WEST-HUB,,,,,08/26/2026 01:36:54
WESTHUB-DEV-0217,990000001001097,ELD,Certification ELD-200,OpsTrax Certification Lab,1.1.6,Active,Provisioned,WEST-HUB,,,,,08/26/2026 01:36:54
WESTHUB-DEV-0218,990000001001098,ELD,Certification ELD-200,OpsTrax Certification Lab,1.2.7,Active,Provisioned,WEST-HUB,,,,,08/26/2026 01:36:54
WESTHUB-DEV-0219,990000001001099,ELD,Certification ELD-200,OpsTrax Certification Lab,1.3.8,Active,Provisioned,WEST-HUB,,,,,08/26/2026 01:36:54
WESTHUB-DEV-0220,990000001001100,ELD,Certification ELD-200,OpsTrax Certification Lab,1.4.9,Active,Provisioned,WEST-HUB,,,,,08/26/2026 01:36:54
