"serialNumber","vehicleCode","locationLabel","positionSource","positionAccuracy","deviceFixAt","gatewayReceivedAt","dataFreshnessStatus","routingReadiness"
"CLHQ-DEV-0001","CLHQ-V-0002","35.2194, -80.8354","Native Eld","8 m","2026-08-28T07:49:46Z","—","Stale","Blocked — position is not current"
"CLHQ-DEV-0002","CLHQ-V-0001","35.2201, -80.8361","Native Eld","8 m","2026-08-28T07:43:41Z","—","Stale","Blocked — position is not current"
"CLHQ-DEV-0003","CLHQ-V-0003","35.2208, -80.8368","Native Eld","8 m","2026-08-28T07:43:41Z","—","Stale","Blocked — position is not current"
"CLHQ-DEV-0004","CLHQ-V-0004","35.2215, -80.8375","Native Eld","8 m","2026-08-28T07:43:41Z","—","Stale","Blocked — position is not current"
"CLHQ-DEV-0005","CLHQ-V-0005","35.2222, -80.8382","Native Eld","8 m","2026-08-28T07:43:41Z","—","Stale","Blocked — position is not current"
"CLHQ-DEV-0006","CLHQ-V-0006","35.2229, -80.8389","Native Eld","8 m","2026-08-28T07:43:41Z","—","Stale","Blocked — position is not current"
"CLHQ-DEV-0007","CLHQ-V-0007","35.2236, -80.8396","Native Eld","8 m","2026-08-28T07:43:41Z","—","Stale","Blocked — position is not current"
"CLHQ-DEV-0008","CLHQ-V-0008","35.2243, -80.8403","Native Eld","8 m","2026-08-28T07:43:41Z","—","Stale","Blocked — position is not current"
"CLHQ-DEV-0009","CLHQ-V-0009","35.225, -80.841","Native Eld","8 m","2026-08-28T07:43:41Z","—","Stale","Blocked — position is not current"
"CLHQ-DEV-0010","CLHQ-V-0010","35.2257, -80.8417","Native Eld","8 m","2026-08-28T07:43:41Z","—","Stale","Blocked — position is not current"
"CLHQ-DEV-0011","CLHQ-V-0011","35.2264, -80.8424","Native Eld","8 m","2026-08-28T07:43:41Z","—","Stale","Blocked — position is not current"
"CLHQ-DEV-0012","CLHQ-V-0012","35.2271, -80.8431","Native Eld","8 m","2026-08-28T07:43:41Z","—","Stale","Blocked — position is not current"
"CLHQ-DEV-0013","CLHQ-V-0013","35.2278, -80.8438","Native Eld","8 m","2026-08-28T07:43:41Z","—","Stale","Blocked — position is not current"
"CLHQ-DEV-0014","CLHQ-V-0014","35.2285, -80.8445","Native Eld","8 m","2026-08-28T07:43:41Z","—","Stale","Blocked — position is not current"
"CLHQ-DEV-0015","CLHQ-V-0015","35.2292, -80.8452","Native Eld","8 m","2026-08-28T07:43:41Z","—","Stale","Blocked — position is not current"
"CLHQ-DEV-0016","CLHQ-V-0016","35.2299, -80.8459","Native Eld","8 m","2026-08-28T07:43:41Z","—","Stale","Blocked — position is not current"
"CLHQ-DEV-0017","CLHQ-V-0017","35.2306, -80.8466","Native Eld","8 m","2026-08-28T07:43:41Z","—","Stale","Blocked — position is not current"
"CLHQ-DEV-0018","CLHQ-V-0018","35.2313, -80.8473","Native Eld","8 m","2026-08-28T07:43:41Z","—","Stale","Blocked — position is not current"
"CLHQ-DEV-0019","CLHQ-V-0019","35.232, -80.848","Native Eld","8 m","2026-08-28T07:43:41Z","—","Stale","Blocked — position is not current"
"CLHQ-DEV-0020","CLHQ-V-0020","35.2327, -80.8487","Native Eld","8 m","2026-08-28T07:43:41Z","—","Stale","Blocked — position is not current"
"CLHQ-DEV-0021","CLHQ-V-0021","35.2334, -80.8494","Native Eld","8 m","2026-08-28T07:43:41Z","—","Stale","Blocked — position is not current"
"CLHQ-DEV-0022","CLHQ-V-0022","35.2341, -80.8501","Native Eld","8 m","2026-08-28T07:43:41Z","—","Stale","Blocked — position is not current"
"CLHQ-DEV-0023","CLHQ-V-0023","35.2348, -80.8508","Native Eld","8 m","2026-08-28T07:43:41Z","—","Stale","Blocked — position is not current"
"CLHQ-DEV-0024","CLHQ-V-0024","35.2355, -80.8515","Native Eld","8 m","2026-08-28T07:43:41Z","—","Stale","Blocked — position is not current"
"CLHQ-DEV-0025","CLHQ-V-0025","35.2187, -80.8347","Native Eld","8 m","2026-08-28T07:43:41Z","—","Stale","Blocked — position is not current"
"CLHQ-DEV-0026","CLHQ-V-0026","35.2194, -80.8354","Native Eld","8 m","2026-08-28T07:43:41Z","—","Stale","Blocked — position is not current"
"CLHQ-DEV-0027","CLHQ-V-0027","35.2201, -80.8361","Native Eld","8 m","2026-08-28T07:43:41Z","—","Stale","Blocked — position is not current"
"CLHQ-DEV-0028","CLHQ-V-0028","35.2208, -80.8368","Native Eld","8 m","2026-08-28T07:43:41Z","—","Stale","Blocked — position is not current"
"CLHQ-DEV-0029","CLHQ-V-0029","35.2215, -80.8375","Native Eld","8 m","2026-08-28T07:43:41Z","—","Stale","Blocked — position is not current"
"CLHQ-DEV-0030","CLHQ-V-0030","35.2222, -80.8382","Native Eld","8 m","2026-08-28T07:43:41Z","—","Stale","Blocked — position is not current"
"CLHQ-DEV-0031","CLHQ-V-0031","35.2229, -80.8389","Native Eld","8 m","2026-08-28T07:43:41Z","—","Stale","Blocked — position is not current"
"CLHQ-DEV-0032","CLHQ-V-0032","35.2236, -80.8396","Native Eld","8 m","2026-08-28T07:43:41Z","—","Stale","Blocked — position is not current"
"CLHQ-DEV-0033","CLHQ-V-0033","35.2243, -80.8403","Native Eld","8 m","2026-08-28T07:43:41Z","—","Stale","Blocked — position is not current"
"CLHQ-DEV-0034","CLHQ-V-0034","35.225, -80.841","Native Eld","8 m","2026-08-28T07:43:41Z","—","Stale","Blocked — position is not current"
"CLHQ-DEV-0035","CLHQ-V-0035","35.2257, -80.8417","Native Eld","8 m","2026-08-28T07:43:41Z","—","Stale","Blocked — position is not current"
"CLHQ-DEV-0036","CLHQ-V-0036","35.2264, -80.8424","Native Eld","8 m","2026-08-28T07:43:41Z","—","Stale","Blocked — position is not current"
"CLHQ-DEV-0037","CLHQ-V-0037","35.2271, -80.8431","Native Eld","8 m","2026-08-28T07:43:41Z","—","Stale","Blocked — position is not current"
"CLHQ-DEV-0038","CLHQ-V-0038","35.2278, -80.8438","Native Eld","8 m","2026-08-28T07:43:41Z","—","Stale","Blocked — position is not current"
"CLHQ-DEV-0039","CLHQ-V-0039","35.2285, -80.8445","Native Eld","8 m","2026-08-28T07:43:41Z","—","Stale","Blocked — position is not current"
"CLHQ-DEV-0040","CLHQ-V-0040","35.2292, -80.8452","Native Eld","8 m","2026-08-28T07:43:41Z","—","Stale","Blocked — position is not current"
"CLHQ-DEV-0041","CLHQ-V-0041","35.2299, -80.8459","Native Eld","8 m","2026-08-28T07:43:41Z","—","Stale","Blocked — position is not current"
"CLHQ-DEV-0042","CLHQ-V-0042","35.2306, -80.8466","Native Eld","8 m","2026-08-28T07:43:41Z","—","Stale","Blocked — position is not current"
"CLHQ-DEV-0043","CLHQ-V-0043","35.2313, -80.8473","Native Eld","8 m","2026-08-28T07:43:41Z","—","Stale","Blocked — position is not current"
"CLHQ-DEV-0044","CLHQ-V-0044","35.232, -80.848","Native Eld","8 m","2026-08-28T07:43:41Z","—","Stale","Blocked — position is not current"
"CLHQ-DEV-0045","CLHQ-V-0045","35.2327, -80.8487","Native Eld","8 m","2026-08-28T07:43:41Z","—","Stale","Blocked — position is not current"
"CLHQ-DEV-0046","CLHQ-V-0046","35.2334, -80.8494","Native Eld","8 m","2026-08-28T07:43:41Z","—","Stale","Blocked — position is not current"
"CLHQ-DEV-0047","CLHQ-V-0047","35.2341, -80.8501","Native Eld","8 m","2026-08-28T07:43:41Z","—","Stale","Blocked — position is not current"
"CLHQ-DEV-0048","CLHQ-V-0048","35.2348, -80.8508","Native Eld","8 m","2026-08-28T07:43:41Z","—","Stale","Blocked — position is not current"
"CLHQ-DEV-0049","CLHQ-V-0049","35.2355, -80.8515","Native Eld","8 m","2026-08-28T07:43:41Z","—","Stale","Blocked — position is not current"
"CLHQ-DEV-0050","CLHQ-V-0050","35.2187, -80.8347","Native Eld","8 m","2026-08-28T07:43:41Z","—","Stale","Blocked — position is not current"
"CLHQ-DEV-0051","CLHQ-V-0051","35.2194, -80.8354","Native Eld","8 m","2026-08-28T07:43:41Z","—","Stale","Blocked — position is not current"
"CLHQ-DEV-0052","CLHQ-V-0052","35.2201, -80.8361","Native Eld","8 m","2026-08-28T07:43:41Z","—","Stale","Blocked — position is not current"
"CLHQ-DEV-0053","CLHQ-V-0053","35.2208, -80.8368","Native Eld","8 m","2026-08-28T07:43:41Z","—","Stale","Blocked — position is not current"
"CLHQ-DEV-0054","CLHQ-V-0054","35.2215, -80.8375","Native Eld","8 m","2026-08-28T07:43:41Z","—","Stale","Blocked — position is not current"
"CLHQ-DEV-0055","CLHQ-V-0055","35.2222, -80.8382","Native Eld","8 m","2026-08-28T07:43:41Z","—","Stale","Blocked — position is not current"
"CLHQ-DEV-0056","CLHQ-V-0056","35.2229, -80.8389","Native Eld","8 m","2026-08-28T07:43:41Z","—","Stale","Blocked — position is not current"
"CLHQ-DEV-0057","CLHQ-V-0057","35.2236, -80.8396","Native Eld","8 m","2026-08-28T07:43:41Z","—","Stale","Blocked — position is not current"
"CLHQ-DEV-0058","CLHQ-V-0058","35.2243, -80.8403","Native Eld","8 m","2026-08-28T07:43:41Z","—","Stale","Blocked — position is not current"
"CLHQ-DEV-0059","CLHQ-V-0059","35.225, -80.841","Native Eld","8 m","2026-08-28T07:43:41Z","—","Stale","Blocked — position is not current"
"CLHQ-DEV-0060","CLHQ-V-0060","35.2257, -80.8417","Native Eld","8 m","2026-08-28T07:43:41Z","—","Stale","Blocked — position is not current"
"CLHQ-DEV-0061","CLHQ-V-0061","35.2264, -80.8424","Native Eld","8 m","2026-08-28T07:43:41Z","—","Stale","Blocked — position is not current"
"CLHQ-DEV-0062","CLHQ-V-0062","35.2271, -80.8431","Native Eld","8 m","2026-08-28T07:43:41Z","—","Stale","Blocked — position is not current"
"CLHQ-DEV-0063","CLHQ-V-0063","35.2278, -80.8438","Native Eld","8 m","2026-08-28T07:43:41Z","—","Stale","Blocked — position is not current"
"CLHQ-DEV-0064","CLHQ-V-0064","35.2285, -80.8445","Native Eld","8 m","2026-08-28T07:43:41Z","—","Stale","Blocked — position is not current"
"CLHQ-DEV-0065","CLHQ-V-0065","35.2292, -80.8452","Native Eld","8 m","2026-08-28T07:43:41Z","—","Stale","Blocked — position is not current"
"CLHQ-DEV-0066","CLHQ-V-0066","35.2299, -80.8459","Native Eld","8 m","2026-08-28T07:43:41Z","—","Stale","Blocked — position is not current"
"CLHQ-DEV-0067","CLHQ-V-0067","35.2306, -80.8466","Native Eld","8 m","2026-08-28T07:43:41Z","—","Stale","Blocked — position is not current"
"CLHQ-DEV-0068","CLHQ-V-0068","35.2313, -80.8473","Native Eld","8 m","2026-08-28T07:43:41Z","—","Stale","Blocked — position is not current"
"CLHQ-DEV-0069","CLHQ-V-0069","35.232, -80.848","Native Eld","8 m","2026-08-28T07:43:41Z","—","Stale","Blocked — position is not current"
"CLHQ-DEV-0070","CLHQ-V-0070","35.2327, -80.8487","Native Eld","8 m","2026-08-28T07:43:41Z","—","Stale","Blocked — position is not current"
"CLHQ-DEV-0071","CLHQ-V-0071","35.2334, -80.8494","Native Eld","8 m","2026-08-28T07:43:41Z","—","Stale","Blocked — position is not current"
"CLHQ-DEV-0072","CLHQ-V-0072","35.2341, -80.8501","Native Eld","8 m","2026-08-28T07:43:41Z","—","Stale","Blocked — position is not current"
"CLHQ-DEV-0073","CLHQ-V-0073","35.2348, -80.8508","Native Eld","8 m","2026-08-28T07:43:41Z","—","Stale","Blocked — position is not current"
"CLHQ-DEV-0074","CLHQ-V-0074","35.2355, -80.8515","Native Eld","8 m","2026-08-28T07:43:41Z","—","Stale","Blocked — position is not current"
"CLHQ-DEV-0075","CLHQ-V-0075","35.2187, -80.8347","Native Eld","8 m","2026-08-28T07:43:41Z","—","Stale","Blocked — position is not current"
"CLHQ-DEV-0076","CLHQ-V-0076","35.2194, -80.8354","Native Eld","8 m","2026-08-28T07:43:41Z","—","Stale","Blocked — position is not current"
"CLHQ-DEV-0077","CLHQ-V-0077","35.2201, -80.8361","Native Eld","8 m","2026-08-28T07:43:41Z","—","Stale","Blocked — position is not current"
"CLHQ-DEV-0078","CLHQ-V-0078","35.2208, -80.8368","Native Eld","8 m","2026-08-28T07:43:41Z","—","Stale","Blocked — position is not current"
"CLHQ-DEV-0079","CLHQ-V-0079","35.2215, -80.8375","Native Eld","8 m","2026-08-28T07:43:41Z","—","Stale","Blocked — position is not current"
"CLHQ-DEV-0080","CLHQ-V-0080","35.2222, -80.8382","Native Eld","8 m","2026-08-28T07:43:41Z","—","Stale","Blocked — position is not current"
"CLHQ-DEV-0081","CLHQ-V-0081","35.2229, -80.8389","Native Eld","8 m","2026-08-28T07:43:41Z","—","Stale","Blocked — position is not current"
"CLHQ-DEV-0082","CLHQ-V-0082","35.2236, -80.8396","Native Eld","8 m","2026-08-28T07:43:41Z","—","Stale","Blocked — position is not current"
"CLHQ-DEV-0083","CLHQ-V-0083","35.2243, -80.8403","Native Eld","8 m","2026-08-28T07:43:41Z","—","Stale","Blocked — position is not current"
"CLHQ-DEV-0084","CLHQ-V-0084","35.225, -80.841","Native Eld","8 m","2026-08-28T07:43:41Z","—","Stale","Blocked — position is not current"
"CLHQ-DEV-0085","CLHQ-V-0085","35.2257, -80.8417","Native Eld","8 m","2026-08-28T07:43:41Z","—","Stale","Blocked — position is not current"
"CLHQ-DEV-0086","CLHQ-V-0086","35.2264, -80.8424","Native Eld","8 m","2026-08-28T07:43:41Z","—","Stale","Blocked — position is not current"
"CLHQ-DEV-0087","CLHQ-V-0087","35.2271, -80.8431","Native Eld","8 m","2026-08-28T07:43:41Z","—","Stale","Blocked — position is not current"
"CLHQ-DEV-0088","CLHQ-V-0088","35.2278, -80.8438","Native Eld","8 m","2026-08-28T07:43:41Z","—","Stale","Blocked — position is not current"
"CLHQ-DEV-0089","CLHQ-V-0089","35.2285, -80.8445","Native Eld","8 m","2026-08-28T07:43:41Z","—","Stale","Blocked — position is not current"
"CLHQ-DEV-0090","CLHQ-V-0090","35.2292, -80.8452","Native Eld","8 m","2026-08-28T07:43:41Z","—","Stale","Blocked — position is not current"
"CLHQ-DEV-0091","CLHQ-V-0091","35.2299, -80.8459","Native Eld","8 m","2026-08-28T07:43:41Z","—","Stale","Blocked — position is not current"
"CLHQ-DEV-0092","CLHQ-V-0092","35.2306, -80.8466","Native Eld","8 m","2026-08-28T07:43:41Z","—","Stale","Blocked — position is not current"
"CLHQ-DEV-0093","CLHQ-V-0093","35.2313, -80.8473","Native Eld","8 m","2026-08-28T07:43:41Z","—","Stale","Blocked — position is not current"
"CLHQ-DEV-0094","CLHQ-V-0094","35.232, -80.848","Native Eld","8 m","2026-08-28T07:43:41Z","—","Stale","Blocked — position is not current"
"CLHQ-DEV-0095","CLHQ-V-0095","35.2327, -80.8487","Native Eld","8 m","2026-08-28T07:43:41Z","—","Stale","Blocked — position is not current"
"CLHQ-DEV-0096","CLHQ-V-0096","35.2334, -80.8494","Native Eld","8 m","2026-08-28T07:43:41Z","—","Stale","Blocked — position is not current"
"CLHQ-DEV-0097","CLHQ-V-0097","35.2341, -80.8501","Native Eld","8 m","2026-08-28T07:43:41Z","—","Stale","Blocked — position is not current"
"CLHQ-DEV-0098","CLHQ-V-0098","35.2348, -80.8508","Native Eld","8 m","2026-08-28T07:43:41Z","—","Stale","Blocked — position is not current"
"CLHQ-DEV-0099","CLHQ-V-0099","35.2355, -80.8515","Native Eld","8 m","2026-08-28T07:43:41Z","—","Stale","Blocked — position is not current"
"CLHQ-DEV-0100","CLHQ-V-0100","35.2187, -80.8347","Native Eld","8 m","2026-08-28T07:43:41Z","—","Stale","Blocked — position is not current"
"CLHQ-DEV-0101","CLHQ-V-0101","35.2194, -80.8354","Native Eld","8 m","2026-08-28T07:43:41Z","—","Stale","Blocked — position is not current"
"CLHQ-DEV-0102","CLHQ-V-0102","35.2201, -80.8361","Native Eld","8 m","2026-08-28T07:43:41Z","—","Stale","Blocked — position is not current"
"CLHQ-DEV-0103","CLHQ-V-0103","35.2208, -80.8368","Native Eld","8 m","2026-08-28T07:43:41Z","—","Stale","Blocked — position is not current"
"CLHQ-DEV-0104","CLHQ-V-0104","35.2215, -80.8375","Native Eld","8 m","2026-08-28T07:43:41Z","—","Stale","Blocked — position is not current"
"CLHQ-DEV-0105","CLHQ-V-0105","35.2222, -80.8382","Native Eld","8 m","2026-08-28T07:43:41Z","—","Stale","Blocked — position is not current"
"CLHQ-DEV-0106","CLHQ-V-0106","35.2229, -80.8389","Native Eld","8 m","2026-08-28T07:43:41Z","—","Stale","Blocked — position is not current"
"CLHQ-DEV-0107","CLHQ-V-0107","35.2236, -80.8396","Native Eld","8 m","2026-08-28T07:43:41Z","—","Stale","Blocked — position is not current"
"CLHQ-DEV-0108","CLHQ-V-0108","35.2243, -80.8403","Native Eld","8 m","2026-08-28T07:43:41Z","—","Stale","Blocked — position is not current"
"CLHQ-DEV-0109","CLHQ-V-0109","35.225, -80.841","Native Eld","8 m","2026-08-28T07:43:41Z","—","Stale","Blocked — position is not current"
"CLHQ-DEV-0110","CLHQ-V-0110","35.2257, -80.8417","Native Eld","8 m","2026-08-28T07:43:41Z","—","Stale","Blocked — position is not current"
"CLHQ-DEV-0111","CLHQ-V-0111","35.2264, -80.8424","Native Eld","8 m","2026-08-28T07:43:41Z","—","Stale","Blocked — position is not current"
"CLHQ-DEV-0112","CLHQ-V-0112","35.2271, -80.8431","Native Eld","8 m","2026-08-28T07:43:41Z","—","Stale","Blocked — position is not current"
"CLHQ-DEV-0113","CLHQ-V-0113","35.2278, -80.8438","Native Eld","8 m","2026-08-28T07:43:41Z","—","Stale","Blocked — position is not current"
"CLHQ-DEV-0114","CLHQ-V-0114","35.2285, -80.8445","Native Eld","8 m","2026-08-28T07:43:41Z","—","Stale","Blocked — position is not current"
"CLHQ-DEV-0115","CLHQ-V-0115","35.2292, -80.8452","Native Eld","8 m","2026-08-28T07:43:41Z","—","Stale","Blocked — position is not current"
"CLHQ-DEV-0116","CLHQ-V-0116","35.2299, -80.8459","Native Eld","8 m","2026-08-28T07:43:41Z","—","Stale","Blocked — position is not current"
"CLHQ-DEV-0117","CLHQ-V-0117","35.2306, -80.8466","Native Eld","8 m","2026-08-28T07:43:41Z","—","Stale","Blocked — position is not current"
"CLHQ-DEV-0118","CLHQ-V-0118","35.2313, -80.8473","Native Eld","8 m","2026-08-28T07:43:41Z","—","Stale","Blocked — position is not current"
"CLHQ-DEV-0119","CLHQ-V-0119","35.232, -80.848","Native Eld","8 m","2026-08-28T07:43:41Z","—","Stale","Blocked — position is not current"
"CLHQ-DEV-0120","CLHQ-V-0120","35.2327, -80.8487","Native Eld","8 m","2026-08-28T07:43:41Z","—","Stale","Blocked — position is not current"
"CLHQ-DEV-0121","CLHQ-V-0121","35.2334, -80.8494","Native Eld","8 m","2026-08-28T07:43:41Z","—","Stale","Blocked — position is not current"
"CLHQ-DEV-0122","CLHQ-V-0122","35.2341, -80.8501","Native Eld","8 m","2026-08-28T07:43:41Z","—","Stale","Blocked — position is not current"
"CLHQ-DEV-0123","CLHQ-V-0123","35.2348, -80.8508","Native Eld","8 m","2026-08-28T07:43:41Z","—","Stale","Blocked — position is not current"
"CLHQ-DEV-0124","CLHQ-V-0124","35.2355, -80.8515","Native Eld","8 m","2026-08-28T07:43:41Z","—","Stale","Blocked — position is not current"
"CLHQ-DEV-0125","CLHQ-V-0125","35.2187, -80.8347","Native Eld","8 m","2026-08-28T07:43:41Z","—","Stale","Blocked — position is not current"
"CLHQ-DEV-0126","CLHQ-V-0126","35.2194, -80.8354","Native Eld","8 m","2026-08-28T07:43:41Z","—","Stale","Blocked — position is not current"
"CLHQ-DEV-0127","CLHQ-V-0127","35.2201, -80.8361","Native Eld","8 m","2026-08-28T07:43:41Z","—","Stale","Blocked — position is not current"
"CLHQ-DEV-0128","CLHQ-V-0128","35.2208, -80.8368","Native Eld","8 m","2026-08-28T07:43:41Z","—","Stale","Blocked — position is not current"
"CLHQ-DEV-0129","CLHQ-V-0129","35.2215, -80.8375","Native Eld","8 m","2026-08-28T07:43:41Z","—","Stale","Blocked — position is not current"
"CLHQ-DEV-0130","CLHQ-V-0130","35.2222, -80.8382","Native Eld","8 m","2026-08-28T07:43:41Z","—","Stale","Blocked — position is not current"
"CLHQ-DEV-0131","CLHQ-V-0131","35.2229, -80.8389","Native Eld","8 m","2026-08-28T07:43:41Z","—","Stale","Blocked — position is not current"
"CLHQ-DEV-0132","CLHQ-V-0132","35.2236, -80.8396","Native Eld","8 m","2026-08-28T07:43:41Z","—","Stale","Blocked — position is not current"
"CLHQ-DEV-0133","CLHQ-V-0133","35.2243, -80.8403","Native Eld","8 m","2026-08-28T07:43:41Z","—","Stale","Blocked — position is not current"
"CLHQ-DEV-0134","CLHQ-V-0134","35.225, -80.841","Native Eld","8 m","2026-08-28T07:43:41Z","—","Stale","Blocked — position is not current"
"CLHQ-DEV-0135","CLHQ-V-0135","35.2257, -80.8417","Native Eld","8 m","2026-08-28T07:43:41Z","—","Stale","Blocked — position is not current"
"CLHQ-DEV-0136","CLHQ-V-0136","35.2264, -80.8424","Native Eld","8 m","2026-08-28T07:43:41Z","—","Stale","Blocked — position is not current"
"CLHQ-DEV-0137","CLHQ-V-0137","35.2271, -80.8431","Native Eld","8 m","2026-08-28T07:43:41Z","—","Stale","Blocked — position is not current"
"CLHQ-DEV-0138","CLHQ-V-0138","35.2278, -80.8438","Native Eld","8 m","2026-08-28T07:43:41Z","—","Stale","Blocked — position is not current"
"CLHQ-DEV-0139","CLHQ-V-0139","35.2285, -80.8445","Native Eld","8 m","2026-08-28T07:43:41Z","—","Stale","Blocked — position is not current"
"CLHQ-DEV-0140","CLHQ-V-0140","35.2292, -80.8452","Native Eld","8 m","2026-08-28T07:43:41Z","—","Stale","Blocked — position is not current"
"CLHQ-DEV-0141","CLHQ-V-0141","35.2299, -80.8459","Native Eld","8 m","2026-08-28T07:38:41Z","—","Stale","Blocked — position is not current"
"CLHQ-DEV-0142","CLHQ-V-0142","35.2306, -80.8466","Native Eld","8 m","2026-08-28T07:38:41Z","—","Stale","Blocked — position is not current"
"CLHQ-DEV-0143","CLHQ-V-0143","35.2313, -80.8473","Native Eld","8 m","2026-08-28T07:38:41Z","—","Stale","Blocked — position is not current"
"CLHQ-DEV-0144","CLHQ-V-0144","35.232, -80.848","Native Eld","8 m","2026-08-28T07:38:41Z","—","Stale","Blocked — position is not current"
"CLHQ-DEV-0145","CLHQ-V-0145","35.2327, -80.8487","Native Eld","8 m","2026-08-28T07:38:41Z","—","Stale","Blocked — position is not current"
"CLHQ-DEV-0146","CLHQ-V-0146","35.2334, -80.8494","Native Eld","8 m","2026-08-28T07:38:41Z","—","Stale","Blocked — position is not current"
"CLHQ-DEV-0147","CLHQ-V-0147","35.2341, -80.8501","Native Eld","8 m","2026-08-28T07:38:41Z","—","Stale","Blocked — position is not current"
"CLHQ-DEV-0148","CLHQ-V-0148","35.2348, -80.8508","Native Eld","8 m","2026-08-28T07:38:41Z","—","Stale","Blocked — position is not current"
"CLHQ-DEV-0149","CLHQ-V-0149","35.2355, -80.8515","Native Eld","8 m","2026-08-28T07:38:41Z","—","Stale","Blocked — position is not current"
"CLHQ-DEV-0150","CLHQ-V-0150","35.2187, -80.8347","Native Eld","8 m","2026-08-28T07:38:41Z","—","Stale","Blocked — position is not current"
"CLHQ-DEV-0151","CLHQ-V-0151","35.2194, -80.8354","Native Eld","8 m","2026-08-28T07:38:41Z","—","Stale","Blocked — position is not current"
"CLHQ-DEV-0152","CLHQ-V-0152","35.2201, -80.8361","Native Eld","8 m","2026-08-28T07:38:41Z","—","Stale","Blocked — position is not current"
"CLHQ-DEV-0153","CLHQ-V-0153","35.2208, -80.8368","Native Eld","8 m","2026-08-28T07:38:41Z","—","Stale","Blocked — position is not current"
"CLHQ-DEV-0154","CLHQ-V-0154","35.2215, -80.8375","Native Eld","8 m","2026-08-28T07:38:41Z","—","Stale","Blocked — position is not current"
"CLHQ-DEV-0155","CLHQ-V-0155","35.2222, -80.8382","Native Eld","8 m","2026-08-28T07:38:41Z","—","Stale","Blocked — position is not current"
"CLHQ-DEV-0156","CLHQ-V-0156","35.2229, -80.8389","Native Eld","8 m","2026-08-28T07:38:41Z","—","Stale","Blocked — position is not current"
"CLHQ-DEV-0157","CLHQ-V-0157","35.2236, -80.8396","Native Eld","8 m","2026-08-28T07:38:41Z","—","Stale","Blocked — position is not current"
"CLHQ-DEV-0158","CLHQ-V-0158","35.2243, -80.8403","Native Eld","8 m","2026-08-28T07:38:41Z","—","Stale","Blocked — position is not current"
"CLHQ-DEV-0159","CLHQ-V-0159","35.225, -80.841","Native Eld","8 m","2026-08-28T07:38:41Z","—","Stale","Blocked — position is not current"
"CLHQ-DEV-0160","CLHQ-V-0160","35.2257, -80.8417","Native Eld","8 m","2026-08-28T07:38:41Z","—","Stale","Blocked — position is not current"
"CLHQ-DEV-0161","CLHQ-V-0161","35.2264, -80.8424","Native Eld","8 m","2026-08-28T07:21:41Z","—","Stale","Blocked — position is not current"
"CLHQ-DEV-0162","CLHQ-V-0162","35.2271, -80.8431","Native Eld","8 m","2026-08-28T07:21:41Z","—","Stale","Blocked — position is not current"
"CLHQ-DEV-0163","CLHQ-V-0163","35.2278, -80.8438","Native Eld","8 m","2026-08-28T07:21:41Z","—","Stale","Blocked — position is not current"
"CLHQ-DEV-0164","CLHQ-V-0164","35.2285, -80.8445","Native Eld","8 m","2026-08-28T07:21:41Z","—","Stale","Blocked — position is not current"
"CLHQ-DEV-0165","CLHQ-V-0165","35.2292, -80.8452","Native Eld","8 m","2026-08-28T07:21:41Z","—","Stale","Blocked — position is not current"
"CLHQ-DEV-0166","CLHQ-V-0166","35.2299, -80.8459","Native Eld","8 m","2026-08-28T07:21:41Z","—","Stale","Blocked — position is not current"
"CLHQ-DEV-0167","CLHQ-V-0167","35.2306, -80.8466","Native Eld","8 m","2026-08-28T07:21:41Z","—","Stale","Blocked — position is not current"
"CLHQ-DEV-0168","CLHQ-V-0168","35.2313, -80.8473","Native Eld","8 m","2026-08-28T07:21:41Z","—","Stale","Blocked — position is not current"
"CLHQ-DEV-0169","CLHQ-V-0169","35.232, -80.848","Native Eld","8 m","2026-08-28T07:21:41Z","—","Stale","Blocked — position is not current"
"CLHQ-DEV-0170","CLHQ-V-0170","35.2327, -80.8487","Native Eld","8 m","2026-08-28T07:21:41Z","—","Stale","Blocked — position is not current"
"CLHQ-DEV-0171","CLHQ-V-0171","35.2334, -80.8494","Native Eld","8 m","2026-08-28T07:21:41Z","—","Stale","Blocked — position is not current"
"CLHQ-DEV-0172","CLHQ-V-0172","35.2341, -80.8501","Native Eld","8 m","2026-08-28T07:21:41Z","—","Stale","Blocked — position is not current"
"CLHQ-DEV-0173","CLHQ-V-0173","35.2348, -80.8508","Native Eld","8 m","2026-08-28T07:21:41Z","—","Stale","Blocked — position is not current"
"CLHQ-DEV-0174","CLHQ-V-0174","35.2355, -80.8515","Native Eld","8 m","2026-08-28T07:21:41Z","—","Stale","Blocked — position is not current"
"CLHQ-DEV-0175","CLHQ-V-0175","35.2187, -80.8347","Native Eld","8 m","2026-08-28T07:21:41Z","—","Stale","Blocked — position is not current"
"CLHQ-DEV-0176","CLHQ-V-0176","35.2194, -80.8354","Native Eld","8 m","2026-08-28T07:26:41Z","—","Stale","Blocked — position is not current"
"CLHQ-DEV-0177","CLHQ-V-0177","35.2201, -80.8361","Native Eld","8 m","2026-08-28T07:26:41Z","—","Stale","Blocked — position is not current"
"CLHQ-DEV-0178","CLHQ-V-0178","35.2208, -80.8368","Native Eld","8 m","2026-08-28T07:26:41Z","—","Stale","Blocked — position is not current"
"CLHQ-DEV-0179","CLHQ-V-0179","35.2215, -80.8375","Native Eld","8 m","2026-08-28T07:26:41Z","—","Stale","Blocked — position is not current"
"CLHQ-DEV-0180","CLHQ-V-0180","35.2222, -80.8382","Native Eld","8 m","2026-08-28T07:26:41Z","—","Stale","Blocked — position is not current"
"CLHQ-DEV-0181","CLHQ-V-0181","35.2229, -80.8389","Native Eld","8 m","2026-08-28T07:26:41Z","—","Stale","Blocked — position is not current"
"CLHQ-DEV-0182","CLHQ-V-0182","35.2236, -80.8396","Native Eld","8 m","2026-08-28T07:26:41Z","—","Stale","Blocked — position is not current"
"CLHQ-DEV-0183","CLHQ-V-0183","35.2243, -80.8403","Native Eld","8 m","2026-08-28T07:26:41Z","—","Stale","Blocked — position is not current"
"CLHQ-DEV-0184","CLHQ-V-0184","35.225, -80.841","Native Eld","8 m","2026-08-28T07:26:41Z","—","Stale","Blocked — position is not current"
"CLHQ-DEV-0185","CLHQ-V-0185","35.2257, -80.8417","Native Eld","8 m","2026-08-28T07:26:41Z","—","Stale","Blocked — position is not current"
"CLHQ-DEV-0186","CLHQ-V-0186","35.2264, -80.8424","Native Eld","8 m","2026-08-28T07:43:41Z","—","Stale","Blocked — position is not current"
"CLHQ-DEV-0187","CLHQ-V-0187","35.2271, -80.8431","Native Eld","8 m","2026-08-28T07:43:41Z","—","Stale","Blocked — position is not current"
"CLHQ-DEV-0188","CLHQ-V-0188","35.2278, -80.8438","Native Eld","8 m","2026-08-28T07:43:41Z","—","Stale","Blocked — position is not current"
"CLHQ-DEV-0189","CLHQ-V-0189","35.2285, -80.8445","Native Eld","8 m","2026-08-28T07:43:41Z","—","Stale","Blocked — position is not current"
"CLHQ-DEV-0190","CLHQ-V-0190","35.2292, -80.8452","Native Eld","8 m","2026-08-28T07:43:41Z","—","Stale","Blocked — position is not current"
"CLHQ-DEV-0191","CLHQ-V-0191","35.7271, -80.3431","Native Eld","8 m","2026-08-28T07:43:41Z","—","Stale","Blocked — position is not current"
"CLHQ-DEV-0192","CLHQ-V-0192","35.7271, -80.3431","Native Eld","8 m","2026-08-28T07:43:41Z","—","Stale","Blocked — position is not current"
"CLHQ-DEV-0193","CLHQ-V-0193","35.7271, -80.3431","Native Eld","8 m","2026-08-28T07:43:41Z","—","Stale","Blocked — position is not current"
"CLHQ-DEV-0194","CLHQ-V-0194","35.7271, -80.3431","Native Eld","8 m","2026-08-28T07:43:41Z","—","Stale","Blocked — position is not current"
"CLHQ-DEV-0195","CLHQ-V-0195","35.7271, -80.3431","Native Eld","8 m","2026-08-28T07:43:41Z","—","Stale","Blocked — position is not current"
"CLHQ-DEV-0196","CLHQ-V-0196","35.2334, -80.8494","Native Eld","8 m","2026-08-28T07:43:41Z","—","Stale","Blocked — position is not current"
"CLHQ-DEV-0197","CLHQ-V-0197","35.2341, -80.8501","Native Eld","8 m","2026-08-28T07:43:41Z","—","Stale","Blocked — position is not current"
"CLHQ-DEV-0198","CLHQ-V-0198","35.2348, -80.8508","Native Eld","8 m","2026-08-28T07:43:41Z","—","Stale","Blocked — position is not current"
"CLHQ-DEV-0199","CLHQ-V-0199","35.2355, -80.8515","Native Eld","8 m","2026-08-28T07:43:41Z","—","Stale","Blocked — position is not current"
"CLHQ-DEV-0200","CLHQ-V-0200","35.2187, -80.8347","Native Eld","8 m","2026-08-28T07:43:41Z","—","Stale","Blocked — position is not current"
"CLHQ-DEV-0201","Unassigned","No valid fix","Unknown source","Unknown","—","—","No data","Blocked — no valid position"
"CLHQ-DEV-0202","Unassigned","No valid fix","Unknown source","Unknown","—","—","No data","Blocked — no valid position"
"CLHQ-DEV-0203","Unassigned","No valid fix","Unknown source","Unknown","—","—","No data","Blocked — no valid position"
"CLHQ-DEV-0204","Unassigned","No valid fix","Unknown source","Unknown","—","—","No data","Blocked — no valid position"
"CLHQ-DEV-0205","Unassigned","No valid fix","Unknown source","Unknown","—","—","No data","Blocked — no valid position"
"CLHQ-DEV-0206","Unassigned","No valid fix","Unknown source","Unknown","—","—","No data","Blocked — no valid position"
"CLHQ-DEV-0207","Unassigned","No valid fix","Unknown source","Unknown","—","—","No data","Blocked — no valid position"
"CLHQ-DEV-0208","Unassigned","No valid fix","Unknown source","Unknown","—","—","No data","Blocked — no valid position"
"CLHQ-DEV-0209","Unassigned","No valid fix","Unknown source","Unknown","—","—","No data","Blocked — no valid position"
"CLHQ-DEV-0210","Unassigned","No valid fix","Unknown source","Unknown","—","—","No data","Blocked — no valid position"
"CLHQ-DEV-0211","Unassigned","No valid fix","Unknown source","Unknown","—","—","No data","Blocked — no valid position"
"CLHQ-DEV-0212","Unassigned","No valid fix","Unknown source","Unknown","—","—","No data","Blocked — no valid position"
"CLHQ-DEV-0213","Unassigned","No valid fix","Unknown source","Unknown","—","—","No data","Blocked — no valid position"
"CLHQ-DEV-0214","Unassigned","No valid fix","Unknown source","Unknown","—","—","No data","Blocked — no valid position"
"CLHQ-DEV-0215","Unassigned","No valid fix","Unknown source","Unknown","—","—","No data","Blocked — no valid position"
"CLHQ-DEV-0216","Unassigned","No valid fix","Unknown source","Unknown","—","—","No data","Blocked — no valid position"
"CLHQ-DEV-0217","Unassigned","No valid fix","Unknown source","Unknown","—","—","No data","Blocked — no valid position"
"CLHQ-DEV-0218","Unassigned","No valid fix","Unknown source","Unknown","—","—","No data","Blocked — no valid position"
"CLHQ-DEV-0219","Unassigned","No valid fix","Unknown source","Unknown","—","—","No data","Blocked — no valid position"
"CLHQ-DEV-0220","Unassigned","No valid fix","Unknown source","Unknown","—","—","No data","Blocked — no valid position"
"MWYARD-DEV-0001","MWYARD-V-0001","43.0312, -87.8988","Native Eld","8 m","2026-08-28T07:43:41Z","—","Stale","Blocked — position is not current"
"MWYARD-DEV-0002","MWYARD-V-0002","43.0319, -87.8995","Native Eld","8 m","2026-08-28T07:43:41Z","—","Stale","Blocked — position is not current"
"MWYARD-DEV-0003","MWYARD-V-0003","43.0326, -87.9002","Native Eld","8 m","2026-08-28T07:43:41Z","—","Stale","Blocked — position is not current"
"MWYARD-DEV-0004","MWYARD-V-0004","43.0333, -87.9009","Native Eld","8 m","2026-08-28T07:43:41Z","—","Stale","Blocked — position is not current"
"MWYARD-DEV-0005","MWYARD-V-0005","43.034, -87.9016","Native Eld","8 m","2026-08-28T07:43:41Z","—","Stale","Blocked — position is not current"
"MWYARD-DEV-0006","MWYARD-V-0006","43.0347, -87.9023","Native Eld","8 m","2026-08-28T07:43:41Z","—","Stale","Blocked — position is not current"
"MWYARD-DEV-0007","MWYARD-V-0007","43.0354, -87.903","Native Eld","8 m","2026-08-28T07:43:41Z","—","Stale","Blocked — position is not current"
"MWYARD-DEV-0008","MWYARD-V-0008","43.0361, -87.9037","Native Eld","8 m","2026-08-28T07:43:41Z","—","Stale","Blocked — position is not current"
"MWYARD-DEV-0009","MWYARD-V-0009","43.0368, -87.9044","Native Eld","8 m","2026-08-28T07:43:41Z","—","Stale","Blocked — position is not current"
"MWYARD-DEV-0010","MWYARD-V-0010","43.0375, -87.9051","Native Eld","8 m","2026-08-28T07:43:41Z","—","Stale","Blocked — position is not current"
"MWYARD-DEV-0011","MWYARD-V-0011","43.0382, -87.9058","Native Eld","8 m","2026-08-28T07:43:41Z","—","Stale","Blocked — position is not current"
"MWYARD-DEV-0012","MWYARD-V-0012","43.0389, -87.9065","Native Eld","8 m","2026-08-28T07:43:41Z","—","Stale","Blocked — position is not current"
"MWYARD-DEV-0013","MWYARD-V-0013","43.0396, -87.9072","Native Eld","8 m","2026-08-28T07:43:41Z","—","Stale","Blocked — position is not current"
"MWYARD-DEV-0014","MWYARD-V-0014","43.0403, -87.9079","Native Eld","8 m","2026-08-28T07:43:41Z","—","Stale","Blocked — position is not current"
"MWYARD-DEV-0015","MWYARD-V-0015","43.041, -87.9086","Native Eld","8 m","2026-08-28T07:43:41Z","—","Stale","Blocked — position is not current"
"MWYARD-DEV-0016","MWYARD-V-0016","43.0417, -87.9093","Native Eld","8 m","2026-08-28T07:43:41Z","—","Stale","Blocked — position is not current"
"MWYARD-DEV-0017","MWYARD-V-0017","43.0424, -87.91","Native Eld","8 m","2026-08-28T07:43:41Z","—","Stale","Blocked — position is not current"
"MWYARD-DEV-0018","MWYARD-V-0018","43.0431, -87.9107","Native Eld","8 m","2026-08-28T07:43:41Z","—","Stale","Blocked — position is not current"
"MWYARD-DEV-0019","MWYARD-V-0019","43.0438, -87.9114","Native Eld","8 m","2026-08-28T07:43:41Z","—","Stale","Blocked — position is not current"
"MWYARD-DEV-0020","MWYARD-V-0020","43.0445, -87.9121","Native Eld","8 m","2026-08-28T07:43:41Z","—","Stale","Blocked — position is not current"
"MWYARD-DEV-0021","MWYARD-V-0021","43.0452, -87.9128","Native Eld","8 m","2026-08-28T07:43:41Z","—","Stale","Blocked — position is not current"
"MWYARD-DEV-0022","MWYARD-V-0022","43.0459, -87.9135","Native Eld","8 m","2026-08-28T07:43:41Z","—","Stale","Blocked — position is not current"
"MWYARD-DEV-0023","MWYARD-V-0023","43.0466, -87.9142","Native Eld","8 m","2026-08-28T07:43:41Z","—","Stale","Blocked — position is not current"
"MWYARD-DEV-0024","MWYARD-V-0024","43.0473, -87.9149","Native Eld","8 m","2026-08-28T07:43:41Z","—","Stale","Blocked — position is not current"
"MWYARD-DEV-0025","MWYARD-V-0025","43.0305, -87.8981","Native Eld","8 m","2026-08-28T07:43:41Z","—","Stale","Blocked — position is not current"
"MWYARD-DEV-0026","MWYARD-V-0026","43.0312, -87.8988","Native Eld","8 m","2026-08-28T07:43:41Z","—","Stale","Blocked — position is not current"
"MWYARD-DEV-0027","MWYARD-V-0027","43.0319, -87.8995","Native Eld","8 m","2026-08-28T07:43:41Z","—","Stale","Blocked — position is not current"
"MWYARD-DEV-0028","MWYARD-V-0028","43.0326, -87.9002","Native Eld","8 m","2026-08-28T07:43:41Z","—","Stale","Blocked — position is not current"
"MWYARD-DEV-0029","MWYARD-V-0029","43.0333, -87.9009","Native Eld","8 m","2026-08-28T07:43:41Z","—","Stale","Blocked — position is not current"
"MWYARD-DEV-0030","MWYARD-V-0030","43.034, -87.9016","Native Eld","8 m","2026-08-28T07:43:41Z","—","Stale","Blocked — position is not current"
"MWYARD-DEV-0031","MWYARD-V-0031","43.0347, -87.9023","Native Eld","8 m","2026-08-28T07:43:41Z","—","Stale","Blocked — position is not current"
"MWYARD-DEV-0032","MWYARD-V-0032","43.0354, -87.903","Native Eld","8 m","2026-08-28T07:43:41Z","—","Stale","Blocked — position is not current"
"MWYARD-DEV-0033","MWYARD-V-0033","43.0361, -87.9037","Native Eld","8 m","2026-08-28T07:43:41Z","—","Stale","Blocked — position is not current"
"MWYARD-DEV-0034","MWYARD-V-0034","43.0368, -87.9044","Native Eld","8 m","2026-08-28T07:43:41Z","—","Stale","Blocked — position is not current"
"MWYARD-DEV-0035","MWYARD-V-0035","43.0375, -87.9051","Native Eld","8 m","2026-08-28T07:43:41Z","—","Stale","Blocked — position is not current"
"MWYARD-DEV-0036","MWYARD-V-0036","43.0382, -87.9058","Native Eld","8 m","2026-08-28T07:43:41Z","—","Stale","Blocked — position is not current"
"MWYARD-DEV-0037","MWYARD-V-0037","43.0389, -87.9065","Native Eld","8 m","2026-08-28T07:43:41Z","—","Stale","Blocked — position is not current"
"MWYARD-DEV-0038","MWYARD-V-0038","43.0396, -87.9072","Native Eld","8 m","2026-08-28T07:43:41Z","—","Stale","Blocked — position is not current"
"MWYARD-DEV-0039","MWYARD-V-0039","43.0403, -87.9079","Native Eld","8 m","2026-08-28T07:43:41Z","—","Stale","Blocked — position is not current"
"MWYARD-DEV-0040","MWYARD-V-0040","43.041, -87.9086","Native Eld","8 m","2026-08-28T07:43:41Z","—","Stale","Blocked — position is not current"
"MWYARD-DEV-0041","MWYARD-V-0041","43.0417, -87.9093","Native Eld","8 m","2026-08-28T07:43:41Z","—","Stale","Blocked — position is not current"
"MWYARD-DEV-0042","MWYARD-V-0042","43.0424, -87.91","Native Eld","8 m","2026-08-28T07:43:41Z","—","Stale","Blocked — position is not current"
"MWYARD-DEV-0043","MWYARD-V-0043","43.0431, -87.9107","Native Eld","8 m","2026-08-28T07:43:41Z","—","Stale","Blocked — position is not current"
"MWYARD-DEV-0044","MWYARD-V-0044","43.0438, -87.9114","Native Eld","8 m","2026-08-28T07:43:41Z","—","Stale","Blocked — position is not current"
"MWYARD-DEV-0045","MWYARD-V-0045","43.0445, -87.9121","Native Eld","8 m","2026-08-28T07:43:41Z","—","Stale","Blocked — position is not current"
"MWYARD-DEV-0046","MWYARD-V-0046","43.0452, -87.9128","Native Eld","8 m","2026-08-28T07:43:41Z","—","Stale","Blocked — position is not current"
"MWYARD-DEV-0047","MWYARD-V-0047","43.0459, -87.9135","Native Eld","8 m","2026-08-28T07:43:41Z","—","Stale","Blocked — position is not current"
"MWYARD-DEV-0048","MWYARD-V-0048","43.0466, -87.9142","Native Eld","8 m","2026-08-28T07:43:41Z","—","Stale","Blocked — position is not current"
"MWYARD-DEV-0049","MWYARD-V-0049","43.0473, -87.9149","Native Eld","8 m","2026-08-28T07:43:41Z","—","Stale","Blocked — position is not current"
"MWYARD-DEV-0050","MWYARD-V-0050","43.0305, -87.8981","Native Eld","8 m","2026-08-28T07:43:41Z","—","Stale","Blocked — position is not current"
"MWYARD-DEV-0051","MWYARD-V-0051","43.0312, -87.8988","Native Eld","8 m","2026-08-28T07:43:41Z","—","Stale","Blocked — position is not current"
"MWYARD-DEV-0052","MWYARD-V-0052","43.0319, -87.8995","Native Eld","8 m","2026-08-28T07:43:41Z","—","Stale","Blocked — position is not current"
"MWYARD-DEV-0053","MWYARD-V-0053","43.0326, -87.9002","Native Eld","8 m","2026-08-28T07:43:41Z","—","Stale","Blocked — position is not current"
"MWYARD-DEV-0054","MWYARD-V-0054","43.0333, -87.9009","Native Eld","8 m","2026-08-28T07:43:41Z","—","Stale","Blocked — position is not current"
"MWYARD-DEV-0055","MWYARD-V-0055","43.034, -87.9016","Native Eld","8 m","2026-08-28T07:43:41Z","—","Stale","Blocked — position is not current"
"MWYARD-DEV-0056","MWYARD-V-0056","43.0347, -87.9023","Native Eld","8 m","2026-08-28T07:43:41Z","—","Stale","Blocked — position is not current"
"MWYARD-DEV-0057","MWYARD-V-0057","43.0354, -87.903","Native Eld","8 m","2026-08-28T07:43:41Z","—","Stale","Blocked — position is not current"
"MWYARD-DEV-0058","MWYARD-V-0058","43.0361, -87.9037","Native Eld","8 m","2026-08-28T07:43:41Z","—","Stale","Blocked — position is not current"
"MWYARD-DEV-0059","MWYARD-V-0059","43.0368, -87.9044","Native Eld","8 m","2026-08-28T07:43:41Z","—","Stale","Blocked — position is not current"
"MWYARD-DEV-0060","MWYARD-V-0060","43.0375, -87.9051","Native Eld","8 m","2026-08-28T07:43:41Z","—","Stale","Blocked — position is not current"
"MWYARD-DEV-0061","MWYARD-V-0061","43.0382, -87.9058","Native Eld","8 m","2026-08-28T07:43:41Z","—","Stale","Blocked — position is not current"
"MWYARD-DEV-0062","MWYARD-V-0062","43.0389, -87.9065","Native Eld","8 m","2026-08-28T07:43:41Z","—","Stale","Blocked — position is not current"
"MWYARD-DEV-0063","MWYARD-V-0063","43.0396, -87.9072","Native Eld","8 m","2026-08-28T07:43:41Z","—","Stale","Blocked — position is not current"
"MWYARD-DEV-0064","MWYARD-V-0064","43.0403, -87.9079","Native Eld","8 m","2026-08-28T07:43:41Z","—","Stale","Blocked — position is not current"
"MWYARD-DEV-0065","MWYARD-V-0065","43.041, -87.9086","Native Eld","8 m","2026-08-28T07:43:41Z","—","Stale","Blocked — position is not current"
"MWYARD-DEV-0066","MWYARD-V-0066","43.0417, -87.9093","Native Eld","8 m","2026-08-28T07:43:41Z","—","Stale","Blocked — position is not current"
"MWYARD-DEV-0067","MWYARD-V-0067","43.0424, -87.91","Native Eld","8 m","2026-08-28T07:43:41Z","—","Stale","Blocked — position is not current"
"MWYARD-DEV-0068","MWYARD-V-0068","43.0431, -87.9107","Native Eld","8 m","2026-08-28T07:43:41Z","—","Stale","Blocked — position is not current"
"MWYARD-DEV-0069","MWYARD-V-0069","43.0438, -87.9114","Native Eld","8 m","2026-08-28T07:43:41Z","—","Stale","Blocked — position is not current"
"MWYARD-DEV-0070","MWYARD-V-0070","43.0445, -87.9121","Native Eld","8 m","2026-08-28T07:43:41Z","—","Stale","Blocked — position is not current"
"MWYARD-DEV-0071","MWYARD-V-0071","43.0452, -87.9128","Native Eld","8 m","2026-08-28T07:43:41Z","—","Stale","Blocked — position is not current"
"MWYARD-DEV-0072","MWYARD-V-0072","43.0459, -87.9135","Native Eld","8 m","2026-08-28T07:43:41Z","—","Stale","Blocked — position is not current"
"MWYARD-DEV-0073","MWYARD-V-0073","43.0466, -87.9142","Native Eld","8 m","2026-08-28T07:43:41Z","—","Stale","Blocked — position is not current"
"MWYARD-DEV-0074","MWYARD-V-0074","43.0473, -87.9149","Native Eld","8 m","2026-08-28T07:43:41Z","—","Stale","Blocked — position is not current"
"MWYARD-DEV-0075","MWYARD-V-0075","43.0305, -87.8981","Native Eld","8 m","2026-08-28T07:43:41Z","—","Stale","Blocked — position is not current"
"MWYARD-DEV-0076","MWYARD-V-0076","43.0312, -87.8988","Native Eld","8 m","2026-08-28T07:43:41Z","—","Stale","Blocked — position is not current"
"MWYARD-DEV-0077","MWYARD-V-0077","43.0319, -87.8995","Native Eld","8 m","2026-08-28T07:43:41Z","—","Stale","Blocked — position is not current"
"MWYARD-DEV-0078","MWYARD-V-0078","43.0326, -87.9002","Native Eld","8 m","2026-08-28T07:43:41Z","—","Stale","Blocked — position is not current"
"MWYARD-DEV-0079","MWYARD-V-0079","43.0333, -87.9009","Native Eld","8 m","2026-08-28T07:43:41Z","—","Stale","Blocked — position is not current"
"MWYARD-DEV-0080","MWYARD-V-0080","43.034, -87.9016","Native Eld","8 m","2026-08-28T07:43:41Z","—","Stale","Blocked — position is not current"
"MWYARD-DEV-0081","MWYARD-V-0081","43.0347, -87.9023","Native Eld","8 m","2026-08-28T07:43:41Z","—","Stale","Blocked — position is not current"
"MWYARD-DEV-0082","MWYARD-V-0082","43.0354, -87.903","Native Eld","8 m","2026-08-28T07:43:41Z","—","Stale","Blocked — position is not current"
"MWYARD-DEV-0083","MWYARD-V-0083","43.0361, -87.9037","Native Eld","8 m","2026-08-28T07:43:41Z","—","Stale","Blocked — position is not current"
"MWYARD-DEV-0084","MWYARD-V-0084","43.0368, -87.9044","Native Eld","8 m","2026-08-28T07:43:41Z","—","Stale","Blocked — position is not current"
"MWYARD-DEV-0085","MWYARD-V-0085","43.0375, -87.9051","Native Eld","8 m","2026-08-28T07:43:41Z","—","Stale","Blocked — position is not current"
"MWYARD-DEV-0086","MWYARD-V-0086","43.0382, -87.9058","Native Eld","8 m","2026-08-28T07:43:41Z","—","Stale","Blocked — position is not current"
"MWYARD-DEV-0087","MWYARD-V-0087","43.0389, -87.9065","Native Eld","8 m","2026-08-28T07:43:41Z","—","Stale","Blocked — position is not current"
"MWYARD-DEV-0088","MWYARD-V-0088","43.0396, -87.9072","Native Eld","8 m","2026-08-28T07:43:41Z","—","Stale","Blocked — position is not current"
"MWYARD-DEV-0089","MWYARD-V-0089","43.0403, -87.9079","Native Eld","8 m","2026-08-28T07:43:41Z","—","Stale","Blocked — position is not current"
"MWYARD-DEV-0090","MWYARD-V-0090","43.041, -87.9086","Native Eld","8 m","2026-08-28T07:43:41Z","—","Stale","Blocked — position is not current"
"MWYARD-DEV-0091","MWYARD-V-0091","43.0417, -87.9093","Native Eld","8 m","2026-08-28T07:43:41Z","—","Stale","Blocked — position is not current"
"MWYARD-DEV-0092","MWYARD-V-0092","43.0424, -87.91","Native Eld","8 m","2026-08-28T07:43:41Z","—","Stale","Blocked — position is not current"
"MWYARD-DEV-0093","MWYARD-V-0093","43.0431, -87.9107","Native Eld","8 m","2026-08-28T07:43:41Z","—","Stale","Blocked — position is not current"
"MWYARD-DEV-0094","MWYARD-V-0094","43.0438, -87.9114","Native Eld","8 m","2026-08-28T07:43:41Z","—","Stale","Blocked — position is not current"
"MWYARD-DEV-0095","MWYARD-V-0095","43.0445, -87.9121","Native Eld","8 m","2026-08-28T07:43:41Z","—","Stale","Blocked — position is not current"
"MWYARD-DEV-0096","MWYARD-V-0096","43.0452, -87.9128","Native Eld","8 m","2026-08-28T07:43:41Z","—","Stale","Blocked — position is not current"
"MWYARD-DEV-0097","MWYARD-V-0097","43.0459, -87.9135","Native Eld","8 m","2026-08-28T07:43:41Z","—","Stale","Blocked — position is not current"
"MWYARD-DEV-0098","MWYARD-V-0098","43.0466, -87.9142","Native Eld","8 m","2026-08-28T07:43:41Z","—","Stale","Blocked — position is not current"
"MWYARD-DEV-0099","MWYARD-V-0099","43.0473, -87.9149","Native Eld","8 m","2026-08-28T07:43:41Z","—","Stale","Blocked — position is not current"
"MWYARD-DEV-0100","MWYARD-V-0100","43.0305, -87.8981","Native Eld","8 m","2026-08-28T07:43:41Z","—","Stale","Blocked — position is not current"
"MWYARD-DEV-0101","MWYARD-V-0101","43.0312, -87.8988","Native Eld","8 m","2026-08-28T07:43:41Z","—","Stale","Blocked — position is not current"
"MWYARD-DEV-0102","MWYARD-V-0102","43.0319, -87.8995","Native Eld","8 m","2026-08-28T07:43:41Z","—","Stale","Blocked — position is not current"
"MWYARD-DEV-0103","MWYARD-V-0103","43.0326, -87.9002","Native Eld","8 m","2026-08-28T07:43:41Z","—","Stale","Blocked — position is not current"
"MWYARD-DEV-0104","MWYARD-V-0104","43.0333, -87.9009","Native Eld","8 m","2026-08-28T07:43:41Z","—","Stale","Blocked — position is not current"
"MWYARD-DEV-0105","MWYARD-V-0105","43.034, -87.9016","Native Eld","8 m","2026-08-28T07:43:41Z","—","Stale","Blocked — position is not current"
"MWYARD-DEV-0106","MWYARD-V-0106","43.0347, -87.9023","Native Eld","8 m","2026-08-28T07:43:41Z","—","Stale","Blocked — position is not current"
"MWYARD-DEV-0107","MWYARD-V-0107","43.0354, -87.903","Native Eld","8 m","2026-08-28T07:43:41Z","—","Stale","Blocked — position is not current"
"MWYARD-DEV-0108","MWYARD-V-0108","43.0361, -87.9037","Native Eld","8 m","2026-08-28T07:43:41Z","—","Stale","Blocked — position is not current"
"MWYARD-DEV-0109","MWYARD-V-0109","43.0368, -87.9044","Native Eld","8 m","2026-08-28T07:43:41Z","—","Stale","Blocked — position is not current"
"MWYARD-DEV-0110","MWYARD-V-0110","43.0375, -87.9051","Native Eld","8 m","2026-08-28T07:43:41Z","—","Stale","Blocked — position is not current"
"MWYARD-DEV-0111","MWYARD-V-0111","43.0382, -87.9058","Native Eld","8 m","2026-08-28T07:43:41Z","—","Stale","Blocked — position is not current"
"MWYARD-DEV-0112","MWYARD-V-0112","43.0389, -87.9065","Native Eld","8 m","2026-08-28T07:43:41Z","—","Stale","Blocked — position is not current"
"MWYARD-DEV-0113","MWYARD-V-0113","43.0396, -87.9072","Native Eld","8 m","2026-08-28T07:43:41Z","—","Stale","Blocked — position is not current"
"MWYARD-DEV-0114","MWYARD-V-0114","43.0403, -87.9079","Native Eld","8 m","2026-08-28T07:43:41Z","—","Stale","Blocked — position is not current"
"MWYARD-DEV-0115","MWYARD-V-0115","43.041, -87.9086","Native Eld","8 m","2026-08-28T07:43:41Z","—","Stale","Blocked — position is not current"
"MWYARD-DEV-0116","MWYARD-V-0116","43.0417, -87.9093","Native Eld","8 m","2026-08-28T07:43:41Z","—","Stale","Blocked — position is not current"
"MWYARD-DEV-0117","MWYARD-V-0117","43.0424, -87.91","Native Eld","8 m","2026-08-28T07:43:41Z","—","Stale","Blocked — position is not current"
"MWYARD-DEV-0118","MWYARD-V-0118","43.0431, -87.9107","Native Eld","8 m","2026-08-28T07:43:41Z","—","Stale","Blocked — position is not current"
"MWYARD-DEV-0119","MWYARD-V-0119","43.0438, -87.9114","Native Eld","8 m","2026-08-28T07:43:41Z","—","Stale","Blocked — position is not current"
"MWYARD-DEV-0120","MWYARD-V-0120","43.0445, -87.9121","Native Eld","8 m","2026-08-28T07:43:41Z","—","Stale","Blocked — position is not current"
"MWYARD-DEV-0121","MWYARD-V-0121","43.0452, -87.9128","Native Eld","8 m","2026-08-28T07:43:41Z","—","Stale","Blocked — position is not current"
"MWYARD-DEV-0122","MWYARD-V-0122","43.0459, -87.9135","Native Eld","8 m","2026-08-28T07:43:41Z","—","Stale","Blocked — position is not current"
"MWYARD-DEV-0123","MWYARD-V-0123","43.0466, -87.9142","Native Eld","8 m","2026-08-28T07:43:41Z","—","Stale","Blocked — position is not current"
"MWYARD-DEV-0124","MWYARD-V-0124","43.0473, -87.9149","Native Eld","8 m","2026-08-28T07:43:41Z","—","Stale","Blocked — position is not current"
"MWYARD-DEV-0125","MWYARD-V-0125","43.0305, -87.8981","Native Eld","8 m","2026-08-28T07:43:41Z","—","Stale","Blocked — position is not current"
"MWYARD-DEV-0126","MWYARD-V-0126","43.0312, -87.8988","Native Eld","8 m","2026-08-28T07:43:41Z","—","Stale","Blocked — position is not current"
"MWYARD-DEV-0127","MWYARD-V-0127","43.0319, -87.8995","Native Eld","8 m","2026-08-28T07:43:41Z","—","Stale","Blocked — position is not current"
"MWYARD-DEV-0128","MWYARD-V-0128","43.0326, -87.9002","Native Eld","8 m","2026-08-28T07:43:41Z","—","Stale","Blocked — position is not current"
"MWYARD-DEV-0129","MWYARD-V-0129","43.0333, -87.9009","Native Eld","8 m","2026-08-28T07:43:41Z","—","Stale","Blocked — position is not current"
"MWYARD-DEV-0130","MWYARD-V-0130","43.034, -87.9016","Native Eld","8 m","2026-08-28T07:43:41Z","—","Stale","Blocked — position is not current"
"MWYARD-DEV-0131","MWYARD-V-0131","43.0347, -87.9023","Native Eld","8 m","2026-08-28T07:43:41Z","—","Stale","Blocked — position is not current"
"MWYARD-DEV-0132","MWYARD-V-0132","43.0354, -87.903","Native Eld","8 m","2026-08-28T07:43:41Z","—","Stale","Blocked — position is not current"
"MWYARD-DEV-0133","MWYARD-V-0133","43.0361, -87.9037","Native Eld","8 m","2026-08-28T07:43:41Z","—","Stale","Blocked — position is not current"
"MWYARD-DEV-0134","MWYARD-V-0134","43.0368, -87.9044","Native Eld","8 m","2026-08-28T07:43:41Z","—","Stale","Blocked — position is not current"
"MWYARD-DEV-0135","MWYARD-V-0135","43.0375, -87.9051","Native Eld","8 m","2026-08-28T07:43:41Z","—","Stale","Blocked — position is not current"
"MWYARD-DEV-0136","MWYARD-V-0136","43.0382, -87.9058","Native Eld","8 m","2026-08-28T07:43:41Z","—","Stale","Blocked — position is not current"
"MWYARD-DEV-0137","MWYARD-V-0137","43.0389, -87.9065","Native Eld","8 m","2026-08-28T07:43:41Z","—","Stale","Blocked — position is not current"
"MWYARD-DEV-0138","MWYARD-V-0138","43.0396, -87.9072","Native Eld","8 m","2026-08-28T07:43:41Z","—","Stale","Blocked — position is not current"
"MWYARD-DEV-0139","MWYARD-V-0139","43.0403, -87.9079","Native Eld","8 m","2026-08-28T07:43:41Z","—","Stale","Blocked — position is not current"
"MWYARD-DEV-0140","MWYARD-V-0140","43.041, -87.9086","Native Eld","8 m","2026-08-28T07:43:41Z","—","Stale","Blocked — position is not current"
"MWYARD-DEV-0141","MWYARD-V-0141","43.0417, -87.9093","Native Eld","8 m","2026-08-28T07:38:41Z","—","Stale","Blocked — position is not current"
"MWYARD-DEV-0142","MWYARD-V-0142","43.0424, -87.91","Native Eld","8 m","2026-08-28T07:38:41Z","—","Stale","Blocked — position is not current"
"MWYARD-DEV-0143","MWYARD-V-0143","43.0431, -87.9107","Native Eld","8 m","2026-08-28T07:38:41Z","—","Stale","Blocked — position is not current"
"MWYARD-DEV-0144","MWYARD-V-0144","43.0438, -87.9114","Native Eld","8 m","2026-08-28T07:38:41Z","—","Stale","Blocked — position is not current"
"MWYARD-DEV-0145","MWYARD-V-0145","43.0445, -87.9121","Native Eld","8 m","2026-08-28T07:38:41Z","—","Stale","Blocked — position is not current"
"MWYARD-DEV-0146","MWYARD-V-0146","43.0452, -87.9128","Native Eld","8 m","2026-08-28T07:38:41Z","—","Stale","Blocked — position is not current"
"MWYARD-DEV-0147","MWYARD-V-0147","43.0459, -87.9135","Native Eld","8 m","2026-08-28T07:38:41Z","—","Stale","Blocked — position is not current"
"MWYARD-DEV-0148","MWYARD-V-0148","43.0466, -87.9142","Native Eld","8 m","2026-08-28T07:38:41Z","—","Stale","Blocked — position is not current"
"MWYARD-DEV-0149","MWYARD-V-0149","43.0473, -87.9149","Native Eld","8 m","2026-08-28T07:38:41Z","—","Stale","Blocked — position is not current"
"MWYARD-DEV-0150","MWYARD-V-0150","43.0305, -87.8981","Native Eld","8 m","2026-08-28T07:38:41Z","—","Stale","Blocked — position is not current"
"MWYARD-DEV-0151","MWYARD-V-0151","43.0312, -87.8988","Native Eld","8 m","2026-08-28T07:38:41Z","—","Stale","Blocked — position is not current"
"MWYARD-DEV-0152","MWYARD-V-0152","43.0319, -87.8995","Native Eld","8 m","2026-08-28T07:38:41Z","—","Stale","Blocked — position is not current"
"MWYARD-DEV-0153","MWYARD-V-0153","43.0326, -87.9002","Native Eld","8 m","2026-08-28T07:38:41Z","—","Stale","Blocked — position is not current"
"MWYARD-DEV-0154","MWYARD-V-0154","43.0333, -87.9009","Native Eld","8 m","2026-08-28T07:38:41Z","—","Stale","Blocked — position is not current"
"MWYARD-DEV-0155","MWYARD-V-0155","43.034, -87.9016","Native Eld","8 m","2026-08-28T07:38:41Z","—","Stale","Blocked — position is not current"
"MWYARD-DEV-0156","MWYARD-V-0156","43.0347, -87.9023","Native Eld","8 m","2026-08-28T07:38:41Z","—","Stale","Blocked — position is not current"
"MWYARD-DEV-0157","MWYARD-V-0157","43.0354, -87.903","Native Eld","8 m","2026-08-28T07:38:41Z","—","Stale","Blocked — position is not current"
"MWYARD-DEV-0158","MWYARD-V-0158","43.0361, -87.9037","Native Eld","8 m","2026-08-28T07:38:41Z","—","Stale","Blocked — position is not current"
"MWYARD-DEV-0159","MWYARD-V-0159","43.0368, -87.9044","Native Eld","8 m","2026-08-28T07:38:41Z","—","Stale","Blocked — position is not current"
"MWYARD-DEV-0160","MWYARD-V-0160","43.0375, -87.9051","Native Eld","8 m","2026-08-28T07:38:41Z","—","Stale","Blocked — position is not current"
"MWYARD-DEV-0161","MWYARD-V-0161","43.0382, -87.9058","Native Eld","8 m","2026-08-28T07:21:41Z","—","Stale","Blocked — position is not current"
"MWYARD-DEV-0162","MWYARD-V-0162","43.0389, -87.9065","Native Eld","8 m","2026-08-28T07:21:41Z","—","Stale","Blocked — position is not current"
"MWYARD-DEV-0163","MWYARD-V-0163","43.0396, -87.9072","Native Eld","8 m","2026-08-28T07:21:41Z","—","Stale","Blocked — position is not current"
"MWYARD-DEV-0164","MWYARD-V-0164","43.0403, -87.9079","Native Eld","8 m","2026-08-28T07:21:41Z","—","Stale","Blocked — position is not current"
"MWYARD-DEV-0165","MWYARD-V-0165","43.041, -87.9086","Native Eld","8 m","2026-08-28T07:21:41Z","—","Stale","Blocked — position is not current"
"MWYARD-DEV-0166","MWYARD-V-0166","43.0417, -87.9093","Native Eld","8 m","2026-08-28T07:21:41Z","—","Stale","Blocked — position is not current"
"MWYARD-DEV-0167","MWYARD-V-0167","43.0424, -87.91","Native Eld","8 m","2026-08-28T07:21:41Z","—","Stale","Blocked — position is not current"
"MWYARD-DEV-0168","MWYARD-V-0168","43.0431, -87.9107","Native Eld","8 m","2026-08-28T07:21:41Z","—","Stale","Blocked — position is not current"
"MWYARD-DEV-0169","MWYARD-V-0169","43.0438, -87.9114","Native Eld","8 m","2026-08-28T07:21:41Z","—","Stale","Blocked — position is not current"
"MWYARD-DEV-0170","MWYARD-V-0170","43.0445, -87.9121","Native Eld","8 m","2026-08-28T07:21:41Z","—","Stale","Blocked — position is not current"
"MWYARD-DEV-0171","MWYARD-V-0171","43.0452, -87.9128","Native Eld","8 m","2026-08-28T07:21:41Z","—","Stale","Blocked — position is not current"
"MWYARD-DEV-0172","MWYARD-V-0172","43.0459, -87.9135","Native Eld","8 m","2026-08-28T07:21:41Z","—","Stale","Blocked — position is not current"
"MWYARD-DEV-0173","MWYARD-V-0173","43.0466, -87.9142","Native Eld","8 m","2026-08-28T07:21:41Z","—","Stale","Blocked — position is not current"
"MWYARD-DEV-0174","MWYARD-V-0174","43.0473, -87.9149","Native Eld","8 m","2026-08-28T07:21:41Z","—","Stale","Blocked — position is not current"
"MWYARD-DEV-0175","MWYARD-V-0175","43.0305, -87.8981","Native Eld","8 m","2026-08-28T07:21:41Z","—","Stale","Blocked — position is not current"
"MWYARD-DEV-0176","MWYARD-V-0176","43.0312, -87.8988","Native Eld","8 m","2026-08-28T07:26:41Z","—","Stale","Blocked — position is not current"
"MWYARD-DEV-0177","MWYARD-V-0177","43.0319, -87.8995","Native Eld","8 m","2026-08-28T07:26:41Z","—","Stale","Blocked — position is not current"
"MWYARD-DEV-0178","MWYARD-V-0178","43.0326, -87.9002","Native Eld","8 m","2026-08-28T07:26:41Z","—","Stale","Blocked — position is not current"
"MWYARD-DEV-0179","MWYARD-V-0179","43.0333, -87.9009","Native Eld","8 m","2026-08-28T07:26:41Z","—","Stale","Blocked — position is not current"
"MWYARD-DEV-0180","MWYARD-V-0180","43.034, -87.9016","Native Eld","8 m","2026-08-28T07:26:41Z","—","Stale","Blocked — position is not current"
"MWYARD-DEV-0181","MWYARD-V-0181","43.0347, -87.9023","Native Eld","8 m","2026-08-28T07:26:41Z","—","Stale","Blocked — position is not current"
"MWYARD-DEV-0182","MWYARD-V-0182","43.0354, -87.903","Native Eld","8 m","2026-08-28T07:26:41Z","—","Stale","Blocked — position is not current"
"MWYARD-DEV-0183","MWYARD-V-0183","43.0361, -87.9037","Native Eld","8 m","2026-08-28T07:26:41Z","—","Stale","Blocked — position is not current"
"MWYARD-DEV-0184","MWYARD-V-0184","43.0368, -87.9044","Native Eld","8 m","2026-08-28T07:26:41Z","—","Stale","Blocked — position is not current"
"MWYARD-DEV-0185","MWYARD-V-0185","43.0375, -87.9051","Native Eld","8 m","2026-08-28T07:26:41Z","—","Stale","Blocked — position is not current"
"MWYARD-DEV-0186","MWYARD-V-0186","43.0382, -87.9058","Native Eld","8 m","2026-08-28T07:43:41Z","—","Stale","Blocked — position is not current"
"MWYARD-DEV-0187","MWYARD-V-0187","43.0389, -87.9065","Native Eld","8 m","2026-08-28T07:43:41Z","—","Stale","Blocked — position is not current"
"MWYARD-DEV-0188","MWYARD-V-0188","43.0396, -87.9072","Native Eld","8 m","2026-08-28T07:43:41Z","—","Stale","Blocked — position is not current"
"MWYARD-DEV-0189","MWYARD-V-0189","43.0403, -87.9079","Native Eld","8 m","2026-08-28T07:43:41Z","—","Stale","Blocked — position is not current"
"MWYARD-DEV-0190","MWYARD-V-0190","43.041, -87.9086","Native Eld","8 m","2026-08-28T07:43:41Z","—","Stale","Blocked — position is not current"
"MWYARD-DEV-0191","MWYARD-V-0191","43.5389, -87.4065","Native Eld","8 m","2026-08-28T07:43:41Z","—","Stale","Blocked — position is not current"
"MWYARD-DEV-0192","MWYARD-V-0192","43.5389, -87.4065","Native Eld","8 m","2026-08-28T07:43:41Z","—","Stale","Blocked — position is not current"
"MWYARD-DEV-0193","MWYARD-V-0193","43.5389, -87.4065","Native Eld","8 m","2026-08-28T07:43:41Z","—","Stale","Blocked — position is not current"
"MWYARD-DEV-0194","MWYARD-V-0194","43.5389, -87.4065","Native Eld","8 m","2026-08-28T07:43:41Z","—","Stale","Blocked — position is not current"
"MWYARD-DEV-0195","MWYARD-V-0195","43.5389, -87.4065","Native Eld","8 m","2026-08-28T07:43:41Z","—","Stale","Blocked — position is not current"
"MWYARD-DEV-0196","MWYARD-V-0196","43.0452, -87.9128","Native Eld","8 m","2026-08-28T07:43:41Z","—","Stale","Blocked — position is not current"
"MWYARD-DEV-0197","MWYARD-V-0197","43.0459, -87.9135","Native Eld","8 m","2026-08-28T07:43:41Z","—","Stale","Blocked — position is not current"
"MWYARD-DEV-0198","MWYARD-V-0198","43.0466, -87.9142","Native Eld","8 m","2026-08-28T07:43:41Z","—","Stale","Blocked — position is not current"
"MWYARD-DEV-0199","MWYARD-V-0199","43.0473, -87.9149","Native Eld","8 m","2026-08-28T07:43:41Z","—","Stale","Blocked — position is not current"
"MWYARD-DEV-0200","MWYARD-V-0200","43.0305, -87.8981","Native Eld","8 m","2026-08-28T07:43:41Z","—","Stale","Blocked — position is not current"
"MWYARD-DEV-0201","Unassigned","No valid fix","Unknown source","Unknown","—","—","No data","Blocked — no valid position"
"MWYARD-DEV-0202","Unassigned","No valid fix","Unknown source","Unknown","—","—","No data","Blocked — no valid position"
"MWYARD-DEV-0203","Unassigned","No valid fix","Unknown source","Unknown","—","—","No data","Blocked — no valid position"
"MWYARD-DEV-0204","Unassigned","No valid fix","Unknown source","Unknown","—","—","No data","Blocked — no valid position"
"MWYARD-DEV-0205","Unassigned","No valid fix","Unknown source","Unknown","—","—","No data","Blocked — no valid position"
"MWYARD-DEV-0206","Unassigned","No valid fix","Unknown source","Unknown","—","—","No data","Blocked — no valid position"
"MWYARD-DEV-0207","Unassigned","No valid fix","Unknown source","Unknown","—","—","No data","Blocked — no valid position"
"MWYARD-DEV-0208","Unassigned","No valid fix","Unknown source","Unknown","—","—","No data","Blocked — no valid position"
"MWYARD-DEV-0209","Unassigned","No valid fix","Unknown source","Unknown","—","—","No data","Blocked — no valid position"
"MWYARD-DEV-0210","Unassigned","No valid fix","Unknown source","Unknown","—","—","No data","Blocked — no valid position"
"MWYARD-DEV-0211","Unassigned","No valid fix","Unknown source","Unknown","—","—","No data","Blocked — no valid position"
"MWYARD-DEV-0212","Unassigned","No valid fix","Unknown source","Unknown","—","—","No data","Blocked — no valid position"
"MWYARD-DEV-0213","Unassigned","No valid fix","Unknown source","Unknown","—","—","No data","Blocked — no valid position"
"MWYARD-DEV-0214","Unassigned","No valid fix","Unknown source","Unknown","—","—","No data","Blocked — no valid position"
"MWYARD-DEV-0215","Unassigned","No valid fix","Unknown source","Unknown","—","—","No data","Blocked — no valid position"
"MWYARD-DEV-0216","Unassigned","No valid fix","Unknown source","Unknown","—","—","No data","Blocked — no valid position"
"MWYARD-DEV-0217","Unassigned","No valid fix","Unknown source","Unknown","—","—","No data","Blocked — no valid position"
"MWYARD-DEV-0218","Unassigned","No valid fix","Unknown source","Unknown","—","—","No data","Blocked — no valid position"
"MWYARD-DEV-0219","Unassigned","No valid fix","Unknown source","Unknown","—","—","No data","Blocked — no valid position"
"MWYARD-DEV-0220","Unassigned","No valid fix","Unknown source","Unknown","—","—","No data","Blocked — no valid position"
"NEHUB-DEV-0001","NEHUB-V-0001","40.728, -74.1647","Native Eld","8 m","2026-08-28T07:43:41Z","—","Stale","Blocked — position is not current"
"NEHUB-DEV-0002","NEHUB-V-0002","40.7287, -74.1654","Native Eld","8 m","2026-08-28T07:43:41Z","—","Stale","Blocked — position is not current"
"NEHUB-DEV-0003","NEHUB-V-0003","40.7294, -74.1661","Native Eld","8 m","2026-08-28T07:43:41Z","—","Stale","Blocked — position is not current"
"NEHUB-DEV-0004","NEHUB-V-0004","40.7301, -74.1668","Native Eld","8 m","2026-08-28T07:43:41Z","—","Stale","Blocked — position is not current"
"NEHUB-DEV-0005","NEHUB-V-0005","40.7308, -74.1675","Native Eld","8 m","2026-08-28T07:43:41Z","—","Stale","Blocked — position is not current"
"NEHUB-DEV-0006","NEHUB-V-0006","40.7315, -74.1682","Native Eld","8 m","2026-08-28T07:43:41Z","—","Stale","Blocked — position is not current"
"NEHUB-DEV-0007","NEHUB-V-0007","40.7322, -74.1689","Native Eld","8 m","2026-08-28T07:43:41Z","—","Stale","Blocked — position is not current"
"NEHUB-DEV-0008","NEHUB-V-0008","40.7329, -74.1696","Native Eld","8 m","2026-08-28T07:43:41Z","—","Stale","Blocked — position is not current"
"NEHUB-DEV-0009","NEHUB-V-0009","40.7336, -74.1703","Native Eld","8 m","2026-08-28T07:43:41Z","—","Stale","Blocked — position is not current"
"NEHUB-DEV-0010","NEHUB-V-0010","40.7343, -74.171","Native Eld","8 m","2026-08-28T07:43:41Z","—","Stale","Blocked — position is not current"
"NEHUB-DEV-0011","NEHUB-V-0011","40.735, -74.1717","Native Eld","8 m","2026-08-28T07:43:41Z","—","Stale","Blocked — position is not current"
"NEHUB-DEV-0012","NEHUB-V-0012","40.7357, -74.1724","Native Eld","8 m","2026-08-28T07:43:41Z","—","Stale","Blocked — position is not current"
"NEHUB-DEV-0013","NEHUB-V-0013","40.7364, -74.1731","Native Eld","8 m","2026-08-28T07:43:41Z","—","Stale","Blocked — position is not current"
"NEHUB-DEV-0014","NEHUB-V-0014","40.7371, -74.1738","Native Eld","8 m","2026-08-28T07:43:41Z","—","Stale","Blocked — position is not current"
"NEHUB-DEV-0015","NEHUB-V-0015","40.7378, -74.1745","Native Eld","8 m","2026-08-28T07:43:41Z","—","Stale","Blocked — position is not current"
"NEHUB-DEV-0016","NEHUB-V-0016","40.7385, -74.1752","Native Eld","8 m","2026-08-28T07:43:41Z","—","Stale","Blocked — position is not current"
"NEHUB-DEV-0017","NEHUB-V-0017","40.7392, -74.1759","Native Eld","8 m","2026-08-28T07:43:41Z","—","Stale","Blocked — position is not current"
"NEHUB-DEV-0018","NEHUB-V-0018","40.7399, -74.1766","Native Eld","8 m","2026-08-28T07:43:41Z","—","Stale","Blocked — position is not current"
"NEHUB-DEV-0019","NEHUB-V-0019","40.7406, -74.1773","Native Eld","8 m","2026-08-28T07:43:41Z","—","Stale","Blocked — position is not current"
"NEHUB-DEV-0020","NEHUB-V-0020","40.7413, -74.178","Native Eld","8 m","2026-08-28T07:43:41Z","—","Stale","Blocked — position is not current"
"NEHUB-DEV-0021","NEHUB-V-0021","40.742, -74.1787","Native Eld","8 m","2026-08-28T07:43:41Z","—","Stale","Blocked — position is not current"
"NEHUB-DEV-0022","NEHUB-V-0022","40.7427, -74.1794","Native Eld","8 m","2026-08-28T07:43:41Z","—","Stale","Blocked — position is not current"
"NEHUB-DEV-0023","NEHUB-V-0023","40.7434, -74.1801","Native Eld","8 m","2026-08-28T07:43:41Z","—","Stale","Blocked — position is not current"
"NEHUB-DEV-0024","NEHUB-V-0024","40.7441, -74.1808","Native Eld","8 m","2026-08-28T07:43:41Z","—","Stale","Blocked — position is not current"
"NEHUB-DEV-0025","NEHUB-V-0025","40.7273, -74.164","Native Eld","8 m","2026-08-28T07:43:41Z","—","Stale","Blocked — position is not current"
"NEHUB-DEV-0026","NEHUB-V-0026","40.728, -74.1647","Native Eld","8 m","2026-08-28T07:43:41Z","—","Stale","Blocked — position is not current"
"NEHUB-DEV-0027","NEHUB-V-0027","40.7287, -74.1654","Native Eld","8 m","2026-08-28T07:43:41Z","—","Stale","Blocked — position is not current"
"NEHUB-DEV-0028","NEHUB-V-0028","40.7294, -74.1661","Native Eld","8 m","2026-08-28T07:43:41Z","—","Stale","Blocked — position is not current"
"NEHUB-DEV-0029","NEHUB-V-0029","40.7301, -74.1668","Native Eld","8 m","2026-08-28T07:43:41Z","—","Stale","Blocked — position is not current"
"NEHUB-DEV-0030","NEHUB-V-0030","40.7308, -74.1675","Native Eld","8 m","2026-08-28T07:43:41Z","—","Stale","Blocked — position is not current"
"NEHUB-DEV-0031","NEHUB-V-0031","40.7315, -74.1682","Native Eld","8 m","2026-08-28T07:43:41Z","—","Stale","Blocked — position is not current"
"NEHUB-DEV-0032","NEHUB-V-0032","40.7322, -74.1689","Native Eld","8 m","2026-08-28T07:43:41Z","—","Stale","Blocked — position is not current"
"NEHUB-DEV-0033","NEHUB-V-0033","40.7329, -74.1696","Native Eld","8 m","2026-08-28T07:43:41Z","—","Stale","Blocked — position is not current"
"NEHUB-DEV-0034","NEHUB-V-0034","40.7336, -74.1703","Native Eld","8 m","2026-08-28T07:43:41Z","—","Stale","Blocked — position is not current"
"NEHUB-DEV-0035","NEHUB-V-0035","40.7343, -74.171","Native Eld","8 m","2026-08-28T07:43:41Z","—","Stale","Blocked — position is not current"
"NEHUB-DEV-0036","NEHUB-V-0036","40.735, -74.1717","Native Eld","8 m","2026-08-28T07:43:41Z","—","Stale","Blocked — position is not current"
"NEHUB-DEV-0037","NEHUB-V-0037","40.7357, -74.1724","Native Eld","8 m","2026-08-28T07:43:41Z","—","Stale","Blocked — position is not current"
"NEHUB-DEV-0038","NEHUB-V-0038","40.7364, -74.1731","Native Eld","8 m","2026-08-28T07:43:41Z","—","Stale","Blocked — position is not current"
"NEHUB-DEV-0039","NEHUB-V-0039","40.7371, -74.1738","Native Eld","8 m","2026-08-28T07:43:41Z","—","Stale","Blocked — position is not current"
"NEHUB-DEV-0040","NEHUB-V-0040","40.7378, -74.1745","Native Eld","8 m","2026-08-28T07:43:41Z","—","Stale","Blocked — position is not current"
"NEHUB-DEV-0041","NEHUB-V-0041","40.7385, -74.1752","Native Eld","8 m","2026-08-28T07:43:41Z","—","Stale","Blocked — position is not current"
"NEHUB-DEV-0042","NEHUB-V-0042","40.7392, -74.1759","Native Eld","8 m","2026-08-28T07:43:41Z","—","Stale","Blocked — position is not current"
"NEHUB-DEV-0043","NEHUB-V-0043","40.7399, -74.1766","Native Eld","8 m","2026-08-28T07:43:41Z","—","Stale","Blocked — position is not current"
"NEHUB-DEV-0044","NEHUB-V-0044","40.7406, -74.1773","Native Eld","8 m","2026-08-28T07:43:41Z","—","Stale","Blocked — position is not current"
"NEHUB-DEV-0045","NEHUB-V-0045","40.7413, -74.178","Native Eld","8 m","2026-08-28T07:43:41Z","—","Stale","Blocked — position is not current"
"NEHUB-DEV-0046","NEHUB-V-0046","40.742, -74.1787","Native Eld","8 m","2026-08-28T07:43:41Z","—","Stale","Blocked — position is not current"
"NEHUB-DEV-0047","NEHUB-V-0047","40.7427, -74.1794","Native Eld","8 m","2026-08-28T07:43:41Z","—","Stale","Blocked — position is not current"
"NEHUB-DEV-0048","NEHUB-V-0048","40.7434, -74.1801","Native Eld","8 m","2026-08-28T07:43:41Z","—","Stale","Blocked — position is not current"
"NEHUB-DEV-0049","NEHUB-V-0049","40.7441, -74.1808","Native Eld","8 m","2026-08-28T07:43:41Z","—","Stale","Blocked — position is not current"
"NEHUB-DEV-0050","NEHUB-V-0050","40.7273, -74.164","Native Eld","8 m","2026-08-28T07:43:41Z","—","Stale","Blocked — position is not current"
"NEHUB-DEV-0051","NEHUB-V-0051","40.728, -74.1647","Native Eld","8 m","2026-08-28T07:43:41Z","—","Stale","Blocked — position is not current"
"NEHUB-DEV-0052","NEHUB-V-0052","40.7287, -74.1654","Native Eld","8 m","2026-08-28T07:43:41Z","—","Stale","Blocked — position is not current"
"NEHUB-DEV-0053","NEHUB-V-0053","40.7294, -74.1661","Native Eld","8 m","2026-08-28T07:43:41Z","—","Stale","Blocked — position is not current"
"NEHUB-DEV-0054","NEHUB-V-0054","40.7301, -74.1668","Native Eld","8 m","2026-08-28T07:43:41Z","—","Stale","Blocked — position is not current"
"NEHUB-DEV-0055","NEHUB-V-0055","40.7308, -74.1675","Native Eld","8 m","2026-08-28T07:43:41Z","—","Stale","Blocked — position is not current"
"NEHUB-DEV-0056","NEHUB-V-0056","40.7315, -74.1682","Native Eld","8 m","2026-08-28T07:43:41Z","—","Stale","Blocked — position is not current"
"NEHUB-DEV-0057","NEHUB-V-0057","40.7322, -74.1689","Native Eld","8 m","2026-08-28T07:43:41Z","—","Stale","Blocked — position is not current"
"NEHUB-DEV-0058","NEHUB-V-0058","40.7329, -74.1696","Native Eld","8 m","2026-08-28T07:43:41Z","—","Stale","Blocked — position is not current"
"NEHUB-DEV-0059","NEHUB-V-0059","40.7336, -74.1703","Native Eld","8 m","2026-08-28T07:43:41Z","—","Stale","Blocked — position is not current"
"NEHUB-DEV-0060","NEHUB-V-0060","40.7343, -74.171","Native Eld","8 m","2026-08-28T07:43:41Z","—","Stale","Blocked — position is not current"
"NEHUB-DEV-0061","NEHUB-V-0061","40.735, -74.1717","Native Eld","8 m","2026-08-28T07:43:41Z","—","Stale","Blocked — position is not current"
"NEHUB-DEV-0062","NEHUB-V-0062","40.7357, -74.1724","Native Eld","8 m","2026-08-28T07:43:41Z","—","Stale","Blocked — position is not current"
"NEHUB-DEV-0063","NEHUB-V-0063","40.7364, -74.1731","Native Eld","8 m","2026-08-28T07:43:41Z","—","Stale","Blocked — position is not current"
"NEHUB-DEV-0064","NEHUB-V-0064","40.7371, -74.1738","Native Eld","8 m","2026-08-28T07:43:41Z","—","Stale","Blocked — position is not current"
"NEHUB-DEV-0065","NEHUB-V-0065","40.7378, -74.1745","Native Eld","8 m","2026-08-28T07:43:41Z","—","Stale","Blocked — position is not current"
"NEHUB-DEV-0066","NEHUB-V-0066","40.7385, -74.1752","Native Eld","8 m","2026-08-28T07:43:41Z","—","Stale","Blocked — position is not current"
"NEHUB-DEV-0067","NEHUB-V-0067","40.7392, -74.1759","Native Eld","8 m","2026-08-28T07:43:41Z","—","Stale","Blocked — position is not current"
"NEHUB-DEV-0068","NEHUB-V-0068","40.7399, -74.1766","Native Eld","8 m","2026-08-28T07:43:41Z","—","Stale","Blocked — position is not current"
"NEHUB-DEV-0069","NEHUB-V-0069","40.7406, -74.1773","Native Eld","8 m","2026-08-28T07:43:41Z","—","Stale","Blocked — position is not current"
"NEHUB-DEV-0070","NEHUB-V-0070","40.7413, -74.178","Native Eld","8 m","2026-08-28T07:43:41Z","—","Stale","Blocked — position is not current"
"NEHUB-DEV-0071","NEHUB-V-0071","40.742, -74.1787","Native Eld","8 m","2026-08-28T07:43:41Z","—","Stale","Blocked — position is not current"
"NEHUB-DEV-0072","NEHUB-V-0072","40.7427, -74.1794","Native Eld","8 m","2026-08-28T07:43:41Z","—","Stale","Blocked — position is not current"
"NEHUB-DEV-0073","NEHUB-V-0073","40.7434, -74.1801","Native Eld","8 m","2026-08-28T07:43:41Z","—","Stale","Blocked — position is not current"
"NEHUB-DEV-0074","NEHUB-V-0074","40.7441, -74.1808","Native Eld","8 m","2026-08-28T07:43:41Z","—","Stale","Blocked — position is not current"
"NEHUB-DEV-0075","NEHUB-V-0075","40.7273, -74.164","Native Eld","8 m","2026-08-28T07:43:41Z","—","Stale","Blocked — position is not current"
"NEHUB-DEV-0076","NEHUB-V-0076","40.728, -74.1647","Native Eld","8 m","2026-08-28T07:43:41Z","—","Stale","Blocked — position is not current"
"NEHUB-DEV-0077","NEHUB-V-0077","40.7287, -74.1654","Native Eld","8 m","2026-08-28T07:43:41Z","—","Stale","Blocked — position is not current"
"NEHUB-DEV-0078","NEHUB-V-0078","40.7294, -74.1661","Native Eld","8 m","2026-08-28T07:43:41Z","—","Stale","Blocked — position is not current"
"NEHUB-DEV-0079","NEHUB-V-0079","40.7301, -74.1668","Native Eld","8 m","2026-08-28T07:43:41Z","—","Stale","Blocked — position is not current"
"NEHUB-DEV-0080","NEHUB-V-0080","40.7308, -74.1675","Native Eld","8 m","2026-08-28T07:43:41Z","—","Stale","Blocked — position is not current"
"NEHUB-DEV-0081","NEHUB-V-0081","40.7315, -74.1682","Native Eld","8 m","2026-08-28T07:43:41Z","—","Stale","Blocked — position is not current"
"NEHUB-DEV-0082","NEHUB-V-0082","40.7322, -74.1689","Native Eld","8 m","2026-08-28T07:43:41Z","—","Stale","Blocked — position is not current"
"NEHUB-DEV-0083","NEHUB-V-0083","40.7329, -74.1696","Native Eld","8 m","2026-08-28T07:43:41Z","—","Stale","Blocked — position is not current"
"NEHUB-DEV-0084","NEHUB-V-0084","40.7336, -74.1703","Native Eld","8 m","2026-08-28T07:43:41Z","—","Stale","Blocked — position is not current"
"NEHUB-DEV-0085","NEHUB-V-0085","40.7343, -74.171","Native Eld","8 m","2026-08-28T07:43:41Z","—","Stale","Blocked — position is not current"
"NEHUB-DEV-0086","NEHUB-V-0086","40.735, -74.1717","Native Eld","8 m","2026-08-28T07:43:41Z","—","Stale","Blocked — position is not current"
"NEHUB-DEV-0087","NEHUB-V-0087","40.7357, -74.1724","Native Eld","8 m","2026-08-28T07:43:41Z","—","Stale","Blocked — position is not current"
"NEHUB-DEV-0088","NEHUB-V-0088","40.7364, -74.1731","Native Eld","8 m","2026-08-28T07:43:41Z","—","Stale","Blocked — position is not current"
"NEHUB-DEV-0089","NEHUB-V-0089","40.7371, -74.1738","Native Eld","8 m","2026-08-28T07:43:41Z","—","Stale","Blocked — position is not current"
"NEHUB-DEV-0090","NEHUB-V-0090","40.7378, -74.1745","Native Eld","8 m","2026-08-28T07:43:41Z","—","Stale","Blocked — position is not current"
"NEHUB-DEV-0091","NEHUB-V-0091","40.7385, -74.1752","Native Eld","8 m","2026-08-28T07:43:41Z","—","Stale","Blocked — position is not current"
"NEHUB-DEV-0092","NEHUB-V-0092","40.7392, -74.1759","Native Eld","8 m","2026-08-28T07:43:41Z","—","Stale","Blocked — position is not current"
"NEHUB-DEV-0093","NEHUB-V-0093","40.7399, -74.1766","Native Eld","8 m","2026-08-28T07:43:41Z","—","Stale","Blocked — position is not current"
"NEHUB-DEV-0094","NEHUB-V-0094","40.7406, -74.1773","Native Eld","8 m","2026-08-28T07:43:41Z","—","Stale","Blocked — position is not current"
"NEHUB-DEV-0095","NEHUB-V-0095","40.7413, -74.178","Native Eld","8 m","2026-08-28T07:43:41Z","—","Stale","Blocked — position is not current"
"NEHUB-DEV-0096","NEHUB-V-0096","40.742, -74.1787","Native Eld","8 m","2026-08-28T07:43:41Z","—","Stale","Blocked — position is not current"
"NEHUB-DEV-0097","NEHUB-V-0097","40.7427, -74.1794","Native Eld","8 m","2026-08-28T07:43:41Z","—","Stale","Blocked — position is not current"
"NEHUB-DEV-0098","NEHUB-V-0098","40.7434, -74.1801","Native Eld","8 m","2026-08-28T07:43:41Z","—","Stale","Blocked — position is not current"
"NEHUB-DEV-0099","NEHUB-V-0099","40.7441, -74.1808","Native Eld","8 m","2026-08-28T07:43:41Z","—","Stale","Blocked — position is not current"
"NEHUB-DEV-0100","NEHUB-V-0100","40.7273, -74.164","Native Eld","8 m","2026-08-28T07:43:41Z","—","Stale","Blocked — position is not current"
"NEHUB-DEV-0101","NEHUB-V-0101","40.728, -74.1647","Native Eld","8 m","2026-08-28T07:43:41Z","—","Stale","Blocked — position is not current"
"NEHUB-DEV-0102","NEHUB-V-0102","40.7287, -74.1654","Native Eld","8 m","2026-08-28T07:43:41Z","—","Stale","Blocked — position is not current"
"NEHUB-DEV-0103","NEHUB-V-0103","40.7294, -74.1661","Native Eld","8 m","2026-08-28T07:43:41Z","—","Stale","Blocked — position is not current"
"NEHUB-DEV-0104","NEHUB-V-0104","40.7301, -74.1668","Native Eld","8 m","2026-08-28T07:43:41Z","—","Stale","Blocked — position is not current"
"NEHUB-DEV-0105","NEHUB-V-0105","40.7308, -74.1675","Native Eld","8 m","2026-08-28T07:43:41Z","—","Stale","Blocked — position is not current"
"NEHUB-DEV-0106","NEHUB-V-0106","40.7315, -74.1682","Native Eld","8 m","2026-08-28T07:43:41Z","—","Stale","Blocked — position is not current"
"NEHUB-DEV-0107","NEHUB-V-0107","40.7322, -74.1689","Native Eld","8 m","2026-08-28T07:43:41Z","—","Stale","Blocked — position is not current"
"NEHUB-DEV-0108","NEHUB-V-0108","40.7329, -74.1696","Native Eld","8 m","2026-08-28T07:43:41Z","—","Stale","Blocked — position is not current"
"NEHUB-DEV-0109","NEHUB-V-0109","40.7336, -74.1703","Native Eld","8 m","2026-08-28T07:43:41Z","—","Stale","Blocked — position is not current"
"NEHUB-DEV-0110","NEHUB-V-0110","40.7343, -74.171","Native Eld","8 m","2026-08-28T07:43:41Z","—","Stale","Blocked — position is not current"
"NEHUB-DEV-0111","NEHUB-V-0111","40.735, -74.1717","Native Eld","8 m","2026-08-28T07:43:41Z","—","Stale","Blocked — position is not current"
"NEHUB-DEV-0112","NEHUB-V-0112","40.7357, -74.1724","Native Eld","8 m","2026-08-28T07:43:41Z","—","Stale","Blocked — position is not current"
"NEHUB-DEV-0113","NEHUB-V-0113","40.7364, -74.1731","Native Eld","8 m","2026-08-28T07:43:41Z","—","Stale","Blocked — position is not current"
"NEHUB-DEV-0114","NEHUB-V-0114","40.7371, -74.1738","Native Eld","8 m","2026-08-28T07:43:41Z","—","Stale","Blocked — position is not current"
"NEHUB-DEV-0115","NEHUB-V-0115","40.7378, -74.1745","Native Eld","8 m","2026-08-28T07:43:41Z","—","Stale","Blocked — position is not current"
"NEHUB-DEV-0116","NEHUB-V-0116","40.7385, -74.1752","Native Eld","8 m","2026-08-28T07:43:41Z","—","Stale","Blocked — position is not current"
"NEHUB-DEV-0117","NEHUB-V-0117","40.7392, -74.1759","Native Eld","8 m","2026-08-28T07:43:41Z","—","Stale","Blocked — position is not current"
"NEHUB-DEV-0118","NEHUB-V-0118","40.7399, -74.1766","Native Eld","8 m","2026-08-28T07:43:41Z","—","Stale","Blocked — position is not current"
"NEHUB-DEV-0119","NEHUB-V-0119","40.7406, -74.1773","Native Eld","8 m","2026-08-28T07:43:41Z","—","Stale","Blocked — position is not current"
"NEHUB-DEV-0120","NEHUB-V-0120","40.7413, -74.178","Native Eld","8 m","2026-08-28T07:43:41Z","—","Stale","Blocked — position is not current"
"NEHUB-DEV-0121","NEHUB-V-0121","40.742, -74.1787","Native Eld","8 m","2026-08-28T07:43:41Z","—","Stale","Blocked — position is not current"
"NEHUB-DEV-0122","NEHUB-V-0122","40.7427, -74.1794","Native Eld","8 m","2026-08-28T07:43:41Z","—","Stale","Blocked — position is not current"
"NEHUB-DEV-0123","NEHUB-V-0123","40.7434, -74.1801","Native Eld","8 m","2026-08-28T07:43:41Z","—","Stale","Blocked — position is not current"
"NEHUB-DEV-0124","NEHUB-V-0124","40.7441, -74.1808","Native Eld","8 m","2026-08-28T07:43:41Z","—","Stale","Blocked — position is not current"
"NEHUB-DEV-0125","NEHUB-V-0125","40.7273, -74.164","Native Eld","8 m","2026-08-28T07:43:41Z","—","Stale","Blocked — position is not current"
"NEHUB-DEV-0126","NEHUB-V-0126","40.728, -74.1647","Native Eld","8 m","2026-08-28T07:43:41Z","—","Stale","Blocked — position is not current"
"NEHUB-DEV-0127","NEHUB-V-0127","40.7287, -74.1654","Native Eld","8 m","2026-08-28T07:43:41Z","—","Stale","Blocked — position is not current"
"NEHUB-DEV-0128","NEHUB-V-0128","40.7294, -74.1661","Native Eld","8 m","2026-08-28T07:43:41Z","—","Stale","Blocked — position is not current"
"NEHUB-DEV-0129","NEHUB-V-0129","40.7301, -74.1668","Native Eld","8 m","2026-08-28T07:43:41Z","—","Stale","Blocked — position is not current"
"NEHUB-DEV-0130","NEHUB-V-0130","40.7308, -74.1675","Native Eld","8 m","2026-08-28T07:43:41Z","—","Stale","Blocked — position is not current"
"NEHUB-DEV-0131","NEHUB-V-0131","40.7315, -74.1682","Native Eld","8 m","2026-08-28T07:43:41Z","—","Stale","Blocked — position is not current"
"NEHUB-DEV-0132","NEHUB-V-0132","40.7322, -74.1689","Native Eld","8 m","2026-08-28T07:43:41Z","—","Stale","Blocked — position is not current"
"NEHUB-DEV-0133","NEHUB-V-0133","40.7329, -74.1696","Native Eld","8 m","2026-08-28T07:43:41Z","—","Stale","Blocked — position is not current"
"NEHUB-DEV-0134","NEHUB-V-0134","40.7336, -74.1703","Native Eld","8 m","2026-08-28T07:43:41Z","—","Stale","Blocked — position is not current"
"NEHUB-DEV-0135","NEHUB-V-0135","40.7343, -74.171","Native Eld","8 m","2026-08-28T07:43:41Z","—","Stale","Blocked — position is not current"
"NEHUB-DEV-0136","NEHUB-V-0136","40.735, -74.1717","Native Eld","8 m","2026-08-28T07:43:41Z","—","Stale","Blocked — position is not current"
"NEHUB-DEV-0137","NEHUB-V-0137","40.7357, -74.1724","Native Eld","8 m","2026-08-28T07:43:41Z","—","Stale","Blocked — position is not current"
"NEHUB-DEV-0138","NEHUB-V-0138","40.7364, -74.1731","Native Eld","8 m","2026-08-28T07:43:41Z","—","Stale","Blocked — position is not current"
"NEHUB-DEV-0139","NEHUB-V-0139","40.7371, -74.1738","Native Eld","8 m","2026-08-28T07:43:41Z","—","Stale","Blocked — position is not current"
"NEHUB-DEV-0140","NEHUB-V-0140","40.7378, -74.1745","Native Eld","8 m","2026-08-28T07:43:41Z","—","Stale","Blocked — position is not current"
"NEHUB-DEV-0141","NEHUB-V-0141","40.7385, -74.1752","Native Eld","8 m","2026-08-28T07:38:41Z","—","Stale","Blocked — position is not current"
"NEHUB-DEV-0142","NEHUB-V-0142","40.7392, -74.1759","Native Eld","8 m","2026-08-28T07:38:41Z","—","Stale","Blocked — position is not current"
"NEHUB-DEV-0143","NEHUB-V-0143","40.7399, -74.1766","Native Eld","8 m","2026-08-28T07:38:41Z","—","Stale","Blocked — position is not current"
"NEHUB-DEV-0144","NEHUB-V-0144","40.7406, -74.1773","Native Eld","8 m","2026-08-28T07:38:41Z","—","Stale","Blocked — position is not current"
"NEHUB-DEV-0145","NEHUB-V-0145","40.7413, -74.178","Native Eld","8 m","2026-08-28T07:38:41Z","—","Stale","Blocked — position is not current"
"NEHUB-DEV-0146","NEHUB-V-0146","40.742, -74.1787","Native Eld","8 m","2026-08-28T07:38:41Z","—","Stale","Blocked — position is not current"
"NEHUB-DEV-0147","NEHUB-V-0147","40.7427, -74.1794","Native Eld","8 m","2026-08-28T07:38:41Z","—","Stale","Blocked — position is not current"
"NEHUB-DEV-0148","NEHUB-V-0148","40.7434, -74.1801","Native Eld","8 m","2026-08-28T07:38:41Z","—","Stale","Blocked — position is not current"
"NEHUB-DEV-0149","NEHUB-V-0149","40.7441, -74.1808","Native Eld","8 m","2026-08-28T07:38:41Z","—","Stale","Blocked — position is not current"
"NEHUB-DEV-0150","NEHUB-V-0150","40.7273, -74.164","Native Eld","8 m","2026-08-28T07:38:41Z","—","Stale","Blocked — position is not current"
"NEHUB-DEV-0151","NEHUB-V-0151","40.728, -74.1647","Native Eld","8 m","2026-08-28T07:38:41Z","—","Stale","Blocked — position is not current"
"NEHUB-DEV-0152","NEHUB-V-0152","40.7287, -74.1654","Native Eld","8 m","2026-08-28T07:38:41Z","—","Stale","Blocked — position is not current"
"NEHUB-DEV-0153","NEHUB-V-0153","40.7294, -74.1661","Native Eld","8 m","2026-08-28T07:38:41Z","—","Stale","Blocked — position is not current"
"NEHUB-DEV-0154","NEHUB-V-0154","40.7301, -74.1668","Native Eld","8 m","2026-08-28T07:38:41Z","—","Stale","Blocked — position is not current"
"NEHUB-DEV-0155","NEHUB-V-0155","40.7308, -74.1675","Native Eld","8 m","2026-08-28T07:38:41Z","—","Stale","Blocked — position is not current"
"NEHUB-DEV-0156","NEHUB-V-0156","40.7315, -74.1682","Native Eld","8 m","2026-08-28T07:38:41Z","—","Stale","Blocked — position is not current"
"NEHUB-DEV-0157","NEHUB-V-0157","40.7322, -74.1689","Native Eld","8 m","2026-08-28T07:38:41Z","—","Stale","Blocked — position is not current"
"NEHUB-DEV-0158","NEHUB-V-0158","40.7329, -74.1696","Native Eld","8 m","2026-08-28T07:38:41Z","—","Stale","Blocked — position is not current"
"NEHUB-DEV-0159","NEHUB-V-0159","40.7336, -74.1703","Native Eld","8 m","2026-08-28T07:38:41Z","—","Stale","Blocked — position is not current"
"NEHUB-DEV-0160","NEHUB-V-0160","40.7343, -74.171","Native Eld","8 m","2026-08-28T07:38:41Z","—","Stale","Blocked — position is not current"
"NEHUB-DEV-0161","NEHUB-V-0161","40.735, -74.1717","Native Eld","8 m","2026-08-28T07:21:41Z","—","Stale","Blocked — position is not current"
"NEHUB-DEV-0162","NEHUB-V-0162","40.7357, -74.1724","Native Eld","8 m","2026-08-28T07:21:41Z","—","Stale","Blocked — position is not current"
"NEHUB-DEV-0163","NEHUB-V-0163","40.7364, -74.1731","Native Eld","8 m","2026-08-28T07:21:41Z","—","Stale","Blocked — position is not current"
"NEHUB-DEV-0164","NEHUB-V-0164","40.7371, -74.1738","Native Eld","8 m","2026-08-28T07:21:41Z","—","Stale","Blocked — position is not current"
"NEHUB-DEV-0165","NEHUB-V-0165","40.7378, -74.1745","Native Eld","8 m","2026-08-28T07:21:41Z","—","Stale","Blocked — position is not current"
"NEHUB-DEV-0166","NEHUB-V-0166","40.7385, -74.1752","Native Eld","8 m","2026-08-28T07:21:41Z","—","Stale","Blocked — position is not current"
"NEHUB-DEV-0167","NEHUB-V-0167","40.7392, -74.1759","Native Eld","8 m","2026-08-28T07:21:41Z","—","Stale","Blocked — position is not current"
"NEHUB-DEV-0168","NEHUB-V-0168","40.7399, -74.1766","Native Eld","8 m","2026-08-28T07:21:41Z","—","Stale","Blocked — position is not current"
"NEHUB-DEV-0169","NEHUB-V-0169","40.7406, -74.1773","Native Eld","8 m","2026-08-28T07:21:41Z","—","Stale","Blocked — position is not current"
"NEHUB-DEV-0170","NEHUB-V-0170","40.7413, -74.178","Native Eld","8 m","2026-08-28T07:21:41Z","—","Stale","Blocked — position is not current"
"NEHUB-DEV-0171","NEHUB-V-0171","40.742, -74.1787","Native Eld","8 m","2026-08-28T07:21:41Z","—","Stale","Blocked — position is not current"
"NEHUB-DEV-0172","NEHUB-V-0172","40.7427, -74.1794","Native Eld","8 m","2026-08-28T07:21:41Z","—","Stale","Blocked — position is not current"
"NEHUB-DEV-0173","NEHUB-V-0173","40.7434, -74.1801","Native Eld","8 m","2026-08-28T07:21:41Z","—","Stale","Blocked — position is not current"
"NEHUB-DEV-0174","NEHUB-V-0174","40.7441, -74.1808","Native Eld","8 m","2026-08-28T07:21:41Z","—","Stale","Blocked — position is not current"
"NEHUB-DEV-0175","NEHUB-V-0175","40.7273, -74.164","Native Eld","8 m","2026-08-28T07:21:41Z","—","Stale","Blocked — position is not current"
"NEHUB-DEV-0176","NEHUB-V-0176","40.728, -74.1647","Native Eld","8 m","2026-08-28T07:26:41Z","—","Stale","Blocked — position is not current"
"NEHUB-DEV-0177","NEHUB-V-0177","40.7287, -74.1654","Native Eld","8 m","2026-08-28T07:26:41Z","—","Stale","Blocked — position is not current"
"NEHUB-DEV-0178","NEHUB-V-0178","40.7294, -74.1661","Native Eld","8 m","2026-08-28T07:26:41Z","—","Stale","Blocked — position is not current"
"NEHUB-DEV-0179","NEHUB-V-0179","40.7301, -74.1668","Native Eld","8 m","2026-08-28T07:26:41Z","—","Stale","Blocked — position is not current"
"NEHUB-DEV-0180","NEHUB-V-0180","40.7308, -74.1675","Native Eld","8 m","2026-08-28T07:26:41Z","—","Stale","Blocked — position is not current"
"NEHUB-DEV-0181","NEHUB-V-0181","40.7315, -74.1682","Native Eld","8 m","2026-08-28T07:26:41Z","—","Stale","Blocked — position is not current"
"NEHUB-DEV-0182","NEHUB-V-0182","40.7322, -74.1689","Native Eld","8 m","2026-08-28T07:26:41Z","—","Stale","Blocked — position is not current"
"NEHUB-DEV-0183","NEHUB-V-0183","40.7329, -74.1696","Native Eld","8 m","2026-08-28T07:26:41Z","—","Stale","Blocked — position is not current"
"NEHUB-DEV-0184","NEHUB-V-0184","40.7336, -74.1703","Native Eld","8 m","2026-08-28T07:26:41Z","—","Stale","Blocked — position is not current"
"NEHUB-DEV-0185","NEHUB-V-0185","40.7343, -74.171","Native Eld","8 m","2026-08-28T07:26:41Z","—","Stale","Blocked — position is not current"
"NEHUB-DEV-0186","NEHUB-V-0186","40.735, -74.1717","Native Eld","8 m","2026-08-28T07:43:41Z","—","Stale","Blocked — position is not current"
"NEHUB-DEV-0187","NEHUB-V-0187","40.7357, -74.1724","Native Eld","8 m","2026-08-28T07:43:41Z","—","Stale","Blocked — position is not current"
"NEHUB-DEV-0188","NEHUB-V-0188","40.7364, -74.1731","Native Eld","8 m","2026-08-28T07:43:41Z","—","Stale","Blocked — position is not current"
"NEHUB-DEV-0189","NEHUB-V-0189","40.7371, -74.1738","Native Eld","8 m","2026-08-28T07:43:41Z","—","Stale","Blocked — position is not current"
"NEHUB-DEV-0190","NEHUB-V-0190","40.7378, -74.1745","Native Eld","8 m","2026-08-28T07:43:41Z","—","Stale","Blocked — position is not current"
"NEHUB-DEV-0191","NEHUB-V-0191","41.2357, -73.6724","Native Eld","8 m","2026-08-28T07:43:41Z","—","Stale","Blocked — position is not current"
"NEHUB-DEV-0192","NEHUB-V-0192","41.2357, -73.6724","Native Eld","8 m","2026-08-28T07:43:41Z","—","Stale","Blocked — position is not current"
"NEHUB-DEV-0193","NEHUB-V-0193","41.2357, -73.6724","Native Eld","8 m","2026-08-28T07:43:41Z","—","Stale","Blocked — position is not current"
"NEHUB-DEV-0194","NEHUB-V-0194","41.2357, -73.6724","Native Eld","8 m","2026-08-28T07:43:41Z","—","Stale","Blocked — position is not current"
"NEHUB-DEV-0195","NEHUB-V-0195","41.2357, -73.6724","Native Eld","8 m","2026-08-28T07:43:41Z","—","Stale","Blocked — position is not current"
"NEHUB-DEV-0196","NEHUB-V-0196","40.742, -74.1787","Native Eld","8 m","2026-08-28T07:43:41Z","—","Stale","Blocked — position is not current"
"NEHUB-DEV-0197","NEHUB-V-0197","40.7427, -74.1794","Native Eld","8 m","2026-08-28T07:43:41Z","—","Stale","Blocked — position is not current"
"NEHUB-DEV-0198","NEHUB-V-0198","40.7434, -74.1801","Native Eld","8 m","2026-08-28T07:43:41Z","—","Stale","Blocked — position is not current"
"NEHUB-DEV-0199","NEHUB-V-0199","40.7441, -74.1808","Native Eld","8 m","2026-08-28T07:43:41Z","—","Stale","Blocked — position is not current"
"NEHUB-DEV-0200","NEHUB-V-0200","40.7273, -74.164","Native Eld","8 m","2026-08-28T07:43:41Z","—","Stale","Blocked — position is not current"
"NEHUB-DEV-0201","Unassigned","No valid fix","Unknown source","Unknown","—","—","No data","Blocked — no valid position"
"NEHUB-DEV-0202","Unassigned","No valid fix","Unknown source","Unknown","—","—","No data","Blocked — no valid position"
"NEHUB-DEV-0203","Unassigned","No valid fix","Unknown source","Unknown","—","—","No data","Blocked — no valid position"
"NEHUB-DEV-0204","Unassigned","No valid fix","Unknown source","Unknown","—","—","No data","Blocked — no valid position"
"NEHUB-DEV-0205","Unassigned","No valid fix","Unknown source","Unknown","—","—","No data","Blocked — no valid position"
"NEHUB-DEV-0206","Unassigned","No valid fix","Unknown source","Unknown","—","—","No data","Blocked — no valid position"
"NEHUB-DEV-0207","Unassigned","No valid fix","Unknown source","Unknown","—","—","No data","Blocked — no valid position"
"NEHUB-DEV-0208","Unassigned","No valid fix","Unknown source","Unknown","—","—","No data","Blocked — no valid position"
"NEHUB-DEV-0209","Unassigned","No valid fix","Unknown source","Unknown","—","—","No data","Blocked — no valid position"
"NEHUB-DEV-0210","Unassigned","No valid fix","Unknown source","Unknown","—","—","No data","Blocked — no valid position"
"NEHUB-DEV-0211","Unassigned","No valid fix","Unknown source","Unknown","—","—","No data","Blocked — no valid position"
"NEHUB-DEV-0212","Unassigned","No valid fix","Unknown source","Unknown","—","—","No data","Blocked — no valid position"
"NEHUB-DEV-0213","Unassigned","No valid fix","Unknown source","Unknown","—","—","No data","Blocked — no valid position"
"NEHUB-DEV-0214","Unassigned","No valid fix","Unknown source","Unknown","—","—","No data","Blocked — no valid position"
"NEHUB-DEV-0215","Unassigned","No valid fix","Unknown source","Unknown","—","—","No data","Blocked — no valid position"
"NEHUB-DEV-0216","Unassigned","No valid fix","Unknown source","Unknown","—","—","No data","Blocked — no valid position"
"NEHUB-DEV-0217","Unassigned","No valid fix","Unknown source","Unknown","—","—","No data","Blocked — no valid position"
"NEHUB-DEV-0218","Unassigned","No valid fix","Unknown source","Unknown","—","—","No data","Blocked — no valid position"
"NEHUB-DEV-0219","Unassigned","No valid fix","Unknown source","Unknown","—","—","No data","Blocked — no valid position"
"NEHUB-DEV-0220","Unassigned","No valid fix","Unknown source","Unknown","—","—","No data","Blocked — no valid position"
"SEDEPOT-DEV-0001","SEDEPOT-V-0001","32.0732, -81.0835","Native Eld","8 m","2026-08-28T07:43:41Z","—","Stale","Blocked — position is not current"
"SEDEPOT-DEV-0002","SEDEPOT-V-0002","32.0739, -81.0842","Native Eld","8 m","2026-08-28T07:43:41Z","—","Stale","Blocked — position is not current"
"SEDEPOT-DEV-0003","SEDEPOT-V-0003","32.0746, -81.0849","Native Eld","8 m","2026-08-28T07:43:41Z","—","Stale","Blocked — position is not current"
"SEDEPOT-DEV-0004","SEDEPOT-V-0004","32.0753, -81.0856","Native Eld","8 m","2026-08-28T07:43:41Z","—","Stale","Blocked — position is not current"
"SEDEPOT-DEV-0005","SEDEPOT-V-0005","32.076, -81.0863","Native Eld","8 m","2026-08-28T07:43:41Z","—","Stale","Blocked — position is not current"
"SEDEPOT-DEV-0006","SEDEPOT-V-0006","32.0767, -81.087","Native Eld","8 m","2026-08-28T07:43:41Z","—","Stale","Blocked — position is not current"
"SEDEPOT-DEV-0007","SEDEPOT-V-0007","32.0774, -81.0877","Native Eld","8 m","2026-08-28T07:43:41Z","—","Stale","Blocked — position is not current"
"SEDEPOT-DEV-0008","SEDEPOT-V-0008","32.0781, -81.0884","Native Eld","8 m","2026-08-28T07:43:41Z","—","Stale","Blocked — position is not current"
"SEDEPOT-DEV-0009","SEDEPOT-V-0009","32.0788, -81.0891","Native Eld","8 m","2026-08-28T07:43:41Z","—","Stale","Blocked — position is not current"
"SEDEPOT-DEV-0010","SEDEPOT-V-0010","32.0795, -81.0898","Native Eld","8 m","2026-08-28T07:43:41Z","—","Stale","Blocked — position is not current"
"SEDEPOT-DEV-0011","SEDEPOT-V-0011","32.0802, -81.0905","Native Eld","8 m","2026-08-28T07:43:41Z","—","Stale","Blocked — position is not current"
"SEDEPOT-DEV-0012","SEDEPOT-V-0012","32.0809, -81.0912","Native Eld","8 m","2026-08-28T07:43:41Z","—","Stale","Blocked — position is not current"
"SEDEPOT-DEV-0013","SEDEPOT-V-0013","32.0816, -81.0919","Native Eld","8 m","2026-08-28T07:43:41Z","—","Stale","Blocked — position is not current"
"SEDEPOT-DEV-0014","SEDEPOT-V-0014","32.0823, -81.0926","Native Eld","8 m","2026-08-28T07:43:41Z","—","Stale","Blocked — position is not current"
"SEDEPOT-DEV-0015","SEDEPOT-V-0015","32.083, -81.0933","Native Eld","8 m","2026-08-28T07:43:41Z","—","Stale","Blocked — position is not current"
"SEDEPOT-DEV-0016","SEDEPOT-V-0016","32.0837, -81.094","Native Eld","8 m","2026-08-28T07:43:41Z","—","Stale","Blocked — position is not current"
"SEDEPOT-DEV-0017","SEDEPOT-V-0017","32.0844, -81.0947","Native Eld","8 m","2026-08-28T07:43:41Z","—","Stale","Blocked — position is not current"
"SEDEPOT-DEV-0018","SEDEPOT-V-0018","32.0851, -81.0954","Native Eld","8 m","2026-08-28T07:43:41Z","—","Stale","Blocked — position is not current"
"SEDEPOT-DEV-0019","SEDEPOT-V-0019","32.0858, -81.0961","Native Eld","8 m","2026-08-28T07:43:41Z","—","Stale","Blocked — position is not current"
"SEDEPOT-DEV-0020","SEDEPOT-V-0020","32.0865, -81.0968","Native Eld","8 m","2026-08-28T07:43:41Z","—","Stale","Blocked — position is not current"
"SEDEPOT-DEV-0021","SEDEPOT-V-0021","32.0872, -81.0975","Native Eld","8 m","2026-08-28T07:43:41Z","—","Stale","Blocked — position is not current"
"SEDEPOT-DEV-0022","SEDEPOT-V-0022","32.0879, -81.0982","Native Eld","8 m","2026-08-28T07:43:41Z","—","Stale","Blocked — position is not current"
"SEDEPOT-DEV-0023","SEDEPOT-V-0023","32.0886, -81.0989","Native Eld","8 m","2026-08-28T07:43:41Z","—","Stale","Blocked — position is not current"
"SEDEPOT-DEV-0024","SEDEPOT-V-0024","32.0893, -81.0996","Native Eld","8 m","2026-08-28T07:43:41Z","—","Stale","Blocked — position is not current"
"SEDEPOT-DEV-0025","SEDEPOT-V-0025","32.0725, -81.0828","Native Eld","8 m","2026-08-28T07:43:41Z","—","Stale","Blocked — position is not current"
"SEDEPOT-DEV-0026","SEDEPOT-V-0026","32.0732, -81.0835","Native Eld","8 m","2026-08-28T07:43:41Z","—","Stale","Blocked — position is not current"
"SEDEPOT-DEV-0027","SEDEPOT-V-0027","32.0739, -81.0842","Native Eld","8 m","2026-08-28T07:43:41Z","—","Stale","Blocked — position is not current"
"SEDEPOT-DEV-0028","SEDEPOT-V-0028","32.0746, -81.0849","Native Eld","8 m","2026-08-28T07:43:41Z","—","Stale","Blocked — position is not current"
"SEDEPOT-DEV-0029","SEDEPOT-V-0029","32.0753, -81.0856","Native Eld","8 m","2026-08-28T07:43:41Z","—","Stale","Blocked — position is not current"
"SEDEPOT-DEV-0030","SEDEPOT-V-0030","32.076, -81.0863","Native Eld","8 m","2026-08-28T07:43:41Z","—","Stale","Blocked — position is not current"
"SEDEPOT-DEV-0031","SEDEPOT-V-0031","32.0767, -81.087","Native Eld","8 m","2026-08-28T07:43:41Z","—","Stale","Blocked — position is not current"
"SEDEPOT-DEV-0032","SEDEPOT-V-0032","32.0774, -81.0877","Native Eld","8 m","2026-08-28T07:43:41Z","—","Stale","Blocked — position is not current"
"SEDEPOT-DEV-0033","SEDEPOT-V-0033","32.0781, -81.0884","Native Eld","8 m","2026-08-28T07:43:41Z","—","Stale","Blocked — position is not current"
"SEDEPOT-DEV-0034","SEDEPOT-V-0034","32.0788, -81.0891","Native Eld","8 m","2026-08-28T07:43:41Z","—","Stale","Blocked — position is not current"
"SEDEPOT-DEV-0035","SEDEPOT-V-0035","32.0795, -81.0898","Native Eld","8 m","2026-08-28T07:43:41Z","—","Stale","Blocked — position is not current"
"SEDEPOT-DEV-0036","SEDEPOT-V-0036","32.0802, -81.0905","Native Eld","8 m","2026-08-28T07:43:41Z","—","Stale","Blocked — position is not current"
"SEDEPOT-DEV-0037","SEDEPOT-V-0037","32.0809, -81.0912","Native Eld","8 m","2026-08-28T07:43:41Z","—","Stale","Blocked — position is not current"
"SEDEPOT-DEV-0038","SEDEPOT-V-0038","32.0816, -81.0919","Native Eld","8 m","2026-08-28T07:43:41Z","—","Stale","Blocked — position is not current"
"SEDEPOT-DEV-0039","SEDEPOT-V-0039","32.0823, -81.0926","Native Eld","8 m","2026-08-28T07:43:41Z","—","Stale","Blocked — position is not current"
"SEDEPOT-DEV-0040","SEDEPOT-V-0040","32.083, -81.0933","Native Eld","8 m","2026-08-28T07:43:41Z","—","Stale","Blocked — position is not current"
"SEDEPOT-DEV-0041","SEDEPOT-V-0041","32.0837, -81.094","Native Eld","8 m","2026-08-28T07:43:41Z","—","Stale","Blocked — position is not current"
"SEDEPOT-DEV-0042","SEDEPOT-V-0042","32.0844, -81.0947","Native Eld","8 m","2026-08-28T07:43:41Z","—","Stale","Blocked — position is not current"
"SEDEPOT-DEV-0043","SEDEPOT-V-0043","32.0851, -81.0954","Native Eld","8 m","2026-08-28T07:43:41Z","—","Stale","Blocked — position is not current"
"SEDEPOT-DEV-0044","SEDEPOT-V-0044","32.0858, -81.0961","Native Eld","8 m","2026-08-28T07:43:41Z","—","Stale","Blocked — position is not current"
"SEDEPOT-DEV-0045","SEDEPOT-V-0045","32.0865, -81.0968","Native Eld","8 m","2026-08-28T07:43:41Z","—","Stale","Blocked — position is not current"
"SEDEPOT-DEV-0046","SEDEPOT-V-0046","32.0872, -81.0975","Native Eld","8 m","2026-08-28T07:43:41Z","—","Stale","Blocked — position is not current"
"SEDEPOT-DEV-0047","SEDEPOT-V-0047","32.0879, -81.0982","Native Eld","8 m","2026-08-28T07:43:41Z","—","Stale","Blocked — position is not current"
"SEDEPOT-DEV-0048","SEDEPOT-V-0048","32.0886, -81.0989","Native Eld","8 m","2026-08-28T07:43:41Z","—","Stale","Blocked — position is not current"
"SEDEPOT-DEV-0049","SEDEPOT-V-0049","32.0893, -81.0996","Native Eld","8 m","2026-08-28T07:43:41Z","—","Stale","Blocked — position is not current"
"SEDEPOT-DEV-0050","SEDEPOT-V-0050","32.0725, -81.0828","Native Eld","8 m","2026-08-28T07:43:41Z","—","Stale","Blocked — position is not current"
"SEDEPOT-DEV-0051","SEDEPOT-V-0051","32.0732, -81.0835","Native Eld","8 m","2026-08-28T07:43:41Z","—","Stale","Blocked — position is not current"
"SEDEPOT-DEV-0052","SEDEPOT-V-0052","32.0739, -81.0842","Native Eld","8 m","2026-08-28T07:43:41Z","—","Stale","Blocked — position is not current"
"SEDEPOT-DEV-0053","SEDEPOT-V-0053","32.0746, -81.0849","Native Eld","8 m","2026-08-28T07:43:41Z","—","Stale","Blocked — position is not current"
"SEDEPOT-DEV-0054","SEDEPOT-V-0054","32.0753, -81.0856","Native Eld","8 m","2026-08-28T07:43:41Z","—","Stale","Blocked — position is not current"
"SEDEPOT-DEV-0055","SEDEPOT-V-0055","32.076, -81.0863","Native Eld","8 m","2026-08-28T07:43:41Z","—","Stale","Blocked — position is not current"
"SEDEPOT-DEV-0056","SEDEPOT-V-0056","32.0767, -81.087","Native Eld","8 m","2026-08-28T07:43:41Z","—","Stale","Blocked — position is not current"
"SEDEPOT-DEV-0057","SEDEPOT-V-0057","32.0774, -81.0877","Native Eld","8 m","2026-08-28T07:43:41Z","—","Stale","Blocked — position is not current"
"SEDEPOT-DEV-0058","SEDEPOT-V-0058","32.0781, -81.0884","Native Eld","8 m","2026-08-28T07:43:41Z","—","Stale","Blocked — position is not current"
"SEDEPOT-DEV-0059","SEDEPOT-V-0059","32.0788, -81.0891","Native Eld","8 m","2026-08-28T07:43:41Z","—","Stale","Blocked — position is not current"
"SEDEPOT-DEV-0060","SEDEPOT-V-0060","32.0795, -81.0898","Native Eld","8 m","2026-08-28T07:43:41Z","—","Stale","Blocked — position is not current"
"SEDEPOT-DEV-0061","SEDEPOT-V-0061","32.0802, -81.0905","Native Eld","8 m","2026-08-28T07:43:41Z","—","Stale","Blocked — position is not current"
"SEDEPOT-DEV-0062","SEDEPOT-V-0062","32.0809, -81.0912","Native Eld","8 m","2026-08-28T07:43:41Z","—","Stale","Blocked — position is not current"
"SEDEPOT-DEV-0063","SEDEPOT-V-0063","32.0816, -81.0919","Native Eld","8 m","2026-08-28T07:43:41Z","—","Stale","Blocked — position is not current"
"SEDEPOT-DEV-0064","SEDEPOT-V-0064","32.0823, -81.0926","Native Eld","8 m","2026-08-28T07:43:41Z","—","Stale","Blocked — position is not current"
"SEDEPOT-DEV-0065","SEDEPOT-V-0065","32.083, -81.0933","Native Eld","8 m","2026-08-28T07:43:41Z","—","Stale","Blocked — position is not current"
"SEDEPOT-DEV-0066","SEDEPOT-V-0066","32.0837, -81.094","Native Eld","8 m","2026-08-28T07:43:41Z","—","Stale","Blocked — position is not current"
"SEDEPOT-DEV-0067","SEDEPOT-V-0067","32.0844, -81.0947","Native Eld","8 m","2026-08-28T07:43:41Z","—","Stale","Blocked — position is not current"
"SEDEPOT-DEV-0068","SEDEPOT-V-0068","32.0851, -81.0954","Native Eld","8 m","2026-08-28T07:43:41Z","—","Stale","Blocked — position is not current"
"SEDEPOT-DEV-0069","SEDEPOT-V-0069","32.0858, -81.0961","Native Eld","8 m","2026-08-28T07:43:41Z","—","Stale","Blocked — position is not current"
"SEDEPOT-DEV-0070","SEDEPOT-V-0070","32.0865, -81.0968","Native Eld","8 m","2026-08-28T07:43:41Z","—","Stale","Blocked — position is not current"
"SEDEPOT-DEV-0071","SEDEPOT-V-0071","32.0872, -81.0975","Native Eld","8 m","2026-08-28T07:43:41Z","—","Stale","Blocked — position is not current"
"SEDEPOT-DEV-0072","SEDEPOT-V-0072","32.0879, -81.0982","Native Eld","8 m","2026-08-28T07:43:41Z","—","Stale","Blocked — position is not current"
"SEDEPOT-DEV-0073","SEDEPOT-V-0073","32.0886, -81.0989","Native Eld","8 m","2026-08-28T07:43:41Z","—","Stale","Blocked — position is not current"
"SEDEPOT-DEV-0074","SEDEPOT-V-0074","32.0893, -81.0996","Native Eld","8 m","2026-08-28T07:43:41Z","—","Stale","Blocked — position is not current"
"SEDEPOT-DEV-0075","SEDEPOT-V-0075","32.0725, -81.0828","Native Eld","8 m","2026-08-28T07:43:41Z","—","Stale","Blocked — position is not current"
"SEDEPOT-DEV-0076","SEDEPOT-V-0076","32.0732, -81.0835","Native Eld","8 m","2026-08-28T07:43:41Z","—","Stale","Blocked — position is not current"
"SEDEPOT-DEV-0077","SEDEPOT-V-0077","32.0739, -81.0842","Native Eld","8 m","2026-08-28T07:43:41Z","—","Stale","Blocked — position is not current"
"SEDEPOT-DEV-0078","SEDEPOT-V-0078","32.0746, -81.0849","Native Eld","8 m","2026-08-28T07:43:41Z","—","Stale","Blocked — position is not current"
"SEDEPOT-DEV-0079","SEDEPOT-V-0079","32.0753, -81.0856","Native Eld","8 m","2026-08-28T07:43:41Z","—","Stale","Blocked — position is not current"
"SEDEPOT-DEV-0080","SEDEPOT-V-0080","32.076, -81.0863","Native Eld","8 m","2026-08-28T07:43:41Z","—","Stale","Blocked — position is not current"
"SEDEPOT-DEV-0081","SEDEPOT-V-0081","32.0767, -81.087","Native Eld","8 m","2026-08-28T07:43:41Z","—","Stale","Blocked — position is not current"
"SEDEPOT-DEV-0082","SEDEPOT-V-0082","32.0774, -81.0877","Native Eld","8 m","2026-08-28T07:43:41Z","—","Stale","Blocked — position is not current"
"SEDEPOT-DEV-0083","SEDEPOT-V-0083","32.0781, -81.0884","Native Eld","8 m","2026-08-28T07:43:41Z","—","Stale","Blocked — position is not current"
"SEDEPOT-DEV-0084","SEDEPOT-V-0084","32.0788, -81.0891","Native Eld","8 m","2026-08-28T07:43:41Z","—","Stale","Blocked — position is not current"
"SEDEPOT-DEV-0085","SEDEPOT-V-0085","32.0795, -81.0898","Native Eld","8 m","2026-08-28T07:43:41Z","—","Stale","Blocked — position is not current"
"SEDEPOT-DEV-0086","SEDEPOT-V-0086","32.0802, -81.0905","Native Eld","8 m","2026-08-28T07:43:41Z","—","Stale","Blocked — position is not current"
"SEDEPOT-DEV-0087","SEDEPOT-V-0087","32.0809, -81.0912","Native Eld","8 m","2026-08-28T07:43:41Z","—","Stale","Blocked — position is not current"
"SEDEPOT-DEV-0088","SEDEPOT-V-0088","32.0816, -81.0919","Native Eld","8 m","2026-08-28T07:43:41Z","—","Stale","Blocked — position is not current"
"SEDEPOT-DEV-0089","SEDEPOT-V-0089","32.0823, -81.0926","Native Eld","8 m","2026-08-28T07:43:41Z","—","Stale","Blocked — position is not current"
"SEDEPOT-DEV-0090","SEDEPOT-V-0090","32.083, -81.0933","Native Eld","8 m","2026-08-28T07:43:41Z","—","Stale","Blocked — position is not current"
"SEDEPOT-DEV-0091","SEDEPOT-V-0091","32.0837, -81.094","Native Eld","8 m","2026-08-28T07:43:41Z","—","Stale","Blocked — position is not current"
"SEDEPOT-DEV-0092","SEDEPOT-V-0092","32.0844, -81.0947","Native Eld","8 m","2026-08-28T07:43:41Z","—","Stale","Blocked — position is not current"
"SEDEPOT-DEV-0093","SEDEPOT-V-0093","32.0851, -81.0954","Native Eld","8 m","2026-08-28T07:43:41Z","—","Stale","Blocked — position is not current"
"SEDEPOT-DEV-0094","SEDEPOT-V-0094","32.0858, -81.0961","Native Eld","8 m","2026-08-28T07:43:41Z","—","Stale","Blocked — position is not current"
"SEDEPOT-DEV-0095","SEDEPOT-V-0095","32.0865, -81.0968","Native Eld","8 m","2026-08-28T07:43:41Z","—","Stale","Blocked — position is not current"
"SEDEPOT-DEV-0096","SEDEPOT-V-0096","32.0872, -81.0975","Native Eld","8 m","2026-08-28T07:43:41Z","—","Stale","Blocked — position is not current"
"SEDEPOT-DEV-0097","SEDEPOT-V-0097","32.0879, -81.0982","Native Eld","8 m","2026-08-28T07:43:41Z","—","Stale","Blocked — position is not current"
"SEDEPOT-DEV-0098","SEDEPOT-V-0098","32.0886, -81.0989","Native Eld","8 m","2026-08-28T07:43:41Z","—","Stale","Blocked — position is not current"
"SEDEPOT-DEV-0099","SEDEPOT-V-0099","32.0893, -81.0996","Native Eld","8 m","2026-08-28T07:43:41Z","—","Stale","Blocked — position is not current"
"SEDEPOT-DEV-0100","SEDEPOT-V-0100","32.0725, -81.0828","Native Eld","8 m","2026-08-28T07:43:41Z","—","Stale","Blocked — position is not current"
"SEDEPOT-DEV-0101","SEDEPOT-V-0101","32.0732, -81.0835","Native Eld","8 m","2026-08-28T07:43:41Z","—","Stale","Blocked — position is not current"
"SEDEPOT-DEV-0102","SEDEPOT-V-0102","32.0739, -81.0842","Native Eld","8 m","2026-08-28T07:43:41Z","—","Stale","Blocked — position is not current"
"SEDEPOT-DEV-0103","SEDEPOT-V-0103","32.0746, -81.0849","Native Eld","8 m","2026-08-28T07:43:41Z","—","Stale","Blocked — position is not current"
"SEDEPOT-DEV-0104","SEDEPOT-V-0104","32.0753, -81.0856","Native Eld","8 m","2026-08-28T07:43:41Z","—","Stale","Blocked — position is not current"
"SEDEPOT-DEV-0105","SEDEPOT-V-0105","32.076, -81.0863","Native Eld","8 m","2026-08-28T07:43:41Z","—","Stale","Blocked — position is not current"
"SEDEPOT-DEV-0106","SEDEPOT-V-0106","32.0767, -81.087","Native Eld","8 m","2026-08-28T07:43:41Z","—","Stale","Blocked — position is not current"
"SEDEPOT-DEV-0107","SEDEPOT-V-0107","32.0774, -81.0877","Native Eld","8 m","2026-08-28T07:43:41Z","—","Stale","Blocked — position is not current"
"SEDEPOT-DEV-0108","SEDEPOT-V-0108","32.0781, -81.0884","Native Eld","8 m","2026-08-28T07:43:41Z","—","Stale","Blocked — position is not current"
"SEDEPOT-DEV-0109","SEDEPOT-V-0109","32.0788, -81.0891","Native Eld","8 m","2026-08-28T07:43:41Z","—","Stale","Blocked — position is not current"
"SEDEPOT-DEV-0110","SEDEPOT-V-0110","32.0795, -81.0898","Native Eld","8 m","2026-08-28T07:43:41Z","—","Stale","Blocked — position is not current"
"SEDEPOT-DEV-0111","SEDEPOT-V-0111","32.0802, -81.0905","Native Eld","8 m","2026-08-28T07:43:41Z","—","Stale","Blocked — position is not current"
"SEDEPOT-DEV-0112","SEDEPOT-V-0112","32.0809, -81.0912","Native Eld","8 m","2026-08-28T07:43:41Z","—","Stale","Blocked — position is not current"
"SEDEPOT-DEV-0113","SEDEPOT-V-0113","32.0816, -81.0919","Native Eld","8 m","2026-08-28T07:43:41Z","—","Stale","Blocked — position is not current"
"SEDEPOT-DEV-0114","SEDEPOT-V-0114","32.0823, -81.0926","Native Eld","8 m","2026-08-28T07:43:41Z","—","Stale","Blocked — position is not current"
"SEDEPOT-DEV-0115","SEDEPOT-V-0115","32.083, -81.0933","Native Eld","8 m","2026-08-28T07:43:41Z","—","Stale","Blocked — position is not current"
"SEDEPOT-DEV-0116","SEDEPOT-V-0116","32.0837, -81.094","Native Eld","8 m","2026-08-28T07:43:41Z","—","Stale","Blocked — position is not current"
"SEDEPOT-DEV-0117","SEDEPOT-V-0117","32.0844, -81.0947","Native Eld","8 m","2026-08-28T07:43:41Z","—","Stale","Blocked — position is not current"
"SEDEPOT-DEV-0118","SEDEPOT-V-0118","32.0851, -81.0954","Native Eld","8 m","2026-08-28T07:43:41Z","—","Stale","Blocked — position is not current"
"SEDEPOT-DEV-0119","SEDEPOT-V-0119","32.0858, -81.0961","Native Eld","8 m","2026-08-28T07:43:41Z","—","Stale","Blocked — position is not current"
"SEDEPOT-DEV-0120","SEDEPOT-V-0120","32.0865, -81.0968","Native Eld","8 m","2026-08-28T07:43:41Z","—","Stale","Blocked — position is not current"
"SEDEPOT-DEV-0121","SEDEPOT-V-0121","32.0872, -81.0975","Native Eld","8 m","2026-08-28T07:43:41Z","—","Stale","Blocked — position is not current"
"SEDEPOT-DEV-0122","SEDEPOT-V-0122","32.0879, -81.0982","Native Eld","8 m","2026-08-28T07:43:41Z","—","Stale","Blocked — position is not current"
"SEDEPOT-DEV-0123","SEDEPOT-V-0123","32.0886, -81.0989","Native Eld","8 m","2026-08-28T07:43:41Z","—","Stale","Blocked — position is not current"
"SEDEPOT-DEV-0124","SEDEPOT-V-0124","32.0893, -81.0996","Native Eld","8 m","2026-08-28T07:43:41Z","—","Stale","Blocked — position is not current"
"SEDEPOT-DEV-0125","SEDEPOT-V-0125","32.0725, -81.0828","Native Eld","8 m","2026-08-28T07:43:41Z","—","Stale","Blocked — position is not current"
"SEDEPOT-DEV-0126","SEDEPOT-V-0126","32.0732, -81.0835","Native Eld","8 m","2026-08-28T07:43:41Z","—","Stale","Blocked — position is not current"
"SEDEPOT-DEV-0127","SEDEPOT-V-0127","32.0739, -81.0842","Native Eld","8 m","2026-08-28T07:43:41Z","—","Stale","Blocked — position is not current"
"SEDEPOT-DEV-0128","SEDEPOT-V-0128","32.0746, -81.0849","Native Eld","8 m","2026-08-28T07:43:41Z","—","Stale","Blocked — position is not current"
"SEDEPOT-DEV-0129","SEDEPOT-V-0129","32.0753, -81.0856","Native Eld","8 m","2026-08-28T07:43:41Z","—","Stale","Blocked — position is not current"
"SEDEPOT-DEV-0130","SEDEPOT-V-0130","32.076, -81.0863","Native Eld","8 m","2026-08-28T07:43:41Z","—","Stale","Blocked — position is not current"
"SEDEPOT-DEV-0131","SEDEPOT-V-0131","32.0767, -81.087","Native Eld","8 m","2026-08-28T07:43:41Z","—","Stale","Blocked — position is not current"
"SEDEPOT-DEV-0132","SEDEPOT-V-0132","32.0774, -81.0877","Native Eld","8 m","2026-08-28T07:43:41Z","—","Stale","Blocked — position is not current"
"SEDEPOT-DEV-0133","SEDEPOT-V-0133","32.0781, -81.0884","Native Eld","8 m","2026-08-28T07:43:41Z","—","Stale","Blocked — position is not current"
"SEDEPOT-DEV-0134","SEDEPOT-V-0134","32.0788, -81.0891","Native Eld","8 m","2026-08-28T07:43:41Z","—","Stale","Blocked — position is not current"
"SEDEPOT-DEV-0135","SEDEPOT-V-0135","32.0795, -81.0898","Native Eld","8 m","2026-08-28T07:43:41Z","—","Stale","Blocked — position is not current"
"SEDEPOT-DEV-0136","SEDEPOT-V-0136","32.0802, -81.0905","Native Eld","8 m","2026-08-28T07:43:41Z","—","Stale","Blocked — position is not current"
"SEDEPOT-DEV-0137","SEDEPOT-V-0137","32.0809, -81.0912","Native Eld","8 m","2026-08-28T07:43:41Z","—","Stale","Blocked — position is not current"
"SEDEPOT-DEV-0138","SEDEPOT-V-0138","32.0816, -81.0919","Native Eld","8 m","2026-08-28T07:43:41Z","—","Stale","Blocked — position is not current"
"SEDEPOT-DEV-0139","SEDEPOT-V-0139","32.0823, -81.0926","Native Eld","8 m","2026-08-28T07:43:41Z","—","Stale","Blocked — position is not current"
"SEDEPOT-DEV-0140","SEDEPOT-V-0140","32.083, -81.0933","Native Eld","8 m","2026-08-28T07:43:41Z","—","Stale","Blocked — position is not current"
"SEDEPOT-DEV-0141","SEDEPOT-V-0141","32.0837, -81.094","Native Eld","8 m","2026-08-28T07:38:41Z","—","Stale","Blocked — position is not current"
"SEDEPOT-DEV-0142","SEDEPOT-V-0142","32.0844, -81.0947","Native Eld","8 m","2026-08-28T07:38:41Z","—","Stale","Blocked — position is not current"
"SEDEPOT-DEV-0143","SEDEPOT-V-0143","32.0851, -81.0954","Native Eld","8 m","2026-08-28T07:38:41Z","—","Stale","Blocked — position is not current"
"SEDEPOT-DEV-0144","SEDEPOT-V-0144","32.0858, -81.0961","Native Eld","8 m","2026-08-28T07:38:41Z","—","Stale","Blocked — position is not current"
"SEDEPOT-DEV-0145","SEDEPOT-V-0145","32.0865, -81.0968","Native Eld","8 m","2026-08-28T07:38:41Z","—","Stale","Blocked — position is not current"
"SEDEPOT-DEV-0146","SEDEPOT-V-0146","32.0872, -81.0975","Native Eld","8 m","2026-08-28T07:38:41Z","—","Stale","Blocked — position is not current"
"SEDEPOT-DEV-0147","SEDEPOT-V-0147","32.0879, -81.0982","Native Eld","8 m","2026-08-28T07:38:41Z","—","Stale","Blocked — position is not current"
"SEDEPOT-DEV-0148","SEDEPOT-V-0148","32.0886, -81.0989","Native Eld","8 m","2026-08-28T07:38:41Z","—","Stale","Blocked — position is not current"
"SEDEPOT-DEV-0149","SEDEPOT-V-0149","32.0893, -81.0996","Native Eld","8 m","2026-08-28T07:38:41Z","—","Stale","Blocked — position is not current"
"SEDEPOT-DEV-0150","SEDEPOT-V-0150","32.0725, -81.0828","Native Eld","8 m","2026-08-28T07:38:41Z","—","Stale","Blocked — position is not current"
"SEDEPOT-DEV-0151","SEDEPOT-V-0151","32.0732, -81.0835","Native Eld","8 m","2026-08-28T07:38:41Z","—","Stale","Blocked — position is not current"
"SEDEPOT-DEV-0152","SEDEPOT-V-0152","32.0739, -81.0842","Native Eld","8 m","2026-08-28T07:38:41Z","—","Stale","Blocked — position is not current"
"SEDEPOT-DEV-0153","SEDEPOT-V-0153","32.0746, -81.0849","Native Eld","8 m","2026-08-28T07:38:41Z","—","Stale","Blocked — position is not current"
"SEDEPOT-DEV-0154","SEDEPOT-V-0154","32.0753, -81.0856","Native Eld","8 m","2026-08-28T07:38:41Z","—","Stale","Blocked — position is not current"
"SEDEPOT-DEV-0155","SEDEPOT-V-0155","32.076, -81.0863","Native Eld","8 m","2026-08-28T07:38:41Z","—","Stale","Blocked — position is not current"
"SEDEPOT-DEV-0156","SEDEPOT-V-0156","32.0767, -81.087","Native Eld","8 m","2026-08-28T07:38:41Z","—","Stale","Blocked — position is not current"
"SEDEPOT-DEV-0157","SEDEPOT-V-0157","32.0774, -81.0877","Native Eld","8 m","2026-08-28T07:38:41Z","—","Stale","Blocked — position is not current"
"SEDEPOT-DEV-0158","SEDEPOT-V-0158","32.0781, -81.0884","Native Eld","8 m","2026-08-28T07:38:41Z","—","Stale","Blocked — position is not current"
"SEDEPOT-DEV-0159","SEDEPOT-V-0159","32.0788, -81.0891","Native Eld","8 m","2026-08-28T07:38:41Z","—","Stale","Blocked — position is not current"
"SEDEPOT-DEV-0160","SEDEPOT-V-0160","32.0795, -81.0898","Native Eld","8 m","2026-08-28T07:38:41Z","—","Stale","Blocked — position is not current"
"SEDEPOT-DEV-0161","SEDEPOT-V-0161","32.0802, -81.0905","Native Eld","8 m","2026-08-28T07:21:41Z","—","Stale","Blocked — position is not current"
"SEDEPOT-DEV-0162","SEDEPOT-V-0162","32.0809, -81.0912","Native Eld","8 m","2026-08-28T07:21:41Z","—","Stale","Blocked — position is not current"
"SEDEPOT-DEV-0163","SEDEPOT-V-0163","32.0816, -81.0919","Native Eld","8 m","2026-08-28T07:21:41Z","—","Stale","Blocked — position is not current"
"SEDEPOT-DEV-0164","SEDEPOT-V-0164","32.0823, -81.0926","Native Eld","8 m","2026-08-28T07:21:41Z","—","Stale","Blocked — position is not current"
"SEDEPOT-DEV-0165","SEDEPOT-V-0165","32.083, -81.0933","Native Eld","8 m","2026-08-28T07:21:41Z","—","Stale","Blocked — position is not current"
"SEDEPOT-DEV-0166","SEDEPOT-V-0166","32.0837, -81.094","Native Eld","8 m","2026-08-28T07:21:41Z","—","Stale","Blocked — position is not current"
"SEDEPOT-DEV-0167","SEDEPOT-V-0167","32.0844, -81.0947","Native Eld","8 m","2026-08-28T07:21:41Z","—","Stale","Blocked — position is not current"
"SEDEPOT-DEV-0168","SEDEPOT-V-0168","32.0851, -81.0954","Native Eld","8 m","2026-08-28T07:21:41Z","—","Stale","Blocked — position is not current"
"SEDEPOT-DEV-0169","SEDEPOT-V-0169","32.0858, -81.0961","Native Eld","8 m","2026-08-28T07:21:41Z","—","Stale","Blocked — position is not current"
"SEDEPOT-DEV-0170","SEDEPOT-V-0170","32.0865, -81.0968","Native Eld","8 m","2026-08-28T07:21:41Z","—","Stale","Blocked — position is not current"
"SEDEPOT-DEV-0171","SEDEPOT-V-0171","32.0872, -81.0975","Native Eld","8 m","2026-08-28T07:21:41Z","—","Stale","Blocked — position is not current"
"SEDEPOT-DEV-0172","SEDEPOT-V-0172","32.0879, -81.0982","Native Eld","8 m","2026-08-28T07:21:41Z","—","Stale","Blocked — position is not current"
"SEDEPOT-DEV-0173","SEDEPOT-V-0173","32.0886, -81.0989","Native Eld","8 m","2026-08-28T07:21:41Z","—","Stale","Blocked — position is not current"
"SEDEPOT-DEV-0174","SEDEPOT-V-0174","32.0893, -81.0996","Native Eld","8 m","2026-08-28T07:21:41Z","—","Stale","Blocked — position is not current"
"SEDEPOT-DEV-0175","SEDEPOT-V-0175","32.0725, -81.0828","Native Eld","8 m","2026-08-28T07:21:41Z","—","Stale","Blocked — position is not current"
"SEDEPOT-DEV-0176","SEDEPOT-V-0176","32.0732, -81.0835","Native Eld","8 m","2026-08-28T07:26:41Z","—","Stale","Blocked — position is not current"
"SEDEPOT-DEV-0177","SEDEPOT-V-0177","32.0739, -81.0842","Native Eld","8 m","2026-08-28T07:26:41Z","—","Stale","Blocked — position is not current"
"SEDEPOT-DEV-0178","SEDEPOT-V-0178","32.0746, -81.0849","Native Eld","8 m","2026-08-28T07:26:41Z","—","Stale","Blocked — position is not current"
"SEDEPOT-DEV-0179","SEDEPOT-V-0179","32.0753, -81.0856","Native Eld","8 m","2026-08-28T07:26:41Z","—","Stale","Blocked — position is not current"
"SEDEPOT-DEV-0180","SEDEPOT-V-0180","32.076, -81.0863","Native Eld","8 m","2026-08-28T07:26:41Z","—","Stale","Blocked — position is not current"
"SEDEPOT-DEV-0181","SEDEPOT-V-0181","32.0767, -81.087","Native Eld","8 m","2026-08-28T07:26:41Z","—","Stale","Blocked — position is not current"
"SEDEPOT-DEV-0182","SEDEPOT-V-0182","32.0774, -81.0877","Native Eld","8 m","2026-08-28T07:26:41Z","—","Stale","Blocked — position is not current"
"SEDEPOT-DEV-0183","SEDEPOT-V-0183","32.0781, -81.0884","Native Eld","8 m","2026-08-28T07:26:41Z","—","Stale","Blocked — position is not current"
"SEDEPOT-DEV-0184","SEDEPOT-V-0184","32.0788, -81.0891","Native Eld","8 m","2026-08-28T07:26:41Z","—","Stale","Blocked — position is not current"
"SEDEPOT-DEV-0185","SEDEPOT-V-0185","32.0795, -81.0898","Native Eld","8 m","2026-08-28T07:26:41Z","—","Stale","Blocked — position is not current"
"SEDEPOT-DEV-0186","SEDEPOT-V-0186","32.0802, -81.0905","Native Eld","8 m","2026-08-28T07:43:41Z","—","Stale","Blocked — position is not current"
"SEDEPOT-DEV-0187","SEDEPOT-V-0187","32.0809, -81.0912","Native Eld","8 m","2026-08-28T07:43:41Z","—","Stale","Blocked — position is not current"
"SEDEPOT-DEV-0188","SEDEPOT-V-0188","32.0816, -81.0919","Native Eld","8 m","2026-08-28T07:43:41Z","—","Stale","Blocked — position is not current"
"SEDEPOT-DEV-0189","SEDEPOT-V-0189","32.0823, -81.0926","Native Eld","8 m","2026-08-28T07:43:41Z","—","Stale","Blocked — position is not current"
"SEDEPOT-DEV-0190","SEDEPOT-V-0190","32.083, -81.0933","Native Eld","8 m","2026-08-28T07:43:41Z","—","Stale","Blocked — position is not current"
"SEDEPOT-DEV-0191","SEDEPOT-V-0191","32.5809, -80.5912","Native Eld","8 m","2026-08-28T07:43:41Z","—","Stale","Blocked — position is not current"
"SEDEPOT-DEV-0192","SEDEPOT-V-0192","32.5809, -80.5912","Native Eld","8 m","2026-08-28T07:43:41Z","—","Stale","Blocked — position is not current"
"SEDEPOT-DEV-0193","SEDEPOT-V-0193","32.5809, -80.5912","Native Eld","8 m","2026-08-28T07:43:41Z","—","Stale","Blocked — position is not current"
"SEDEPOT-DEV-0194","SEDEPOT-V-0194","32.5809, -80.5912","Native Eld","8 m","2026-08-28T07:43:41Z","—","Stale","Blocked — position is not current"
"SEDEPOT-DEV-0195","SEDEPOT-V-0195","32.5809, -80.5912","Native Eld","8 m","2026-08-28T07:43:41Z","—","Stale","Blocked — position is not current"
"SEDEPOT-DEV-0196","SEDEPOT-V-0196","32.0872, -81.0975","Native Eld","8 m","2026-08-28T07:43:41Z","—","Stale","Blocked — position is not current"
"SEDEPOT-DEV-0197","SEDEPOT-V-0197","32.0879, -81.0982","Native Eld","8 m","2026-08-28T07:43:41Z","—","Stale","Blocked — position is not current"
"SEDEPOT-DEV-0198","SEDEPOT-V-0198","32.0886, -81.0989","Native Eld","8 m","2026-08-28T07:43:41Z","—","Stale","Blocked — position is not current"
"SEDEPOT-DEV-0199","SEDEPOT-V-0199","32.0893, -81.0996","Native Eld","8 m","2026-08-28T07:43:41Z","—","Stale","Blocked — position is not current"
"SEDEPOT-DEV-0200","SEDEPOT-V-0200","32.0725, -81.0828","Native Eld","8 m","2026-08-28T07:43:41Z","—","Stale","Blocked — position is not current"
"SEDEPOT-DEV-0201","Unassigned","No valid fix","Unknown source","Unknown","—","—","No data","Blocked — no valid position"
"SEDEPOT-DEV-0202","Unassigned","No valid fix","Unknown source","Unknown","—","—","No data","Blocked — no valid position"
"SEDEPOT-DEV-0203","Unassigned","No valid fix","Unknown source","Unknown","—","—","No data","Blocked — no valid position"
"SEDEPOT-DEV-0204","Unassigned","No valid fix","Unknown source","Unknown","—","—","No data","Blocked — no valid position"
"SEDEPOT-DEV-0205","Unassigned","No valid fix","Unknown source","Unknown","—","—","No data","Blocked — no valid position"
"SEDEPOT-DEV-0206","Unassigned","No valid fix","Unknown source","Unknown","—","—","No data","Blocked — no valid position"
"SEDEPOT-DEV-0207","Unassigned","No valid fix","Unknown source","Unknown","—","—","No data","Blocked — no valid position"
"SEDEPOT-DEV-0208","Unassigned","No valid fix","Unknown source","Unknown","—","—","No data","Blocked — no valid position"
"SEDEPOT-DEV-0209","Unassigned","No valid fix","Unknown source","Unknown","—","—","No data","Blocked — no valid position"
"SEDEPOT-DEV-0210","Unassigned","No valid fix","Unknown source","Unknown","—","—","No data","Blocked — no valid position"
"SEDEPOT-DEV-0211","Unassigned","No valid fix","Unknown source","Unknown","—","—","No data","Blocked — no valid position"
"SEDEPOT-DEV-0212","Unassigned","No valid fix","Unknown source","Unknown","—","—","No data","Blocked — no valid position"
"SEDEPOT-DEV-0213","Unassigned","No valid fix","Unknown source","Unknown","—","—","No data","Blocked — no valid position"
"SEDEPOT-DEV-0214","Unassigned","No valid fix","Unknown source","Unknown","—","—","No data","Blocked — no valid position"
"SEDEPOT-DEV-0215","Unassigned","No valid fix","Unknown source","Unknown","—","—","No data","Blocked — no valid position"
"SEDEPOT-DEV-0216","Unassigned","No valid fix","Unknown source","Unknown","—","—","No data","Blocked — no valid position"
"SEDEPOT-DEV-0217","Unassigned","No valid fix","Unknown source","Unknown","—","—","No data","Blocked — no valid position"
"SEDEPOT-DEV-0218","Unassigned","No valid fix","Unknown source","Unknown","—","—","No data","Blocked — no valid position"
"SEDEPOT-DEV-0219","Unassigned","No valid fix","Unknown source","Unknown","—","—","No data","Blocked — no valid position"
"SEDEPOT-DEV-0220","Unassigned","No valid fix","Unknown source","Unknown","—","—","No data","Blocked — no valid position"
"WESTHUB-DEV-0001","WESTHUB-V-0001","47.5985, -122.3244","Native Eld","8 m","2026-08-28T07:43:41Z","—","Stale","Blocked — position is not current"
"WESTHUB-DEV-0002","WESTHUB-V-0002","47.5992, -122.3251","Native Eld","8 m","2026-08-28T07:43:41Z","—","Stale","Blocked — position is not current"
"WESTHUB-DEV-0003","WESTHUB-V-0003","47.5999, -122.3258","Native Eld","8 m","2026-08-28T07:43:41Z","—","Stale","Blocked — position is not current"
"WESTHUB-DEV-0004","WESTHUB-V-0004","47.6006, -122.3265","Native Eld","8 m","2026-08-28T07:43:41Z","—","Stale","Blocked — position is not current"
"WESTHUB-DEV-0005","WESTHUB-V-0005","47.6013, -122.3272","Native Eld","8 m","2026-08-28T07:43:41Z","—","Stale","Blocked — position is not current"
"WESTHUB-DEV-0006","WESTHUB-V-0006","47.602, -122.3279","Native Eld","8 m","2026-08-28T07:43:41Z","—","Stale","Blocked — position is not current"
"WESTHUB-DEV-0007","WESTHUB-V-0007","47.6027, -122.3286","Native Eld","8 m","2026-08-28T07:43:41Z","—","Stale","Blocked — position is not current"
"WESTHUB-DEV-0008","WESTHUB-V-0008","47.6034, -122.3293","Native Eld","8 m","2026-08-28T07:43:41Z","—","Stale","Blocked — position is not current"
"WESTHUB-DEV-0009","WESTHUB-V-0009","47.6041, -122.33","Native Eld","8 m","2026-08-28T07:43:41Z","—","Stale","Blocked — position is not current"
"WESTHUB-DEV-0010","WESTHUB-V-0010","47.6048, -122.3307","Native Eld","8 m","2026-08-28T07:43:41Z","—","Stale","Blocked — position is not current"
"WESTHUB-DEV-0011","WESTHUB-V-0011","47.6055, -122.3314","Native Eld","8 m","2026-08-28T07:43:41Z","—","Stale","Blocked — position is not current"
"WESTHUB-DEV-0012","WESTHUB-V-0012","47.6062, -122.3321","Native Eld","8 m","2026-08-28T07:43:41Z","—","Stale","Blocked — position is not current"
"WESTHUB-DEV-0013","WESTHUB-V-0013","47.6069, -122.3328","Native Eld","8 m","2026-08-28T07:43:41Z","—","Stale","Blocked — position is not current"
"WESTHUB-DEV-0014","WESTHUB-V-0014","47.6076, -122.3335","Native Eld","8 m","2026-08-28T07:43:41Z","—","Stale","Blocked — position is not current"
"WESTHUB-DEV-0015","WESTHUB-V-0015","47.6083, -122.3342","Native Eld","8 m","2026-08-28T07:43:41Z","—","Stale","Blocked — position is not current"
"WESTHUB-DEV-0016","WESTHUB-V-0016","47.609, -122.3349","Native Eld","8 m","2026-08-28T07:43:41Z","—","Stale","Blocked — position is not current"
"WESTHUB-DEV-0017","WESTHUB-V-0017","47.6097, -122.3356","Native Eld","8 m","2026-08-28T07:43:41Z","—","Stale","Blocked — position is not current"
"WESTHUB-DEV-0018","WESTHUB-V-0018","47.6104, -122.3363","Native Eld","8 m","2026-08-28T07:43:41Z","—","Stale","Blocked — position is not current"
"WESTHUB-DEV-0019","WESTHUB-V-0019","47.6111, -122.337","Native Eld","8 m","2026-08-28T07:43:41Z","—","Stale","Blocked — position is not current"
"WESTHUB-DEV-0020","WESTHUB-V-0020","47.6118, -122.3377","Native Eld","8 m","2026-08-28T07:43:41Z","—","Stale","Blocked — position is not current"
"WESTHUB-DEV-0021","WESTHUB-V-0021","47.6125, -122.3384","Native Eld","8 m","2026-08-28T07:43:41Z","—","Stale","Blocked — position is not current"
"WESTHUB-DEV-0022","WESTHUB-V-0022","47.6132, -122.3391","Native Eld","8 m","2026-08-28T07:43:41Z","—","Stale","Blocked — position is not current"
"WESTHUB-DEV-0023","WESTHUB-V-0023","47.6139, -122.3398","Native Eld","8 m","2026-08-28T07:43:41Z","—","Stale","Blocked — position is not current"
"WESTHUB-DEV-0024","WESTHUB-V-0024","47.6146, -122.3405","Native Eld","8 m","2026-08-28T07:43:41Z","—","Stale","Blocked — position is not current"
"WESTHUB-DEV-0025","WESTHUB-V-0025","47.5978, -122.3237","Native Eld","8 m","2026-08-28T07:43:41Z","—","Stale","Blocked — position is not current"
"WESTHUB-DEV-0026","WESTHUB-V-0026","47.5985, -122.3244","Native Eld","8 m","2026-08-28T07:43:41Z","—","Stale","Blocked — position is not current"
"WESTHUB-DEV-0027","WESTHUB-V-0027","47.5992, -122.3251","Native Eld","8 m","2026-08-28T07:43:41Z","—","Stale","Blocked — position is not current"
"WESTHUB-DEV-0028","WESTHUB-V-0028","47.5999, -122.3258","Native Eld","8 m","2026-08-28T07:43:41Z","—","Stale","Blocked — position is not current"
"WESTHUB-DEV-0029","WESTHUB-V-0029","47.6006, -122.3265","Native Eld","8 m","2026-08-28T07:43:41Z","—","Stale","Blocked — position is not current"
"WESTHUB-DEV-0030","WESTHUB-V-0030","47.6013, -122.3272","Native Eld","8 m","2026-08-28T07:43:41Z","—","Stale","Blocked — position is not current"
"WESTHUB-DEV-0031","WESTHUB-V-0031","47.602, -122.3279","Native Eld","8 m","2026-08-28T07:43:41Z","—","Stale","Blocked — position is not current"
"WESTHUB-DEV-0032","WESTHUB-V-0032","47.6027, -122.3286","Native Eld","8 m","2026-08-28T07:43:41Z","—","Stale","Blocked — position is not current"
"WESTHUB-DEV-0033","WESTHUB-V-0033","47.6034, -122.3293","Native Eld","8 m","2026-08-28T07:43:41Z","—","Stale","Blocked — position is not current"
"WESTHUB-DEV-0034","WESTHUB-V-0034","47.6041, -122.33","Native Eld","8 m","2026-08-28T07:43:41Z","—","Stale","Blocked — position is not current"
"WESTHUB-DEV-0035","WESTHUB-V-0035","47.6048, -122.3307","Native Eld","8 m","2026-08-28T07:43:41Z","—","Stale","Blocked — position is not current"
"WESTHUB-DEV-0036","WESTHUB-V-0036","47.6055, -122.3314","Native Eld","8 m","2026-08-28T07:43:41Z","—","Stale","Blocked — position is not current"
"WESTHUB-DEV-0037","WESTHUB-V-0037","47.6062, -122.3321","Native Eld","8 m","2026-08-28T07:43:41Z","—","Stale","Blocked — position is not current"
"WESTHUB-DEV-0038","WESTHUB-V-0038","47.6069, -122.3328","Native Eld","8 m","2026-08-28T07:43:41Z","—","Stale","Blocked — position is not current"
"WESTHUB-DEV-0039","WESTHUB-V-0039","47.6076, -122.3335","Native Eld","8 m","2026-08-28T07:43:41Z","—","Stale","Blocked — position is not current"
"WESTHUB-DEV-0040","WESTHUB-V-0040","47.6083, -122.3342","Native Eld","8 m","2026-08-28T07:43:41Z","—","Stale","Blocked — position is not current"
"WESTHUB-DEV-0041","WESTHUB-V-0041","47.609, -122.3349","Native Eld","8 m","2026-08-28T07:43:41Z","—","Stale","Blocked — position is not current"
"WESTHUB-DEV-0042","WESTHUB-V-0042","47.6097, -122.3356","Native Eld","8 m","2026-08-28T07:43:41Z","—","Stale","Blocked — position is not current"
"WESTHUB-DEV-0043","WESTHUB-V-0043","47.6104, -122.3363","Native Eld","8 m","2026-08-28T07:43:41Z","—","Stale","Blocked — position is not current"
"WESTHUB-DEV-0044","WESTHUB-V-0044","47.6111, -122.337","Native Eld","8 m","2026-08-28T07:43:41Z","—","Stale","Blocked — position is not current"
"WESTHUB-DEV-0045","WESTHUB-V-0045","47.6118, -122.3377","Native Eld","8 m","2026-08-28T07:43:41Z","—","Stale","Blocked — position is not current"
"WESTHUB-DEV-0046","WESTHUB-V-0046","47.6125, -122.3384","Native Eld","8 m","2026-08-28T07:43:41Z","—","Stale","Blocked — position is not current"
"WESTHUB-DEV-0047","WESTHUB-V-0047","47.6132, -122.3391","Native Eld","8 m","2026-08-28T07:43:41Z","—","Stale","Blocked — position is not current"
"WESTHUB-DEV-0048","WESTHUB-V-0048","47.6139, -122.3398","Native Eld","8 m","2026-08-28T07:43:41Z","—","Stale","Blocked — position is not current"
"WESTHUB-DEV-0049","WESTHUB-V-0049","47.6146, -122.3405","Native Eld","8 m","2026-08-28T07:43:41Z","—","Stale","Blocked — position is not current"
"WESTHUB-DEV-0050","WESTHUB-V-0050","47.5978, -122.3237","Native Eld","8 m","2026-08-28T07:43:41Z","—","Stale","Blocked — position is not current"
"WESTHUB-DEV-0051","WESTHUB-V-0051","47.5985, -122.3244","Native Eld","8 m","2026-08-28T07:43:41Z","—","Stale","Blocked — position is not current"
"WESTHUB-DEV-0052","WESTHUB-V-0052","47.5992, -122.3251","Native Eld","8 m","2026-08-28T07:43:41Z","—","Stale","Blocked — position is not current"
"WESTHUB-DEV-0053","WESTHUB-V-0053","47.5999, -122.3258","Native Eld","8 m","2026-08-28T07:43:41Z","—","Stale","Blocked — position is not current"
"WESTHUB-DEV-0054","WESTHUB-V-0054","47.6006, -122.3265","Native Eld","8 m","2026-08-28T07:43:41Z","—","Stale","Blocked — position is not current"
"WESTHUB-DEV-0055","WESTHUB-V-0055","47.6013, -122.3272","Native Eld","8 m","2026-08-28T07:43:41Z","—","Stale","Blocked — position is not current"
"WESTHUB-DEV-0056","WESTHUB-V-0056","47.602, -122.3279","Native Eld","8 m","2026-08-28T07:43:41Z","—","Stale","Blocked — position is not current"
"WESTHUB-DEV-0057","WESTHUB-V-0057","47.6027, -122.3286","Native Eld","8 m","2026-08-28T07:43:41Z","—","Stale","Blocked — position is not current"
"WESTHUB-DEV-0058","WESTHUB-V-0058","47.6034, -122.3293","Native Eld","8 m","2026-08-28T07:43:41Z","—","Stale","Blocked — position is not current"
"WESTHUB-DEV-0059","WESTHUB-V-0059","47.6041, -122.33","Native Eld","8 m","2026-08-28T07:43:41Z","—","Stale","Blocked — position is not current"
"WESTHUB-DEV-0060","WESTHUB-V-0060","47.6048, -122.3307","Native Eld","8 m","2026-08-28T07:43:41Z","—","Stale","Blocked — position is not current"
"WESTHUB-DEV-0061","WESTHUB-V-0061","47.6055, -122.3314","Native Eld","8 m","2026-08-28T07:43:41Z","—","Stale","Blocked — position is not current"
"WESTHUB-DEV-0062","WESTHUB-V-0062","47.6062, -122.3321","Native Eld","8 m","2026-08-28T07:43:41Z","—","Stale","Blocked — position is not current"
"WESTHUB-DEV-0063","WESTHUB-V-0063","47.6069, -122.3328","Native Eld","8 m","2026-08-28T07:43:41Z","—","Stale","Blocked — position is not current"
"WESTHUB-DEV-0064","WESTHUB-V-0064","47.6076, -122.3335","Native Eld","8 m","2026-08-28T07:43:41Z","—","Stale","Blocked — position is not current"
"WESTHUB-DEV-0065","WESTHUB-V-0065","47.6083, -122.3342","Native Eld","8 m","2026-08-28T07:43:41Z","—","Stale","Blocked — position is not current"
"WESTHUB-DEV-0066","WESTHUB-V-0066","47.609, -122.3349","Native Eld","8 m","2026-08-28T07:43:41Z","—","Stale","Blocked — position is not current"
"WESTHUB-DEV-0067","WESTHUB-V-0067","47.6097, -122.3356","Native Eld","8 m","2026-08-28T07:43:41Z","—","Stale","Blocked — position is not current"
"WESTHUB-DEV-0068","WESTHUB-V-0068","47.6104, -122.3363","Native Eld","8 m","2026-08-28T07:43:41Z","—","Stale","Blocked — position is not current"
"WESTHUB-DEV-0069","WESTHUB-V-0069","47.6111, -122.337","Native Eld","8 m","2026-08-28T07:43:41Z","—","Stale","Blocked — position is not current"
"WESTHUB-DEV-0070","WESTHUB-V-0070","47.6118, -122.3377","Native Eld","8 m","2026-08-28T07:43:41Z","—","Stale","Blocked — position is not current"
"WESTHUB-DEV-0071","WESTHUB-V-0071","47.6125, -122.3384","Native Eld","8 m","2026-08-28T07:43:41Z","—","Stale","Blocked — position is not current"
"WESTHUB-DEV-0072","WESTHUB-V-0072","47.6132, -122.3391","Native Eld","8 m","2026-08-28T07:43:41Z","—","Stale","Blocked — position is not current"
"WESTHUB-DEV-0073","WESTHUB-V-0073","47.6139, -122.3398","Native Eld","8 m","2026-08-28T07:43:41Z","—","Stale","Blocked — position is not current"
"WESTHUB-DEV-0074","WESTHUB-V-0074","47.6146, -122.3405","Native Eld","8 m","2026-08-28T07:43:41Z","—","Stale","Blocked — position is not current"
"WESTHUB-DEV-0075","WESTHUB-V-0075","47.5978, -122.3237","Native Eld","8 m","2026-08-28T07:43:41Z","—","Stale","Blocked — position is not current"
"WESTHUB-DEV-0076","WESTHUB-V-0076","47.5985, -122.3244","Native Eld","8 m","2026-08-28T07:43:41Z","—","Stale","Blocked — position is not current"
"WESTHUB-DEV-0077","WESTHUB-V-0077","47.5992, -122.3251","Native Eld","8 m","2026-08-28T07:43:41Z","—","Stale","Blocked — position is not current"
"WESTHUB-DEV-0078","WESTHUB-V-0078","47.5999, -122.3258","Native Eld","8 m","2026-08-28T07:43:41Z","—","Stale","Blocked — position is not current"
"WESTHUB-DEV-0079","WESTHUB-V-0079","47.6006, -122.3265","Native Eld","8 m","2026-08-28T07:43:41Z","—","Stale","Blocked — position is not current"
"WESTHUB-DEV-0080","WESTHUB-V-0080","47.6013, -122.3272","Native Eld","8 m","2026-08-28T07:43:41Z","—","Stale","Blocked — position is not current"
"WESTHUB-DEV-0081","WESTHUB-V-0081","47.602, -122.3279","Native Eld","8 m","2026-08-28T07:43:41Z","—","Stale","Blocked — position is not current"
"WESTHUB-DEV-0082","WESTHUB-V-0082","47.6027, -122.3286","Native Eld","8 m","2026-08-28T07:43:41Z","—","Stale","Blocked — position is not current"
"WESTHUB-DEV-0083","WESTHUB-V-0083","47.6034, -122.3293","Native Eld","8 m","2026-08-28T07:43:41Z","—","Stale","Blocked — position is not current"
"WESTHUB-DEV-0084","WESTHUB-V-0084","47.6041, -122.33","Native Eld","8 m","2026-08-28T07:43:41Z","—","Stale","Blocked — position is not current"
"WESTHUB-DEV-0085","WESTHUB-V-0085","47.6048, -122.3307","Native Eld","8 m","2026-08-28T07:43:41Z","—","Stale","Blocked — position is not current"
"WESTHUB-DEV-0086","WESTHUB-V-0086","47.6055, -122.3314","Native Eld","8 m","2026-08-28T07:43:41Z","—","Stale","Blocked — position is not current"
"WESTHUB-DEV-0087","WESTHUB-V-0087","47.6062, -122.3321","Native Eld","8 m","2026-08-28T07:43:41Z","—","Stale","Blocked — position is not current"
"WESTHUB-DEV-0088","WESTHUB-V-0088","47.6069, -122.3328","Native Eld","8 m","2026-08-28T07:43:41Z","—","Stale","Blocked — position is not current"
"WESTHUB-DEV-0089","WESTHUB-V-0089","47.6076, -122.3335","Native Eld","8 m","2026-08-28T07:43:41Z","—","Stale","Blocked — position is not current"
"WESTHUB-DEV-0090","WESTHUB-V-0090","47.6083, -122.3342","Native Eld","8 m","2026-08-28T07:43:41Z","—","Stale","Blocked — position is not current"
"WESTHUB-DEV-0091","WESTHUB-V-0091","47.609, -122.3349","Native Eld","8 m","2026-08-28T07:43:41Z","—","Stale","Blocked — position is not current"
"WESTHUB-DEV-0092","WESTHUB-V-0092","47.6097, -122.3356","Native Eld","8 m","2026-08-28T07:43:41Z","—","Stale","Blocked — position is not current"
"WESTHUB-DEV-0093","WESTHUB-V-0093","47.6104, -122.3363","Native Eld","8 m","2026-08-28T07:43:41Z","—","Stale","Blocked — position is not current"
"WESTHUB-DEV-0094","WESTHUB-V-0094","47.6111, -122.337","Native Eld","8 m","2026-08-28T07:43:41Z","—","Stale","Blocked — position is not current"
"WESTHUB-DEV-0095","WESTHUB-V-0095","47.6118, -122.3377","Native Eld","8 m","2026-08-28T07:43:41Z","—","Stale","Blocked — position is not current"
"WESTHUB-DEV-0096","WESTHUB-V-0096","47.6125, -122.3384","Native Eld","8 m","2026-08-28T07:43:41Z","—","Stale","Blocked — position is not current"
"WESTHUB-DEV-0097","WESTHUB-V-0097","47.6132, -122.3391","Native Eld","8 m","2026-08-28T07:43:41Z","—","Stale","Blocked — position is not current"
"WESTHUB-DEV-0098","WESTHUB-V-0098","47.6139, -122.3398","Native Eld","8 m","2026-08-28T07:43:41Z","—","Stale","Blocked — position is not current"
"WESTHUB-DEV-0099","WESTHUB-V-0099","47.6146, -122.3405","Native Eld","8 m","2026-08-28T07:43:41Z","—","Stale","Blocked — position is not current"
"WESTHUB-DEV-0100","WESTHUB-V-0100","47.5978, -122.3237","Native Eld","8 m","2026-08-28T07:43:41Z","—","Stale","Blocked — position is not current"
"WESTHUB-DEV-0101","WESTHUB-V-0101","47.5985, -122.3244","Native Eld","8 m","2026-08-28T07:43:41Z","—","Stale","Blocked — position is not current"
"WESTHUB-DEV-0102","WESTHUB-V-0102","47.5992, -122.3251","Native Eld","8 m","2026-08-28T07:43:41Z","—","Stale","Blocked — position is not current"
"WESTHUB-DEV-0103","WESTHUB-V-0103","47.5999, -122.3258","Native Eld","8 m","2026-08-28T07:43:41Z","—","Stale","Blocked — position is not current"
"WESTHUB-DEV-0104","WESTHUB-V-0104","47.6006, -122.3265","Native Eld","8 m","2026-08-28T07:43:41Z","—","Stale","Blocked — position is not current"
"WESTHUB-DEV-0105","WESTHUB-V-0105","47.6013, -122.3272","Native Eld","8 m","2026-08-28T07:43:41Z","—","Stale","Blocked — position is not current"
"WESTHUB-DEV-0106","WESTHUB-V-0106","47.602, -122.3279","Native Eld","8 m","2026-08-28T07:43:41Z","—","Stale","Blocked — position is not current"
"WESTHUB-DEV-0107","WESTHUB-V-0107","47.6027, -122.3286","Native Eld","8 m","2026-08-28T07:43:41Z","—","Stale","Blocked — position is not current"
"WESTHUB-DEV-0108","WESTHUB-V-0108","47.6034, -122.3293","Native Eld","8 m","2026-08-28T07:43:41Z","—","Stale","Blocked — position is not current"
"WESTHUB-DEV-0109","WESTHUB-V-0109","47.6041, -122.33","Native Eld","8 m","2026-08-28T07:43:41Z","—","Stale","Blocked — position is not current"
"WESTHUB-DEV-0110","WESTHUB-V-0110","47.6048, -122.3307","Native Eld","8 m","2026-08-28T07:43:41Z","—","Stale","Blocked — position is not current"
"WESTHUB-DEV-0111","WESTHUB-V-0111","47.6055, -122.3314","Native Eld","8 m","2026-08-28T07:43:41Z","—","Stale","Blocked — position is not current"
"WESTHUB-DEV-0112","WESTHUB-V-0112","47.6062, -122.3321","Native Eld","8 m","2026-08-28T07:43:41Z","—","Stale","Blocked — position is not current"
"WESTHUB-DEV-0113","WESTHUB-V-0113","47.6069, -122.3328","Native Eld","8 m","2026-08-28T07:43:41Z","—","Stale","Blocked — position is not current"
"WESTHUB-DEV-0114","WESTHUB-V-0114","47.6076, -122.3335","Native Eld","8 m","2026-08-28T07:43:41Z","—","Stale","Blocked — position is not current"
"WESTHUB-DEV-0115","WESTHUB-V-0115","47.6083, -122.3342","Native Eld","8 m","2026-08-28T07:43:41Z","—","Stale","Blocked — position is not current"
"WESTHUB-DEV-0116","WESTHUB-V-0116","47.609, -122.3349","Native Eld","8 m","2026-08-28T07:43:41Z","—","Stale","Blocked — position is not current"
"WESTHUB-DEV-0117","WESTHUB-V-0117","47.6097, -122.3356","Native Eld","8 m","2026-08-28T07:43:41Z","—","Stale","Blocked — position is not current"
"WESTHUB-DEV-0118","WESTHUB-V-0118","47.6104, -122.3363","Native Eld","8 m","2026-08-28T07:43:41Z","—","Stale","Blocked — position is not current"
"WESTHUB-DEV-0119","WESTHUB-V-0119","47.6111, -122.337","Native Eld","8 m","2026-08-28T07:43:41Z","—","Stale","Blocked — position is not current"
"WESTHUB-DEV-0120","WESTHUB-V-0120","47.6118, -122.3377","Native Eld","8 m","2026-08-28T07:43:41Z","—","Stale","Blocked — position is not current"
"WESTHUB-DEV-0121","WESTHUB-V-0121","47.6125, -122.3384","Native Eld","8 m","2026-08-28T07:43:41Z","—","Stale","Blocked — position is not current"
"WESTHUB-DEV-0122","WESTHUB-V-0122","47.6132, -122.3391","Native Eld","8 m","2026-08-28T07:43:41Z","—","Stale","Blocked — position is not current"
"WESTHUB-DEV-0123","WESTHUB-V-0123","47.6139, -122.3398","Native Eld","8 m","2026-08-28T07:43:41Z","—","Stale","Blocked — position is not current"
"WESTHUB-DEV-0124","WESTHUB-V-0124","47.6146, -122.3405","Native Eld","8 m","2026-08-28T07:43:41Z","—","Stale","Blocked — position is not current"
"WESTHUB-DEV-0125","WESTHUB-V-0125","47.5978, -122.3237","Native Eld","8 m","2026-08-28T07:43:41Z","—","Stale","Blocked — position is not current"
"WESTHUB-DEV-0126","WESTHUB-V-0126","47.5985, -122.3244","Native Eld","8 m","2026-08-28T07:43:41Z","—","Stale","Blocked — position is not current"
"WESTHUB-DEV-0127","WESTHUB-V-0127","47.5992, -122.3251","Native Eld","8 m","2026-08-28T07:43:41Z","—","Stale","Blocked — position is not current"
"WESTHUB-DEV-0128","WESTHUB-V-0128","47.5999, -122.3258","Native Eld","8 m","2026-08-28T07:43:41Z","—","Stale","Blocked — position is not current"
"WESTHUB-DEV-0129","WESTHUB-V-0129","47.6006, -122.3265","Native Eld","8 m","2026-08-28T07:43:41Z","—","Stale","Blocked — position is not current"
"WESTHUB-DEV-0130","WESTHUB-V-0130","47.6013, -122.3272","Native Eld","8 m","2026-08-28T07:43:41Z","—","Stale","Blocked — position is not current"
"WESTHUB-DEV-0131","WESTHUB-V-0131","47.602, -122.3279","Native Eld","8 m","2026-08-28T07:43:41Z","—","Stale","Blocked — position is not current"
"WESTHUB-DEV-0132","WESTHUB-V-0132","47.6027, -122.3286","Native Eld","8 m","2026-08-28T07:43:41Z","—","Stale","Blocked — position is not current"
"WESTHUB-DEV-0133","WESTHUB-V-0133","47.6034, -122.3293","Native Eld","8 m","2026-08-28T07:43:41Z","—","Stale","Blocked — position is not current"
"WESTHUB-DEV-0134","WESTHUB-V-0134","47.6041, -122.33","Native Eld","8 m","2026-08-28T07:43:41Z","—","Stale","Blocked — position is not current"
"WESTHUB-DEV-0135","WESTHUB-V-0135","47.6048, -122.3307","Native Eld","8 m","2026-08-28T07:43:41Z","—","Stale","Blocked — position is not current"
"WESTHUB-DEV-0136","WESTHUB-V-0136","47.6055, -122.3314","Native Eld","8 m","2026-08-28T07:43:41Z","—","Stale","Blocked — position is not current"
"WESTHUB-DEV-0137","WESTHUB-V-0137","47.6062, -122.3321","Native Eld","8 m","2026-08-28T07:43:41Z","—","Stale","Blocked — position is not current"
"WESTHUB-DEV-0138","WESTHUB-V-0138","47.6069, -122.3328","Native Eld","8 m","2026-08-28T07:43:41Z","—","Stale","Blocked — position is not current"
"WESTHUB-DEV-0139","WESTHUB-V-0139","47.6076, -122.3335","Native Eld","8 m","2026-08-28T07:43:41Z","—","Stale","Blocked — position is not current"
"WESTHUB-DEV-0140","WESTHUB-V-0140","47.6083, -122.3342","Native Eld","8 m","2026-08-28T07:43:41Z","—","Stale","Blocked — position is not current"
"WESTHUB-DEV-0141","WESTHUB-V-0141","47.609, -122.3349","Native Eld","8 m","2026-08-28T07:38:41Z","—","Stale","Blocked — position is not current"
"WESTHUB-DEV-0142","WESTHUB-V-0142","47.6097, -122.3356","Native Eld","8 m","2026-08-28T07:38:41Z","—","Stale","Blocked — position is not current"
"WESTHUB-DEV-0143","WESTHUB-V-0143","47.6104, -122.3363","Native Eld","8 m","2026-08-28T07:38:41Z","—","Stale","Blocked — position is not current"
"WESTHUB-DEV-0144","WESTHUB-V-0144","47.6111, -122.337","Native Eld","8 m","2026-08-28T07:38:41Z","—","Stale","Blocked — position is not current"
"WESTHUB-DEV-0145","WESTHUB-V-0145","47.6118, -122.3377","Native Eld","8 m","2026-08-28T07:38:41Z","—","Stale","Blocked — position is not current"
"WESTHUB-DEV-0146","WESTHUB-V-0146","47.6125, -122.3384","Native Eld","8 m","2026-08-28T07:38:41Z","—","Stale","Blocked — position is not current"
"WESTHUB-DEV-0147","WESTHUB-V-0147","47.6132, -122.3391","Native Eld","8 m","2026-08-28T07:38:41Z","—","Stale","Blocked — position is not current"
"WESTHUB-DEV-0148","WESTHUB-V-0148","47.6139, -122.3398","Native Eld","8 m","2026-08-28T07:38:41Z","—","Stale","Blocked — position is not current"
"WESTHUB-DEV-0149","WESTHUB-V-0149","47.6146, -122.3405","Native Eld","8 m","2026-08-28T07:38:41Z","—","Stale","Blocked — position is not current"
"WESTHUB-DEV-0150","WESTHUB-V-0150","47.5978, -122.3237","Native Eld","8 m","2026-08-28T07:38:41Z","—","Stale","Blocked — position is not current"
"WESTHUB-DEV-0151","WESTHUB-V-0151","47.5985, -122.3244","Native Eld","8 m","2026-08-28T07:38:41Z","—","Stale","Blocked — position is not current"
"WESTHUB-DEV-0152","WESTHUB-V-0152","47.5992, -122.3251","Native Eld","8 m","2026-08-28T07:38:41Z","—","Stale","Blocked — position is not current"
"WESTHUB-DEV-0153","WESTHUB-V-0153","47.5999, -122.3258","Native Eld","8 m","2026-08-28T07:38:41Z","—","Stale","Blocked — position is not current"
"WESTHUB-DEV-0154","WESTHUB-V-0154","47.6006, -122.3265","Native Eld","8 m","2026-08-28T07:38:41Z","—","Stale","Blocked — position is not current"
"WESTHUB-DEV-0155","WESTHUB-V-0155","47.6013, -122.3272","Native Eld","8 m","2026-08-28T07:38:41Z","—","Stale","Blocked — position is not current"
"WESTHUB-DEV-0156","WESTHUB-V-0156","47.602, -122.3279","Native Eld","8 m","2026-08-28T07:38:41Z","—","Stale","Blocked — position is not current"
"WESTHUB-DEV-0157","WESTHUB-V-0157","47.6027, -122.3286","Native Eld","8 m","2026-08-28T07:38:41Z","—","Stale","Blocked — position is not current"
"WESTHUB-DEV-0158","WESTHUB-V-0158","47.6034, -122.3293","Native Eld","8 m","2026-08-28T07:38:41Z","—","Stale","Blocked — position is not current"
"WESTHUB-DEV-0159","WESTHUB-V-0159","47.6041, -122.33","Native Eld","8 m","2026-08-28T07:38:41Z","—","Stale","Blocked — position is not current"
"WESTHUB-DEV-0160","WESTHUB-V-0160","47.6048, -122.3307","Native Eld","8 m","2026-08-28T07:38:41Z","—","Stale","Blocked — position is not current"
"WESTHUB-DEV-0161","WESTHUB-V-0161","47.6055, -122.3314","Native Eld","8 m","2026-08-28T07:21:41Z","—","Stale","Blocked — position is not current"
"WESTHUB-DEV-0162","WESTHUB-V-0162","47.6062, -122.3321","Native Eld","8 m","2026-08-28T07:21:41Z","—","Stale","Blocked — position is not current"
"WESTHUB-DEV-0163","WESTHUB-V-0163","47.6069, -122.3328","Native Eld","8 m","2026-08-28T07:21:41Z","—","Stale","Blocked — position is not current"
"WESTHUB-DEV-0164","WESTHUB-V-0164","47.6076, -122.3335","Native Eld","8 m","2026-08-28T07:21:41Z","—","Stale","Blocked — position is not current"
"WESTHUB-DEV-0165","WESTHUB-V-0165","47.6083, -122.3342","Native Eld","8 m","2026-08-28T07:21:41Z","—","Stale","Blocked — position is not current"
"WESTHUB-DEV-0166","WESTHUB-V-0166","47.609, -122.3349","Native Eld","8 m","2026-08-28T07:21:41Z","—","Stale","Blocked — position is not current"
"WESTHUB-DEV-0167","WESTHUB-V-0167","47.6097, -122.3356","Native Eld","8 m","2026-08-28T07:21:41Z","—","Stale","Blocked — position is not current"
"WESTHUB-DEV-0168","WESTHUB-V-0168","47.6104, -122.3363","Native Eld","8 m","2026-08-28T07:21:41Z","—","Stale","Blocked — position is not current"
"WESTHUB-DEV-0169","WESTHUB-V-0169","47.6111, -122.337","Native Eld","8 m","2026-08-28T07:21:41Z","—","Stale","Blocked — position is not current"
"WESTHUB-DEV-0170","WESTHUB-V-0170","47.6118, -122.3377","Native Eld","8 m","2026-08-28T07:21:41Z","—","Stale","Blocked — position is not current"
"WESTHUB-DEV-0171","WESTHUB-V-0171","47.6125, -122.3384","Native Eld","8 m","2026-08-28T07:21:41Z","—","Stale","Blocked — position is not current"
"WESTHUB-DEV-0172","WESTHUB-V-0172","47.6132, -122.3391","Native Eld","8 m","2026-08-28T07:21:41Z","—","Stale","Blocked — position is not current"
"WESTHUB-DEV-0173","WESTHUB-V-0173","47.6139, -122.3398","Native Eld","8 m","2026-08-28T07:21:41Z","—","Stale","Blocked — position is not current"
"WESTHUB-DEV-0174","WESTHUB-V-0174","47.6146, -122.3405","Native Eld","8 m","2026-08-28T07:21:41Z","—","Stale","Blocked — position is not current"
"WESTHUB-DEV-0175","WESTHUB-V-0175","47.5978, -122.3237","Native Eld","8 m","2026-08-28T07:21:41Z","—","Stale","Blocked — position is not current"
"WESTHUB-DEV-0176","WESTHUB-V-0176","47.5985, -122.3244","Native Eld","8 m","2026-08-28T07:26:41Z","—","Stale","Blocked — position is not current"
"WESTHUB-DEV-0177","WESTHUB-V-0177","47.5992, -122.3251","Native Eld","8 m","2026-08-28T07:26:41Z","—","Stale","Blocked — position is not current"
"WESTHUB-DEV-0178","WESTHUB-V-0178","47.5999, -122.3258","Native Eld","8 m","2026-08-28T07:26:41Z","—","Stale","Blocked — position is not current"
"WESTHUB-DEV-0179","WESTHUB-V-0179","47.6006, -122.3265","Native Eld","8 m","2026-08-28T07:26:41Z","—","Stale","Blocked — position is not current"
"WESTHUB-DEV-0180","WESTHUB-V-0180","47.6013, -122.3272","Native Eld","8 m","2026-08-28T07:26:41Z","—","Stale","Blocked — position is not current"
"WESTHUB-DEV-0181","WESTHUB-V-0181","47.602, -122.3279","Native Eld","8 m","2026-08-28T07:26:41Z","—","Stale","Blocked — position is not current"
"WESTHUB-DEV-0182","WESTHUB-V-0182","47.6027, -122.3286","Native Eld","8 m","2026-08-28T07:26:41Z","—","Stale","Blocked — position is not current"
"WESTHUB-DEV-0183","WESTHUB-V-0183","47.6034, -122.3293","Native Eld","8 m","2026-08-28T07:26:41Z","—","Stale","Blocked — position is not current"
"WESTHUB-DEV-0184","WESTHUB-V-0184","47.6041, -122.33","Native Eld","8 m","2026-08-28T07:26:41Z","—","Stale","Blocked — position is not current"
"WESTHUB-DEV-0185","WESTHUB-V-0185","47.6048, -122.3307","Native Eld","8 m","2026-08-28T07:26:41Z","—","Stale","Blocked — position is not current"
"WESTHUB-DEV-0186","WESTHUB-V-0186","47.6055, -122.3314","Native Eld","8 m","2026-08-28T07:43:41Z","—","Stale","Blocked — position is not current"
"WESTHUB-DEV-0187","WESTHUB-V-0187","47.6062, -122.3321","Native Eld","8 m","2026-08-28T07:43:41Z","—","Stale","Blocked — position is not current"
"WESTHUB-DEV-0188","WESTHUB-V-0188","47.6069, -122.3328","Native Eld","8 m","2026-08-28T07:43:41Z","—","Stale","Blocked — position is not current"
"WESTHUB-DEV-0189","WESTHUB-V-0189","47.6076, -122.3335","Native Eld","8 m","2026-08-28T07:43:41Z","—","Stale","Blocked — position is not current"
"WESTHUB-DEV-0190","WESTHUB-V-0190","47.6083, -122.3342","Native Eld","8 m","2026-08-28T07:43:41Z","—","Stale","Blocked — position is not current"
"WESTHUB-DEV-0191","WESTHUB-V-0191","48.1062, -121.8321","Native Eld","8 m","2026-08-28T07:43:41Z","—","Stale","Blocked — position is not current"
"WESTHUB-DEV-0192","WESTHUB-V-0192","48.1062, -121.8321","Native Eld","8 m","2026-08-28T07:43:41Z","—","Stale","Blocked — position is not current"
"WESTHUB-DEV-0193","WESTHUB-V-0193","48.1062, -121.8321","Native Eld","8 m","2026-08-28T07:43:41Z","—","Stale","Blocked — position is not current"
"WESTHUB-DEV-0194","WESTHUB-V-0194","48.1062, -121.8321","Native Eld","8 m","2026-08-28T07:43:41Z","—","Stale","Blocked — position is not current"
"WESTHUB-DEV-0195","WESTHUB-V-0195","48.1062, -121.8321","Native Eld","8 m","2026-08-28T07:43:41Z","—","Stale","Blocked — position is not current"
"WESTHUB-DEV-0196","WESTHUB-V-0196","47.6125, -122.3384","Native Eld","8 m","2026-08-28T07:43:41Z","—","Stale","Blocked — position is not current"
"WESTHUB-DEV-0197","WESTHUB-V-0197","47.6132, -122.3391","Native Eld","8 m","2026-08-28T07:43:41Z","—","Stale","Blocked — position is not current"
"WESTHUB-DEV-0198","WESTHUB-V-0198","47.6139, -122.3398","Native Eld","8 m","2026-08-28T07:43:41Z","—","Stale","Blocked — position is not current"
"WESTHUB-DEV-0199","WESTHUB-V-0199","47.6146, -122.3405","Native Eld","8 m","2026-08-28T07:43:41Z","—","Stale","Blocked — position is not current"
"WESTHUB-DEV-0200","WESTHUB-V-0200","47.5978, -122.3237","Native Eld","8 m","2026-08-28T07:43:41Z","—","Stale","Blocked — position is not current"
"WESTHUB-DEV-0201","Unassigned","No valid fix","Unknown source","Unknown","—","—","No data","Blocked — no valid position"
"WESTHUB-DEV-0202","Unassigned","No valid fix","Unknown source","Unknown","—","—","No data","Blocked — no valid position"
"WESTHUB-DEV-0203","Unassigned","No valid fix","Unknown source","Unknown","—","—","No data","Blocked — no valid position"
"WESTHUB-DEV-0204","Unassigned","No valid fix","Unknown source","Unknown","—","—","No data","Blocked — no valid position"
"WESTHUB-DEV-0205","Unassigned","No valid fix","Unknown source","Unknown","—","—","No data","Blocked — no valid position"
"WESTHUB-DEV-0206","Unassigned","No valid fix","Unknown source","Unknown","—","—","No data","Blocked — no valid position"
"WESTHUB-DEV-0207","Unassigned","No valid fix","Unknown source","Unknown","—","—","No data","Blocked — no valid position"
"WESTHUB-DEV-0208","Unassigned","No valid fix","Unknown source","Unknown","—","—","No data","Blocked — no valid position"
"WESTHUB-DEV-0209","Unassigned","No valid fix","Unknown source","Unknown","—","—","No data","Blocked — no valid position"
"WESTHUB-DEV-0210","Unassigned","No valid fix","Unknown source","Unknown","—","—","No data","Blocked — no valid position"
"WESTHUB-DEV-0211","Unassigned","No valid fix","Unknown source","Unknown","—","—","No data","Blocked — no valid position"
"WESTHUB-DEV-0212","Unassigned","No valid fix","Unknown source","Unknown","—","—","No data","Blocked — no valid position"
"WESTHUB-DEV-0213","Unassigned","No valid fix","Unknown source","Unknown","—","—","No data","Blocked — no valid position"
"WESTHUB-DEV-0214","Unassigned","No valid fix","Unknown source","Unknown","—","—","No data","Blocked — no valid position"
"WESTHUB-DEV-0215","Unassigned","No valid fix","Unknown source","Unknown","—","—","No data","Blocked — no valid position"
"WESTHUB-DEV-0216","Unassigned","No valid fix","Unknown source","Unknown","—","—","No data","Blocked — no valid position"
"WESTHUB-DEV-0217","Unassigned","No valid fix","Unknown source","Unknown","—","—","No data","Blocked — no valid position"
"WESTHUB-DEV-0218","Unassigned","No valid fix","Unknown source","Unknown","—","—","No data","Blocked — no valid position"
"WESTHUB-DEV-0219","Unassigned","No valid fix","Unknown source","Unknown","—","—","No data","Blocked — no valid position"
"WESTHUB-DEV-0220","Unassigned","No valid fix","Unknown source","Unknown","—","—","No data","Blocked — no valid position"