"serialNumber","vehicleCode","deviceName","protocolType","troubleCodes","engineStatus","odometer","fuelLevel","batteryVoltage","lastEngineDataAt","dataFreshnessStatus"
"CLHQ-DEV-0001","CLHQ-V-0002","Certification GPS-500","GPS","","Moving","79612.5","71.5","13.8","2026-08-28T07:49:46Z","Stale"
"CLHQ-DEV-0002","CLHQ-V-0001","Certification GPS-500","GPS","","Moving","40030.5","71","13.8","2026-08-28T07:43:41Z","Stale"
"CLHQ-DEV-0003","CLHQ-V-0003","Certification GPS-500","GPS","","Moving","40045.8","70.5","13.8","2026-08-28T07:43:41Z","Stale"
"CLHQ-DEV-0004","CLHQ-V-0004","Certification GPS-500","GPS","","Moving","40061","70","13.8","2026-08-28T07:43:41Z","Stale"
"CLHQ-DEV-0005","CLHQ-V-0005","Certification GPS-500","GPS","","Moving","40076.2","69.5","13.8","2026-08-28T07:43:41Z","Stale"
"CLHQ-DEV-0006","CLHQ-V-0006","Certification GPS-500","GPS","","Moving","40091.5","69","13.8","2026-08-28T07:43:41Z","Stale"
"CLHQ-DEV-0007","CLHQ-V-0007","Certification GPS-500","GPS","","Moving","40106.8","68.5","13.8","2026-08-28T07:43:41Z","Stale"
"CLHQ-DEV-0008","CLHQ-V-0008","Certification GPS-500","GPS","","Moving","40122","68","13.8","2026-08-28T07:43:41Z","Stale"
"CLHQ-DEV-0009","CLHQ-V-0009","Certification GPS-500","GPS","","Moving","40137.2","67.5","13.8","2026-08-28T07:43:41Z","Stale"
"CLHQ-DEV-0010","CLHQ-V-0010","Certification GPS-500","GPS","","Moving","40152.5","67","13.8","2026-08-28T07:43:41Z","Stale"
"CLHQ-DEV-0011","CLHQ-V-0011","Certification GPS-500","GPS","","Moving","40167.8","66.5","13.8","2026-08-28T07:43:41Z","Stale"
"CLHQ-DEV-0012","CLHQ-V-0012","Certification GPS-500","GPS","","Moving","40183","66","13.8","2026-08-28T07:43:41Z","Stale"
"CLHQ-DEV-0013","CLHQ-V-0013","Certification GPS-500","GPS","","Moving","40198.2","65.5","13.8","2026-08-28T07:43:41Z","Stale"
"CLHQ-DEV-0014","CLHQ-V-0014","Certification GPS-500","GPS","","Moving","40213.5","65","13.8","2026-08-28T07:43:41Z","Stale"
"CLHQ-DEV-0015","CLHQ-V-0015","Certification GPS-500","GPS","","Moving","40228.8","64.5","13.8","2026-08-28T07:43:41Z","Stale"
"CLHQ-DEV-0016","CLHQ-V-0016","Certification GPS-500","GPS","","Moving","40244","64","13.8","2026-08-28T07:43:41Z","Stale"
"CLHQ-DEV-0017","CLHQ-V-0017","Certification GPS-500","GPS","","Moving","40259.2","72","13.8","2026-08-28T07:43:41Z","Stale"
"CLHQ-DEV-0018","CLHQ-V-0018","Certification GPS-500","GPS","","Moving","40274.5","71.5","13.8","2026-08-28T07:43:41Z","Stale"
"CLHQ-DEV-0019","CLHQ-V-0019","Certification GPS-500","GPS","","Moving","40289.8","71","13.8","2026-08-28T07:43:41Z","Stale"
"CLHQ-DEV-0020","CLHQ-V-0020","Certification GPS-500","GPS","","Moving","40305","70.5","13.8","2026-08-28T07:43:41Z","Stale"
"CLHQ-DEV-0021","CLHQ-V-0021","Certification GPS-500","GPS","","Moving","40320.2","70","13.8","2026-08-28T07:43:41Z","Stale"
"CLHQ-DEV-0022","CLHQ-V-0022","Certification GPS-500","GPS","","Moving","40335.5","69.5","13.8","2026-08-28T07:43:41Z","Stale"
"CLHQ-DEV-0023","CLHQ-V-0023","Certification GPS-500","GPS","","Moving","40350.8","69","13.8","2026-08-28T07:43:41Z","Stale"
"CLHQ-DEV-0024","CLHQ-V-0024","Certification GPS-500","GPS","","Moving","40366","68.5","13.8","2026-08-28T07:43:41Z","Stale"
"CLHQ-DEV-0025","CLHQ-V-0025","Certification GPS-500","GPS","","Moving","40381.2","68","13.8","2026-08-28T07:43:41Z","Stale"
"CLHQ-DEV-0026","CLHQ-V-0026","Certification GPS-500","GPS","","Moving","40396.5","67.5","13.8","2026-08-28T07:43:41Z","Stale"
"CLHQ-DEV-0027","CLHQ-V-0027","Certification GPS-500","GPS","","Moving","40411.8","67","13.8","2026-08-28T07:43:41Z","Stale"
"CLHQ-DEV-0028","CLHQ-V-0028","Certification GPS-500","GPS","","Moving","40427","66.5","13.8","2026-08-28T07:43:41Z","Stale"
"CLHQ-DEV-0029","CLHQ-V-0029","Certification GPS-500","GPS","","Moving","40442.2","66","13.8","2026-08-28T07:43:41Z","Stale"
"CLHQ-DEV-0030","CLHQ-V-0030","Certification GPS-500","GPS","","Moving","40457.5","65.5","13.8","2026-08-28T07:43:41Z","Stale"
"CLHQ-DEV-0031","CLHQ-V-0031","Certification GPS-500","GPS","","Moving","40472.8","65","13.8","2026-08-28T07:43:41Z","Stale"
"CLHQ-DEV-0032","CLHQ-V-0032","Certification GPS-500","GPS","","Moving","40488","64.5","13.8","2026-08-28T07:43:41Z","Stale"
"CLHQ-DEV-0033","CLHQ-V-0033","Certification GPS-500","GPS","","Moving","40503.2","64","13.8","2026-08-28T07:43:41Z","Stale"
"CLHQ-DEV-0034","CLHQ-V-0034","Certification GPS-500","GPS","","Moving","40518.5","72","13.8","2026-08-28T07:43:41Z","Stale"
"CLHQ-DEV-0035","CLHQ-V-0035","Certification GPS-500","GPS","","Moving","40533.8","71.5","13.8","2026-08-28T07:43:41Z","Stale"
"CLHQ-DEV-0036","CLHQ-V-0036","Certification GPS-500","GPS","","Moving","40549","71","13.8","2026-08-28T07:43:41Z","Stale"
"CLHQ-DEV-0037","CLHQ-V-0037","Certification GPS-500","GPS","","Moving","40564.2","70.5","13.8","2026-08-28T07:43:41Z","Stale"
"CLHQ-DEV-0038","CLHQ-V-0038","Certification GPS-500","GPS","","Moving","40579.5","70","13.8","2026-08-28T07:43:41Z","Stale"
"CLHQ-DEV-0039","CLHQ-V-0039","Certification GPS-500","GPS","","Moving","40594.8","69.5","13.8","2026-08-28T07:43:41Z","Stale"
"CLHQ-DEV-0040","CLHQ-V-0040","Certification GPS-500","GPS","","Moving","40610","69","13.8","2026-08-28T07:43:41Z","Stale"
"CLHQ-DEV-0041","CLHQ-V-0041","Certification GPS-500","GPS","","Moving","40625.2","68.5","13.8","2026-08-28T07:43:41Z","Stale"
"CLHQ-DEV-0042","CLHQ-V-0042","Certification GPS-500","GPS","","Moving","40640.5","68","13.8","2026-08-28T07:43:41Z","Stale"
"CLHQ-DEV-0043","CLHQ-V-0043","Certification GPS-500","GPS","","Moving","40655.8","67.5","13.8","2026-08-28T07:43:41Z","Stale"
"CLHQ-DEV-0044","CLHQ-V-0044","Certification GPS-500","GPS","","Moving","40671","67","13.8","2026-08-28T07:43:41Z","Stale"
"CLHQ-DEV-0045","CLHQ-V-0045","Certification GPS-500","GPS","","Moving","40686.2","66.5","13.8","2026-08-28T07:43:41Z","Stale"
"CLHQ-DEV-0046","CLHQ-V-0046","Certification GPS-500","GPS","","Moving","40701.5","66","13.8","2026-08-28T07:43:41Z","Stale"
"CLHQ-DEV-0047","CLHQ-V-0047","Certification GPS-500","GPS","","Moving","40716.8","65.5","13.8","2026-08-28T07:43:41Z","Stale"
"CLHQ-DEV-0048","CLHQ-V-0048","Certification GPS-500","GPS","","Moving","40732","65","13.8","2026-08-28T07:43:41Z","Stale"
"CLHQ-DEV-0049","CLHQ-V-0049","Certification GPS-500","GPS","","Moving","40747.2","64.5","13.8","2026-08-28T07:43:41Z","Stale"
"CLHQ-DEV-0050","CLHQ-V-0050","Certification GPS-500","GPS","","Moving","40762.5","64","13.8","2026-08-28T07:43:41Z","Stale"
"CLHQ-DEV-0051","CLHQ-V-0051","Certification GPS-500","GPS","","Moving","40777.8","72","13.8","2026-08-28T07:43:41Z","Stale"
"CLHQ-DEV-0052","CLHQ-V-0052","Certification GPS-500","GPS","","Moving","40793","71.5","13.8","2026-08-28T07:43:41Z","Stale"
"CLHQ-DEV-0053","CLHQ-V-0053","Certification GPS-500","GPS","","Moving","40808.2","71","13.8","2026-08-28T07:43:41Z","Stale"
"CLHQ-DEV-0054","CLHQ-V-0054","Certification GPS-500","GPS","","Moving","40823.5","70.5","13.8","2026-08-28T07:43:41Z","Stale"
"CLHQ-DEV-0055","CLHQ-V-0055","Certification GPS-500","GPS","","Moving","40838.8","70","13.8","2026-08-28T07:43:41Z","Stale"
"CLHQ-DEV-0056","CLHQ-V-0056","Certification GPS-500","GPS","","Moving","40854","69.5","13.8","2026-08-28T07:43:41Z","Stale"
"CLHQ-DEV-0057","CLHQ-V-0057","Certification GPS-500","GPS","","Moving","40869.2","69","13.8","2026-08-28T07:43:41Z","Stale"
"CLHQ-DEV-0058","CLHQ-V-0058","Certification GPS-500","GPS","","Moving","40884.5","68.5","13.8","2026-08-28T07:43:41Z","Stale"
"CLHQ-DEV-0059","CLHQ-V-0059","Certification GPS-500","GPS","","Moving","40899.8","68","13.8","2026-08-28T07:43:41Z","Stale"
"CLHQ-DEV-0060","CLHQ-V-0060","Certification GPS-500","GPS","","Moving","40915","67.5","13.8","2026-08-28T07:43:41Z","Stale"
"CLHQ-DEV-0061","CLHQ-V-0061","Certification GPS-500","GPS","","Moving","40930.2","67","13.8","2026-08-28T07:43:41Z","Stale"
"CLHQ-DEV-0062","CLHQ-V-0062","Certification GPS-500","GPS","","Moving","40945.5","66.5","13.8","2026-08-28T07:43:41Z","Stale"
"CLHQ-DEV-0063","CLHQ-V-0063","Certification GPS-500","GPS","","Moving","40960.8","66","13.8","2026-08-28T07:43:41Z","Stale"
"CLHQ-DEV-0064","CLHQ-V-0064","Certification GPS-500","GPS","","Moving","40976","65.5","13.8","2026-08-28T07:43:41Z","Stale"
"CLHQ-DEV-0065","CLHQ-V-0065","Certification GPS-500","GPS","","Moving","40991.2","65","13.8","2026-08-28T07:43:41Z","Stale"
"CLHQ-DEV-0066","CLHQ-V-0066","Certification GPS-500","GPS","","Moving","41006.5","64.5","13.8","2026-08-28T07:43:41Z","Stale"
"CLHQ-DEV-0067","CLHQ-V-0067","Certification GPS-500","GPS","","Moving","41021.8","64","13.8","2026-08-28T07:43:41Z","Stale"
"CLHQ-DEV-0068","CLHQ-V-0068","Certification GPS-500","GPS","","Moving","41037","72","13.8","2026-08-28T07:43:41Z","Stale"
"CLHQ-DEV-0069","CLHQ-V-0069","Certification GPS-500","GPS","","Moving","41052.2","71.5","13.8","2026-08-28T07:43:41Z","Stale"
"CLHQ-DEV-0070","CLHQ-V-0070","Certification GPS-500","GPS","","Moving","41067.5","71","13.8","2026-08-28T07:43:41Z","Stale"
"CLHQ-DEV-0071","CLHQ-V-0071","Certification GPS-500","GPS","","Moving","41082.8","70.5","13.8","2026-08-28T07:43:41Z","Stale"
"CLHQ-DEV-0072","CLHQ-V-0072","Certification GPS-500","GPS","","Moving","41098","70","13.8","2026-08-28T07:43:41Z","Stale"
"CLHQ-DEV-0073","CLHQ-V-0073","Certification GPS-500","GPS","","Moving","41113.2","69.5","13.8","2026-08-28T07:43:41Z","Stale"
"CLHQ-DEV-0074","CLHQ-V-0074","Certification GPS-500","GPS","","Moving","41128.5","69","13.8","2026-08-28T07:43:41Z","Stale"
"CLHQ-DEV-0075","CLHQ-V-0075","Certification GPS-500","GPS","","Moving","41143.8","68.5","13.8","2026-08-28T07:43:41Z","Stale"
"CLHQ-DEV-0076","CLHQ-V-0076","Certification GPS-500","GPS","","Moving","41159","68","13.8","2026-08-28T07:43:41Z","Stale"
"CLHQ-DEV-0077","CLHQ-V-0077","Certification GPS-500","GPS","","Moving","41174.2","67.5","13.8","2026-08-28T07:43:41Z","Stale"
"CLHQ-DEV-0078","CLHQ-V-0078","Certification GPS-500","GPS","","Moving","41189.5","67","13.8","2026-08-28T07:43:41Z","Stale"
"CLHQ-DEV-0079","CLHQ-V-0079","Certification GPS-500","GPS","","Moving","41204.8","66.5","13.8","2026-08-28T07:43:41Z","Stale"
"CLHQ-DEV-0080","CLHQ-V-0080","Certification GPS-500","GPS","","Moving","41220","66","13.8","2026-08-28T07:43:41Z","Stale"
"CLHQ-DEV-0081","CLHQ-V-0081","Certification GPS-500","GPS","","Moving","41235.2","65.5","13.8","2026-08-28T07:43:41Z","Stale"
"CLHQ-DEV-0082","CLHQ-V-0082","Certification GPS-500","GPS","","Moving","41250.5","65","13.8","2026-08-28T07:43:41Z","Stale"
"CLHQ-DEV-0083","CLHQ-V-0083","Certification GPS-500","GPS","","Moving","41265.8","64.5","13.8","2026-08-28T07:43:41Z","Stale"
"CLHQ-DEV-0084","CLHQ-V-0084","Certification GPS-500","GPS","","Moving","41281","64","13.8","2026-08-28T07:43:41Z","Stale"
"CLHQ-DEV-0085","CLHQ-V-0085","Certification GPS-500","GPS","","Moving","41296.2","72","13.8","2026-08-28T07:43:41Z","Stale"
"CLHQ-DEV-0086","CLHQ-V-0086","Certification GPS-500","GPS","","Moving","41311.5","71.5","13.8","2026-08-28T07:43:41Z","Stale"
"CLHQ-DEV-0087","CLHQ-V-0087","Certification GPS-500","GPS","","Moving","41326.8","71","13.8","2026-08-28T07:43:41Z","Stale"
"CLHQ-DEV-0088","CLHQ-V-0088","Certification GPS-500","GPS","","Moving","41342","70.5","13.8","2026-08-28T07:43:41Z","Stale"
"CLHQ-DEV-0089","CLHQ-V-0089","Certification GPS-500","GPS","","Moving","41357.2","70","13.8","2026-08-28T07:43:41Z","Stale"
"CLHQ-DEV-0090","CLHQ-V-0090","Certification GPS-500","GPS","","Moving","41372.5","69.5","13.8","2026-08-28T07:43:41Z","Stale"
"CLHQ-DEV-0091","CLHQ-V-0091","Certification GPS-500","GPS","","Moving","41387.8","69","13.8","2026-08-28T07:43:41Z","Stale"
"CLHQ-DEV-0092","CLHQ-V-0092","Certification GPS-500","GPS","","Moving","41403","68.5","13.8","2026-08-28T07:43:41Z","Stale"
"CLHQ-DEV-0093","CLHQ-V-0093","Certification GPS-500","GPS","","Moving","41418.2","68","13.8","2026-08-28T07:43:41Z","Stale"
"CLHQ-DEV-0094","CLHQ-V-0094","Certification GPS-500","GPS","","Moving","41433.5","67.5","13.8","2026-08-28T07:43:41Z","Stale"
"CLHQ-DEV-0095","CLHQ-V-0095","Certification GPS-500","GPS","","Moving","41448.8","67","13.8","2026-08-28T07:43:41Z","Stale"
"CLHQ-DEV-0096","CLHQ-V-0096","Certification GPS-500","GPS","","Moving","41464","66.5","13.8","2026-08-28T07:43:41Z","Stale"
"CLHQ-DEV-0097","CLHQ-V-0097","Certification GPS-500","GPS","","Moving","41479.2","66","13.8","2026-08-28T07:43:41Z","Stale"
"CLHQ-DEV-0098","CLHQ-V-0098","Certification GPS-500","GPS","","Moving","41494.5","65.5","13.8","2026-08-28T07:43:41Z","Stale"
"CLHQ-DEV-0099","CLHQ-V-0099","Certification GPS-500","GPS","","Moving","41509.8","65","13.8","2026-08-28T07:43:41Z","Stale"
"CLHQ-DEV-0100","CLHQ-V-0100","Certification GPS-500","GPS","","Moving","41525","64.5","13.8","2026-08-28T07:43:41Z","Stale"
"CLHQ-DEV-0101","CLHQ-V-0101","Certification GPS-500","GPS","","Moving","41540.2","64","13.8","2026-08-28T07:43:41Z","Stale"
"CLHQ-DEV-0102","CLHQ-V-0102","Certification GPS-500","GPS","","Moving","41555.5","72","13.8","2026-08-28T07:43:41Z","Stale"
"CLHQ-DEV-0103","CLHQ-V-0103","Certification GPS-500","GPS","","Moving","41570.8","71.5","13.8","2026-08-28T07:43:41Z","Stale"
"CLHQ-DEV-0104","CLHQ-V-0104","Certification GPS-500","GPS","","Moving","41586","71","13.8","2026-08-28T07:43:41Z","Stale"
"CLHQ-DEV-0105","CLHQ-V-0105","Certification GPS-500","GPS","","Moving","41601.2","70.5","13.8","2026-08-28T07:43:41Z","Stale"
"CLHQ-DEV-0106","CLHQ-V-0106","Certification GPS-500","GPS","","Moving","41616.5","70","13.8","2026-08-28T07:43:41Z","Stale"
"CLHQ-DEV-0107","CLHQ-V-0107","Certification GPS-500","GPS","","Moving","41631.8","69.5","13.8","2026-08-28T07:43:41Z","Stale"
"CLHQ-DEV-0108","CLHQ-V-0108","Certification GPS-500","GPS","","Moving","41647","69","13.8","2026-08-28T07:43:41Z","Stale"
"CLHQ-DEV-0109","CLHQ-V-0109","Certification GPS-500","GPS","","Moving","41662.2","68.5","13.8","2026-08-28T07:43:41Z","Stale"
"CLHQ-DEV-0110","CLHQ-V-0110","Certification GPS-500","GPS","","Moving","41677.5","68","13.8","2026-08-28T07:43:41Z","Stale"
"CLHQ-DEV-0111","CLHQ-V-0111","Certification GPS-500","GPS","","Moving","41692.8","67.5","13.8","2026-08-28T07:43:41Z","Stale"
"CLHQ-DEV-0112","CLHQ-V-0112","Certification GPS-500","GPS","","Moving","41708","67","13.8","2026-08-28T07:43:41Z","Stale"
"CLHQ-DEV-0113","CLHQ-V-0113","Certification GPS-500","GPS","","Moving","41723.2","66.5","13.8","2026-08-28T07:43:41Z","Stale"
"CLHQ-DEV-0114","CLHQ-V-0114","Certification GPS-500","GPS","","Moving","41738.5","66","13.8","2026-08-28T07:43:41Z","Stale"
"CLHQ-DEV-0115","CLHQ-V-0115","Certification GPS-500","GPS","","Moving","41753.8","65.5","13.8","2026-08-28T07:43:41Z","Stale"
"CLHQ-DEV-0116","CLHQ-V-0116","Certification GPS-500","GPS","","Moving","41769","65","13.8","2026-08-28T07:43:41Z","Stale"
"CLHQ-DEV-0117","CLHQ-V-0117","Certification GPS-500","GPS","","Moving","41784.2","64.5","13.8","2026-08-28T07:43:41Z","Stale"
"CLHQ-DEV-0118","CLHQ-V-0118","Certification GPS-500","GPS","","Moving","41799.5","64","13.8","2026-08-28T07:43:41Z","Stale"
"CLHQ-DEV-0119","CLHQ-V-0119","Certification GPS-500","GPS","","Moving","41814.8","72","13.8","2026-08-28T07:43:41Z","Stale"
"CLHQ-DEV-0120","CLHQ-V-0120","Certification GPS-500","GPS","","Moving","41830","71.5","13.8","2026-08-28T07:43:41Z","Stale"
"CLHQ-DEV-0121","CLHQ-V-0121","Certification GPS-500","GPS","","Moving","41845.2","71","13.8","2026-08-28T07:43:41Z","Stale"
"CLHQ-DEV-0122","CLHQ-V-0122","Certification GPS-500","GPS","","Moving","41860.5","70.5","13.8","2026-08-28T07:43:41Z","Stale"
"CLHQ-DEV-0123","CLHQ-V-0123","Certification GPS-500","GPS","","Moving","41875.8","70","13.8","2026-08-28T07:43:41Z","Stale"
"CLHQ-DEV-0124","CLHQ-V-0124","Certification GPS-500","GPS","","Moving","41891","69.5","13.8","2026-08-28T07:43:41Z","Stale"
"CLHQ-DEV-0125","CLHQ-V-0125","Certification GPS-500","GPS","","Moving","41906.2","69","13.8","2026-08-28T07:43:41Z","Stale"
"CLHQ-DEV-0126","CLHQ-V-0126","Certification GPS-500","GPS","","Moving","41921.5","68.5","13.8","2026-08-28T07:43:41Z","Stale"
"CLHQ-DEV-0127","CLHQ-V-0127","Certification GPS-500","GPS","","Moving","41936.8","68","13.8","2026-08-28T07:43:41Z","Stale"
"CLHQ-DEV-0128","CLHQ-V-0128","Certification GPS-500","GPS","","Moving","41952","67.5","13.8","2026-08-28T07:43:41Z","Stale"
"CLHQ-DEV-0129","CLHQ-V-0129","Certification GPS-500","GPS","","Moving","41967.2","67","13.8","2026-08-28T07:43:41Z","Stale"
"CLHQ-DEV-0130","CLHQ-V-0130","Certification GPS-500","GPS","","Moving","41982.5","66.5","13.8","2026-08-28T07:43:41Z","Stale"
"CLHQ-DEV-0131","CLHQ-V-0131","Certification GPS-500","GPS","","Moving","41997.8","66","13.8","2026-08-28T07:43:41Z","Stale"
"CLHQ-DEV-0132","CLHQ-V-0132","Certification GPS-500","GPS","","Moving","42013","65.5","13.8","2026-08-28T07:43:41Z","Stale"
"CLHQ-DEV-0133","CLHQ-V-0133","Certification GPS-500","GPS","","Moving","42028.2","65","13.8","2026-08-28T07:43:41Z","Stale"
"CLHQ-DEV-0134","CLHQ-V-0134","Certification GPS-500","GPS","","Moving","42043.5","64.5","13.8","2026-08-28T07:43:41Z","Stale"
"CLHQ-DEV-0135","CLHQ-V-0135","Certification GPS-500","GPS","","Moving","42058.8","64","13.8","2026-08-28T07:43:41Z","Stale"
"CLHQ-DEV-0136","CLHQ-V-0136","Certification GPS-500","GPS","","Moving","42074","72","13.8","2026-08-28T07:43:41Z","Stale"
"CLHQ-DEV-0137","CLHQ-V-0137","Certification GPS-500","GPS","","Moving","42089.2","71.5","13.8","2026-08-28T07:43:41Z","Stale"
"CLHQ-DEV-0138","CLHQ-V-0138","Certification GPS-500","GPS","","Moving","42104.5","71","13.8","2026-08-28T07:43:41Z","Stale"
"CLHQ-DEV-0139","CLHQ-V-0139","Certification GPS-500","GPS","","Moving","42119.8","70.5","13.8","2026-08-28T07:43:41Z","Stale"
"CLHQ-DEV-0140","CLHQ-V-0140","Certification GPS-500","GPS","","Moving","42135","70","13.8","2026-08-28T07:43:41Z","Stale"
"CLHQ-DEV-0141","CLHQ-V-0141","Certification GPS-500","GPS","","Moving","42147.1","69.5","13.8","2026-08-28T07:38:41Z","Stale"
"CLHQ-DEV-0142","CLHQ-V-0142","Certification GPS-500","GPS","","Moving","42159.1","69","13.8","2026-08-28T07:38:41Z","Stale"
"CLHQ-DEV-0143","CLHQ-V-0143","Certification GPS-500","GPS","","Moving","42171.2","68.5","13.8","2026-08-28T07:38:41Z","Stale"
"CLHQ-DEV-0144","CLHQ-V-0144","Certification GPS-500","GPS","","Moving","42183.2","68","13.8","2026-08-28T07:38:41Z","Stale"
"CLHQ-DEV-0145","CLHQ-V-0145","Certification GPS-500","GPS","","Moving","42195.2","67.5","13.8","2026-08-28T07:38:41Z","Stale"
"CLHQ-DEV-0146","CLHQ-V-0146","Certification GPS-500","GPS","","Moving","42207.3","67","13.8","2026-08-28T07:38:41Z","Stale"
"CLHQ-DEV-0147","CLHQ-V-0147","Certification GPS-500","GPS","","Moving","42219.3","66.5","13.8","2026-08-28T07:38:41Z","Stale"
"CLHQ-DEV-0148","CLHQ-V-0148","Certification GPS-500","GPS","","Moving","42231.4","66","13.8","2026-08-28T07:38:41Z","Stale"
"CLHQ-DEV-0149","CLHQ-V-0149","Certification GPS-500","GPS","","Moving","42243.4","65.5","13.8","2026-08-28T07:38:41Z","Stale"
"CLHQ-DEV-0150","CLHQ-V-0150","Certification GPS-500","GPS","","Moving","42255.5","65","13.8","2026-08-28T07:38:41Z","Stale"
"CLHQ-DEV-0151","CLHQ-V-0151","Certification GPS-500","GPS","","Moving","42267.6","64.5","13.8","2026-08-28T07:38:41Z","Stale"
"CLHQ-DEV-0152","CLHQ-V-0152","Certification GPS-500","GPS","","Moving","42279.6","64","13.8","2026-08-28T07:38:41Z","Stale"
"CLHQ-DEV-0153","CLHQ-V-0153","Certification GPS-500","GPS","","Moving","42291.7","72","13.8","2026-08-28T07:38:41Z","Stale"
"CLHQ-DEV-0154","CLHQ-V-0154","Certification GPS-500","GPS","","Moving","42303.7","71.5","13.8","2026-08-28T07:38:41Z","Stale"
"CLHQ-DEV-0155","CLHQ-V-0155","Certification GPS-500","GPS","","Moving","42315.8","71","13.8","2026-08-28T07:38:41Z","Stale"
"CLHQ-DEV-0156","CLHQ-V-0156","Certification GPS-500","GPS","","Moving","42327.8","70.5","13.8","2026-08-28T07:38:41Z","Stale"
"CLHQ-DEV-0157","CLHQ-V-0157","Certification GPS-500","GPS","","Moving","42339.8","70","13.8","2026-08-28T07:38:41Z","Stale"
"CLHQ-DEV-0158","CLHQ-V-0158","Certification GPS-500","GPS","","Moving","42351.9","69.5","13.8","2026-08-28T07:38:41Z","Stale"
"CLHQ-DEV-0159","CLHQ-V-0159","Certification GPS-500","GPS","","Moving","42363.9","69","13.8","2026-08-28T07:38:41Z","Stale"
"CLHQ-DEV-0160","CLHQ-V-0160","Certification GPS-500","GPS","","Moving","42376","68.5","13.8","2026-08-28T07:38:41Z","Stale"
"CLHQ-DEV-0161","CLHQ-V-0161","Certification GPS-500","GPS","","Moving","42388.1","68","13.8","2026-08-28T07:21:41Z","Stale"
"CLHQ-DEV-0162","CLHQ-V-0162","Certification GPS-500","GPS","","Moving","42400.1","67.5","13.8","2026-08-28T07:21:41Z","Stale"
"CLHQ-DEV-0163","CLHQ-V-0163","Certification GPS-500","GPS","","Moving","42412.2","67","13.8","2026-08-28T07:21:41Z","Stale"
"CLHQ-DEV-0164","CLHQ-V-0164","Certification GPS-500","GPS","","Moving","42424.2","66.5","13.8","2026-08-28T07:21:41Z","Stale"
"CLHQ-DEV-0165","CLHQ-V-0165","Certification GPS-500","GPS","","Moving","42436.2","66","13.8","2026-08-28T07:21:41Z","Stale"
"CLHQ-DEV-0166","CLHQ-V-0166","Certification GPS-500","GPS","","Moving","42448.3","65.5","13.8","2026-08-28T07:21:41Z","Stale"
"CLHQ-DEV-0167","CLHQ-V-0167","Certification GPS-500","GPS","","Moving","42460.3","65","13.8","2026-08-28T07:21:41Z","Stale"
"CLHQ-DEV-0168","CLHQ-V-0168","Certification GPS-500","GPS","","Moving","42472.4","64.5","13.8","2026-08-28T07:21:41Z","Stale"
"CLHQ-DEV-0169","CLHQ-V-0169","Certification GPS-500","GPS","","Moving","42484.4","64","13.8","2026-08-28T07:21:41Z","Stale"
"CLHQ-DEV-0170","CLHQ-V-0170","Certification GPS-500","GPS","","Moving","42496.5","72","13.8","2026-08-28T07:21:41Z","Stale"
"CLHQ-DEV-0171","CLHQ-V-0171","Certification GPS-500","GPS","","Moving","42508.6","71.5","13.8","2026-08-28T07:21:41Z","Stale"
"CLHQ-DEV-0172","CLHQ-V-0172","Certification GPS-500","GPS","","Moving","42520.6","71","13.8","2026-08-28T07:21:41Z","Stale"
"CLHQ-DEV-0173","CLHQ-V-0173","Certification GPS-500","GPS","","Moving","42532.7","70.5","13.8","2026-08-28T07:21:41Z","Stale"
"CLHQ-DEV-0174","CLHQ-V-0174","Certification GPS-500","GPS","","Moving","42544.7","70","13.8","2026-08-28T07:21:41Z","Stale"
"CLHQ-DEV-0175","CLHQ-V-0175","Certification GPS-500","GPS","","Moving","42556.8","69.5","13.8","2026-08-28T07:21:41Z","Stale"
"CLHQ-DEV-0176","CLHQ-V-0176","Certification GPS-500","GPS","","Moving","42568.4","69","13.8","2026-08-28T07:26:41Z","Stale"
"CLHQ-DEV-0177","CLHQ-V-0177","Certification GPS-500","GPS","","Moving","42580.1","68.5","13.8","2026-08-28T07:26:41Z","Stale"
"CLHQ-DEV-0178","CLHQ-V-0178","Certification GPS-500","GPS","","Moving","42591.7","68","13.8","2026-08-28T07:26:41Z","Stale"
"CLHQ-DEV-0179","CLHQ-V-0179","Certification GPS-500","GPS","","Moving","42603.3","67.5","13.8","2026-08-28T07:26:41Z","Stale"
"CLHQ-DEV-0180","CLHQ-V-0180","Certification GPS-500","GPS","","Moving","42615","67","13.8","2026-08-28T07:26:41Z","Stale"
"CLHQ-DEV-0181","CLHQ-V-0181","Certification GPS-500","GPS","","Moving","42626.7","66.5","13.8","2026-08-28T07:26:41Z","Stale"
"CLHQ-DEV-0182","CLHQ-V-0182","Certification GPS-500","GPS","","Moving","42638.3","66","13.8","2026-08-28T07:26:41Z","Stale"
"CLHQ-DEV-0183","CLHQ-V-0183","Certification GPS-500","GPS","","Moving","42649.9","65.5","13.8","2026-08-28T07:26:41Z","Stale"
"CLHQ-DEV-0184","CLHQ-V-0184","Certification GPS-500","GPS","","Moving","42661.6","65","13.8","2026-08-28T07:26:41Z","Stale"
"CLHQ-DEV-0185","CLHQ-V-0185","Certification GPS-500","GPS","","Moving","42673.2","64.5","13.8","2026-08-28T07:26:41Z","Stale"
"CLHQ-DEV-0186","CLHQ-V-0186","Certification GPS-500","GPS","","Moving","42685.3","64","13.8","2026-08-28T07:43:41Z","Stale"
"CLHQ-DEV-0187","CLHQ-V-0187","Certification GPS-500","GPS","","Moving","42697.3","72","13.8","2026-08-28T07:43:41Z","Stale"
"CLHQ-DEV-0188","CLHQ-V-0188","Certification GPS-500","GPS","","Moving","42709.4","71.5","13.8","2026-08-28T07:43:41Z","Stale"
"CLHQ-DEV-0189","CLHQ-V-0189","Certification GPS-500","GPS","","Moving","42721.4","71","13.8","2026-08-28T07:43:41Z","Stale"
"CLHQ-DEV-0190","CLHQ-V-0190","Certification GPS-500","GPS","","Moving","42733.5","70.5","13.8","2026-08-28T07:43:41Z","Stale"
"CLHQ-DEV-0191","CLHQ-V-0191","Certification GPS-500","GPS","","Moving","42745.9","70","13.8","2026-08-28T07:43:41Z","Stale"
"CLHQ-DEV-0192","CLHQ-V-0192","Certification GPS-500","GPS","","Moving","42758.4","69.5","13.8","2026-08-28T07:43:41Z","Stale"
"CLHQ-DEV-0193","CLHQ-V-0193","Certification GPS-500","GPS","","Moving","42770.8","69","13.8","2026-08-28T07:43:41Z","Stale"
"CLHQ-DEV-0194","CLHQ-V-0194","Certification GPS-500","GPS","","Moving","42783.3","68.5","13.8","2026-08-28T07:43:41Z","Stale"
"CLHQ-DEV-0195","CLHQ-V-0195","Certification GPS-500","GPS","","Moving","42795.8","68","13.8","2026-08-28T07:43:41Z","Stale"
"CLHQ-DEV-0196","CLHQ-V-0196","Certification GPS-500","GPS","","Moving","101963.2","67.5","13.8","2026-08-28T07:43:41Z","Stale"
"CLHQ-DEV-0197","CLHQ-V-0197","Certification GPS-500","GPS","","Moving","101973.2","67","13.8","2026-08-28T07:43:41Z","Stale"
"CLHQ-DEV-0198","CLHQ-V-0198","Certification GPS-500","GPS","","Moving","101983.2","66.5","13.8","2026-08-28T07:43:41Z","Stale"
"CLHQ-DEV-0199","CLHQ-V-0199","Certification GPS-500","GPS","J1939 SPN-100-FMI-1","Moving","42847.6","66","13.8","2026-08-28T07:43:41Z","Stale"
"CLHQ-DEV-0200","CLHQ-V-0200","Certification GPS-500","GPS","J1939 SPN-100-FMI-1","Moving","42859.6","65.5","13.8","2026-08-28T07:43:41Z","Stale"
"MWYARD-DEV-0001","MWYARD-V-0001","Certification GPS-500","GPS","","Moving","41844.1","71.5","13.8","2026-08-28T07:43:41Z","Stale"
"MWYARD-DEV-0002","MWYARD-V-0002","Certification GPS-500","GPS","","Moving","41859.3","71","13.8","2026-08-28T07:43:41Z","Stale"
"MWYARD-DEV-0003","MWYARD-V-0003","Certification GPS-500","GPS","","Moving","41874.6","70.5","13.8","2026-08-28T07:43:41Z","Stale"
"MWYARD-DEV-0004","MWYARD-V-0004","Certification GPS-500","GPS","","Moving","41889.8","70","13.8","2026-08-28T07:43:41Z","Stale"
"MWYARD-DEV-0005","MWYARD-V-0005","Certification GPS-500","GPS","","Moving","41905.1","69.5","13.8","2026-08-28T07:43:41Z","Stale"
"MWYARD-DEV-0006","MWYARD-V-0006","Certification GPS-500","GPS","","Moving","41920.3","69","13.8","2026-08-28T07:43:41Z","Stale"
"MWYARD-DEV-0007","MWYARD-V-0007","Certification GPS-500","GPS","","Moving","41935.6","68.5","13.8","2026-08-28T07:43:41Z","Stale"
"MWYARD-DEV-0008","MWYARD-V-0008","Certification GPS-500","GPS","","Moving","41950.8","68","13.8","2026-08-28T07:43:41Z","Stale"
"MWYARD-DEV-0009","MWYARD-V-0009","Certification GPS-500","GPS","","Moving","41966.1","67.5","13.8","2026-08-28T07:43:41Z","Stale"
"MWYARD-DEV-0010","MWYARD-V-0010","Certification GPS-500","GPS","","Moving","41981.3","67","13.8","2026-08-28T07:43:41Z","Stale"
"MWYARD-DEV-0011","MWYARD-V-0011","Certification GPS-500","GPS","","Moving","41996.6","66.5","13.8","2026-08-28T07:43:41Z","Stale"
"MWYARD-DEV-0012","MWYARD-V-0012","Certification GPS-500","GPS","","Moving","42011.8","66","13.8","2026-08-28T07:43:41Z","Stale"
"MWYARD-DEV-0013","MWYARD-V-0013","Certification GPS-500","GPS","","Moving","42027.1","65.5","13.8","2026-08-28T07:43:41Z","Stale"
"MWYARD-DEV-0014","MWYARD-V-0014","Certification GPS-500","GPS","","Moving","42042.3","65","13.8","2026-08-28T07:43:41Z","Stale"
"MWYARD-DEV-0015","MWYARD-V-0015","Certification GPS-500","GPS","","Moving","42057.6","64.5","13.8","2026-08-28T07:43:41Z","Stale"
"MWYARD-DEV-0016","MWYARD-V-0016","Certification GPS-500","GPS","","Moving","42072.8","64","13.8","2026-08-28T07:43:41Z","Stale"
"MWYARD-DEV-0017","MWYARD-V-0017","Certification GPS-500","GPS","","Moving","42088.1","72","13.8","2026-08-28T07:43:41Z","Stale"
"MWYARD-DEV-0018","MWYARD-V-0018","Certification GPS-500","GPS","","Moving","42103.3","71.5","13.8","2026-08-28T07:43:41Z","Stale"
"MWYARD-DEV-0019","MWYARD-V-0019","Certification GPS-500","GPS","","Moving","42118.6","71","13.8","2026-08-28T07:43:41Z","Stale"
"MWYARD-DEV-0020","MWYARD-V-0020","Certification GPS-500","GPS","","Moving","42133.8","70.5","13.8","2026-08-28T07:43:41Z","Stale"
"MWYARD-DEV-0021","MWYARD-V-0021","Certification GPS-500","GPS","","Moving","42149.1","70","13.8","2026-08-28T07:43:41Z","Stale"
"MWYARD-DEV-0022","MWYARD-V-0022","Certification GPS-500","GPS","","Moving","42164.3","69.5","13.8","2026-08-28T07:43:41Z","Stale"
"MWYARD-DEV-0023","MWYARD-V-0023","Certification GPS-500","GPS","","Moving","42179.6","69","13.8","2026-08-28T07:43:41Z","Stale"
"MWYARD-DEV-0024","MWYARD-V-0024","Certification GPS-500","GPS","","Moving","42194.8","68.5","13.8","2026-08-28T07:43:41Z","Stale"
"MWYARD-DEV-0025","MWYARD-V-0025","Certification GPS-500","GPS","","Moving","42210.1","68","13.8","2026-08-28T07:43:41Z","Stale"
"MWYARD-DEV-0026","MWYARD-V-0026","Certification GPS-500","GPS","","Moving","42225.3","67.5","13.8","2026-08-28T07:43:41Z","Stale"
"MWYARD-DEV-0027","MWYARD-V-0027","Certification GPS-500","GPS","","Moving","42240.6","67","13.8","2026-08-28T07:43:41Z","Stale"
"MWYARD-DEV-0028","MWYARD-V-0028","Certification GPS-500","GPS","","Moving","42255.8","66.5","13.8","2026-08-28T07:43:41Z","Stale"
"MWYARD-DEV-0029","MWYARD-V-0029","Certification GPS-500","GPS","","Moving","42271.1","66","13.8","2026-08-28T07:43:41Z","Stale"
"MWYARD-DEV-0030","MWYARD-V-0030","Certification GPS-500","GPS","","Moving","42286.3","65.5","13.8","2026-08-28T07:43:41Z","Stale"
"MWYARD-DEV-0031","MWYARD-V-0031","Certification GPS-500","GPS","","Moving","42301.6","65","13.8","2026-08-28T07:43:41Z","Stale"
"MWYARD-DEV-0032","MWYARD-V-0032","Certification GPS-500","GPS","","Moving","42316.8","64.5","13.8","2026-08-28T07:43:41Z","Stale"
"MWYARD-DEV-0033","MWYARD-V-0033","Certification GPS-500","GPS","","Moving","42332.1","64","13.8","2026-08-28T07:43:41Z","Stale"
"MWYARD-DEV-0034","MWYARD-V-0034","Certification GPS-500","GPS","","Moving","42347.3","72","13.8","2026-08-28T07:43:41Z","Stale"
"MWYARD-DEV-0035","MWYARD-V-0035","Certification GPS-500","GPS","","Moving","42362.6","71.5","13.8","2026-08-28T07:43:41Z","Stale"
"MWYARD-DEV-0036","MWYARD-V-0036","Certification GPS-500","GPS","","Moving","42377.8","71","13.8","2026-08-28T07:43:41Z","Stale"
"MWYARD-DEV-0037","MWYARD-V-0037","Certification GPS-500","GPS","","Moving","42393.1","70.5","13.8","2026-08-28T07:43:41Z","Stale"
"MWYARD-DEV-0038","MWYARD-V-0038","Certification GPS-500","GPS","","Moving","42408.3","70","13.8","2026-08-28T07:43:41Z","Stale"
"MWYARD-DEV-0039","MWYARD-V-0039","Certification GPS-500","GPS","","Moving","42423.6","69.5","13.8","2026-08-28T07:43:41Z","Stale"
"MWYARD-DEV-0040","MWYARD-V-0040","Certification GPS-500","GPS","","Moving","42438.8","69","13.8","2026-08-28T07:43:41Z","Stale"
"MWYARD-DEV-0041","MWYARD-V-0041","Certification GPS-500","GPS","","Moving","42454.1","68.5","13.8","2026-08-28T07:43:41Z","Stale"
"MWYARD-DEV-0042","MWYARD-V-0042","Certification GPS-500","GPS","","Moving","42469.3","68","13.8","2026-08-28T07:43:41Z","Stale"
"MWYARD-DEV-0043","MWYARD-V-0043","Certification GPS-500","GPS","","Moving","42484.6","67.5","13.8","2026-08-28T07:43:41Z","Stale"
"MWYARD-DEV-0044","MWYARD-V-0044","Certification GPS-500","GPS","","Moving","42499.8","67","13.8","2026-08-28T07:43:41Z","Stale"
"MWYARD-DEV-0045","MWYARD-V-0045","Certification GPS-500","GPS","","Moving","42515.1","66.5","13.8","2026-08-28T07:43:41Z","Stale"
"MWYARD-DEV-0046","MWYARD-V-0046","Certification GPS-500","GPS","","Moving","42530.3","66","13.8","2026-08-28T07:43:41Z","Stale"
"MWYARD-DEV-0047","MWYARD-V-0047","Certification GPS-500","GPS","","Moving","42545.6","65.5","13.8","2026-08-28T07:43:41Z","Stale"
"MWYARD-DEV-0048","MWYARD-V-0048","Certification GPS-500","GPS","","Moving","42560.8","65","13.8","2026-08-28T07:43:41Z","Stale"
"MWYARD-DEV-0049","MWYARD-V-0049","Certification GPS-500","GPS","","Moving","42576.1","64.5","13.8","2026-08-28T07:43:41Z","Stale"
"MWYARD-DEV-0050","MWYARD-V-0050","Certification GPS-500","GPS","","Moving","42591.3","64","13.8","2026-08-28T07:43:41Z","Stale"
"MWYARD-DEV-0051","MWYARD-V-0051","Certification GPS-500","GPS","","Moving","42606.6","72","13.8","2026-08-28T07:43:41Z","Stale"
"MWYARD-DEV-0052","MWYARD-V-0052","Certification GPS-500","GPS","","Moving","42621.8","71.5","13.8","2026-08-28T07:43:41Z","Stale"
"MWYARD-DEV-0053","MWYARD-V-0053","Certification GPS-500","GPS","","Moving","42637.1","71","13.8","2026-08-28T07:43:41Z","Stale"
"MWYARD-DEV-0054","MWYARD-V-0054","Certification GPS-500","GPS","","Moving","42652.3","70.5","13.8","2026-08-28T07:43:41Z","Stale"
"MWYARD-DEV-0055","MWYARD-V-0055","Certification GPS-500","GPS","","Moving","42667.6","70","13.8","2026-08-28T07:43:41Z","Stale"
"MWYARD-DEV-0056","MWYARD-V-0056","Certification GPS-500","GPS","","Moving","42682.8","69.5","13.8","2026-08-28T07:43:41Z","Stale"
"MWYARD-DEV-0057","MWYARD-V-0057","Certification GPS-500","GPS","","Moving","42698.1","69","13.8","2026-08-28T07:43:41Z","Stale"
"MWYARD-DEV-0058","MWYARD-V-0058","Certification GPS-500","GPS","","Moving","42713.3","68.5","13.8","2026-08-28T07:43:41Z","Stale"
"MWYARD-DEV-0059","MWYARD-V-0059","Certification GPS-500","GPS","","Moving","42728.6","68","13.8","2026-08-28T07:43:41Z","Stale"
"MWYARD-DEV-0060","MWYARD-V-0060","Certification GPS-500","GPS","","Moving","42743.8","67.5","13.8","2026-08-28T07:43:41Z","Stale"
"MWYARD-DEV-0061","MWYARD-V-0061","Certification GPS-500","GPS","","Moving","42759.1","67","13.8","2026-08-28T07:43:41Z","Stale"
"MWYARD-DEV-0062","MWYARD-V-0062","Certification GPS-500","GPS","","Moving","42774.3","66.5","13.8","2026-08-28T07:43:41Z","Stale"
"MWYARD-DEV-0063","MWYARD-V-0063","Certification GPS-500","GPS","","Moving","42789.6","66","13.8","2026-08-28T07:43:41Z","Stale"
"MWYARD-DEV-0064","MWYARD-V-0064","Certification GPS-500","GPS","","Moving","42804.8","65.5","13.8","2026-08-28T07:43:41Z","Stale"
"MWYARD-DEV-0065","MWYARD-V-0065","Certification GPS-500","GPS","","Moving","42820.1","65","13.8","2026-08-28T07:43:41Z","Stale"
"MWYARD-DEV-0066","MWYARD-V-0066","Certification GPS-500","GPS","","Moving","42835.3","64.5","13.8","2026-08-28T07:43:41Z","Stale"
"MWYARD-DEV-0067","MWYARD-V-0067","Certification GPS-500","GPS","","Moving","42850.6","64","13.8","2026-08-28T07:43:41Z","Stale"
"MWYARD-DEV-0068","MWYARD-V-0068","Certification GPS-500","GPS","","Moving","42865.8","72","13.8","2026-08-28T07:43:41Z","Stale"
"MWYARD-DEV-0069","MWYARD-V-0069","Certification GPS-500","GPS","","Moving","42881.1","71.5","13.8","2026-08-28T07:43:41Z","Stale"
"MWYARD-DEV-0070","MWYARD-V-0070","Certification GPS-500","GPS","","Moving","42896.3","71","13.8","2026-08-28T07:43:41Z","Stale"
"MWYARD-DEV-0071","MWYARD-V-0071","Certification GPS-500","GPS","","Moving","42911.6","70.5","13.8","2026-08-28T07:43:41Z","Stale"
"MWYARD-DEV-0072","MWYARD-V-0072","Certification GPS-500","GPS","","Moving","42926.8","70","13.8","2026-08-28T07:43:41Z","Stale"
"MWYARD-DEV-0073","MWYARD-V-0073","Certification GPS-500","GPS","","Moving","42942.1","69.5","13.8","2026-08-28T07:43:41Z","Stale"
"MWYARD-DEV-0074","MWYARD-V-0074","Certification GPS-500","GPS","","Moving","42957.3","69","13.8","2026-08-28T07:43:41Z","Stale"
"MWYARD-DEV-0075","MWYARD-V-0075","Certification GPS-500","GPS","","Moving","42972.6","68.5","13.8","2026-08-28T07:43:41Z","Stale"
"MWYARD-DEV-0076","MWYARD-V-0076","Certification GPS-500","GPS","","Moving","42987.8","68","13.8","2026-08-28T07:43:41Z","Stale"
"MWYARD-DEV-0077","MWYARD-V-0077","Certification GPS-500","GPS","","Moving","43003.1","67.5","13.8","2026-08-28T07:43:41Z","Stale"
"MWYARD-DEV-0078","MWYARD-V-0078","Certification GPS-500","GPS","","Moving","43018.3","67","13.8","2026-08-28T07:43:41Z","Stale"
"MWYARD-DEV-0079","MWYARD-V-0079","Certification GPS-500","GPS","","Moving","43033.6","66.5","13.8","2026-08-28T07:43:41Z","Stale"
"MWYARD-DEV-0080","MWYARD-V-0080","Certification GPS-500","GPS","","Moving","43048.8","66","13.8","2026-08-28T07:43:41Z","Stale"
"MWYARD-DEV-0081","MWYARD-V-0081","Certification GPS-500","GPS","","Moving","43064.1","65.5","13.8","2026-08-28T07:43:41Z","Stale"
"MWYARD-DEV-0082","MWYARD-V-0082","Certification GPS-500","GPS","","Moving","43079.3","65","13.8","2026-08-28T07:43:41Z","Stale"
"MWYARD-DEV-0083","MWYARD-V-0083","Certification GPS-500","GPS","","Moving","43094.6","64.5","13.8","2026-08-28T07:43:41Z","Stale"
"MWYARD-DEV-0084","MWYARD-V-0084","Certification GPS-500","GPS","","Moving","43109.8","64","13.8","2026-08-28T07:43:41Z","Stale"
"MWYARD-DEV-0085","MWYARD-V-0085","Certification GPS-500","GPS","","Moving","43125.1","72","13.8","2026-08-28T07:43:41Z","Stale"
"MWYARD-DEV-0086","MWYARD-V-0086","Certification GPS-500","GPS","","Moving","43140.3","71.5","13.8","2026-08-28T07:43:41Z","Stale"
"MWYARD-DEV-0087","MWYARD-V-0087","Certification GPS-500","GPS","","Moving","43155.6","71","13.8","2026-08-28T07:43:41Z","Stale"
"MWYARD-DEV-0088","MWYARD-V-0088","Certification GPS-500","GPS","","Moving","43170.8","70.5","13.8","2026-08-28T07:43:41Z","Stale"
"MWYARD-DEV-0089","MWYARD-V-0089","Certification GPS-500","GPS","","Moving","43186.1","70","13.8","2026-08-28T07:43:41Z","Stale"
"MWYARD-DEV-0090","MWYARD-V-0090","Certification GPS-500","GPS","","Moving","43201.3","69.5","13.8","2026-08-28T07:43:41Z","Stale"
"MWYARD-DEV-0091","MWYARD-V-0091","Certification GPS-500","GPS","","Moving","43216.6","69","13.8","2026-08-28T07:43:41Z","Stale"
"MWYARD-DEV-0092","MWYARD-V-0092","Certification GPS-500","GPS","","Moving","43231.8","68.5","13.8","2026-08-28T07:43:41Z","Stale"
"MWYARD-DEV-0093","MWYARD-V-0093","Certification GPS-500","GPS","","Moving","43247.1","68","13.8","2026-08-28T07:43:41Z","Stale"
"MWYARD-DEV-0094","MWYARD-V-0094","Certification GPS-500","GPS","","Moving","43262.3","67.5","13.8","2026-08-28T07:43:41Z","Stale"
"MWYARD-DEV-0095","MWYARD-V-0095","Certification GPS-500","GPS","","Moving","43277.6","67","13.8","2026-08-28T07:43:41Z","Stale"
"MWYARD-DEV-0096","MWYARD-V-0096","Certification GPS-500","GPS","","Moving","43292.8","66.5","13.8","2026-08-28T07:43:41Z","Stale"
"MWYARD-DEV-0097","MWYARD-V-0097","Certification GPS-500","GPS","","Moving","43308.1","66","13.8","2026-08-28T07:43:41Z","Stale"
"MWYARD-DEV-0098","MWYARD-V-0098","Certification GPS-500","GPS","","Moving","43323.3","65.5","13.8","2026-08-28T07:43:41Z","Stale"
"MWYARD-DEV-0099","MWYARD-V-0099","Certification GPS-500","GPS","","Moving","43338.6","65","13.8","2026-08-28T07:43:41Z","Stale"
"MWYARD-DEV-0100","MWYARD-V-0100","Certification GPS-500","GPS","","Moving","43353.8","64.5","13.8","2026-08-28T07:43:41Z","Stale"
"MWYARD-DEV-0101","MWYARD-V-0101","Certification GPS-500","GPS","","Moving","43369.1","64","13.8","2026-08-28T07:43:41Z","Stale"
"MWYARD-DEV-0102","MWYARD-V-0102","Certification GPS-500","GPS","","Moving","43384.3","72","13.8","2026-08-28T07:43:41Z","Stale"
"MWYARD-DEV-0103","MWYARD-V-0103","Certification GPS-500","GPS","","Moving","43399.6","71.5","13.8","2026-08-28T07:43:41Z","Stale"
"MWYARD-DEV-0104","MWYARD-V-0104","Certification GPS-500","GPS","","Moving","43414.8","71","13.8","2026-08-28T07:43:41Z","Stale"
"MWYARD-DEV-0105","MWYARD-V-0105","Certification GPS-500","GPS","","Moving","43430.1","70.5","13.8","2026-08-28T07:43:41Z","Stale"
"MWYARD-DEV-0106","MWYARD-V-0106","Certification GPS-500","GPS","","Moving","43445.3","70","13.8","2026-08-28T07:43:41Z","Stale"
"MWYARD-DEV-0107","MWYARD-V-0107","Certification GPS-500","GPS","","Moving","43460.6","69.5","13.8","2026-08-28T07:43:41Z","Stale"
"MWYARD-DEV-0108","MWYARD-V-0108","Certification GPS-500","GPS","","Moving","43475.8","69","13.8","2026-08-28T07:43:41Z","Stale"
"MWYARD-DEV-0109","MWYARD-V-0109","Certification GPS-500","GPS","","Moving","43491.1","68.5","13.8","2026-08-28T07:43:41Z","Stale"
"MWYARD-DEV-0110","MWYARD-V-0110","Certification GPS-500","GPS","","Moving","43506.3","68","13.8","2026-08-28T07:43:41Z","Stale"
"MWYARD-DEV-0111","MWYARD-V-0111","Certification GPS-500","GPS","","Moving","43521.6","67.5","13.8","2026-08-28T07:43:41Z","Stale"
"MWYARD-DEV-0112","MWYARD-V-0112","Certification GPS-500","GPS","","Moving","43536.8","67","13.8","2026-08-28T07:43:41Z","Stale"
"MWYARD-DEV-0113","MWYARD-V-0113","Certification GPS-500","GPS","","Moving","43552.1","66.5","13.8","2026-08-28T07:43:41Z","Stale"
"MWYARD-DEV-0114","MWYARD-V-0114","Certification GPS-500","GPS","","Moving","43567.3","66","13.8","2026-08-28T07:43:41Z","Stale"
"MWYARD-DEV-0115","MWYARD-V-0115","Certification GPS-500","GPS","","Moving","43582.6","65.5","13.8","2026-08-28T07:43:41Z","Stale"
"MWYARD-DEV-0116","MWYARD-V-0116","Certification GPS-500","GPS","","Moving","43597.8","65","13.8","2026-08-28T07:43:41Z","Stale"
"MWYARD-DEV-0117","MWYARD-V-0117","Certification GPS-500","GPS","","Moving","43613.1","64.5","13.8","2026-08-28T07:43:41Z","Stale"
"MWYARD-DEV-0118","MWYARD-V-0118","Certification GPS-500","GPS","","Moving","43628.3","64","13.8","2026-08-28T07:43:41Z","Stale"
"MWYARD-DEV-0119","MWYARD-V-0119","Certification GPS-500","GPS","","Moving","43643.6","72","13.8","2026-08-28T07:43:41Z","Stale"
"MWYARD-DEV-0120","MWYARD-V-0120","Certification GPS-500","GPS","","Moving","43658.8","71.5","13.8","2026-08-28T07:43:41Z","Stale"
"MWYARD-DEV-0121","MWYARD-V-0121","Certification GPS-500","GPS","","Moving","43674.1","71","13.8","2026-08-28T07:43:41Z","Stale"
"MWYARD-DEV-0122","MWYARD-V-0122","Certification GPS-500","GPS","","Moving","43689.3","70.5","13.8","2026-08-28T07:43:41Z","Stale"
"MWYARD-DEV-0123","MWYARD-V-0123","Certification GPS-500","GPS","","Moving","43704.6","70","13.8","2026-08-28T07:43:41Z","Stale"
"MWYARD-DEV-0124","MWYARD-V-0124","Certification GPS-500","GPS","","Moving","43719.8","69.5","13.8","2026-08-28T07:43:41Z","Stale"
"MWYARD-DEV-0125","MWYARD-V-0125","Certification GPS-500","GPS","","Moving","43735.1","69","13.8","2026-08-28T07:43:41Z","Stale"
"MWYARD-DEV-0126","MWYARD-V-0126","Certification GPS-500","GPS","","Moving","43750.3","68.5","13.8","2026-08-28T07:43:41Z","Stale"
"MWYARD-DEV-0127","MWYARD-V-0127","Certification GPS-500","GPS","","Moving","43765.6","68","13.8","2026-08-28T07:43:41Z","Stale"
"MWYARD-DEV-0128","MWYARD-V-0128","Certification GPS-500","GPS","","Moving","43780.8","67.5","13.8","2026-08-28T07:43:41Z","Stale"
"MWYARD-DEV-0129","MWYARD-V-0129","Certification GPS-500","GPS","","Moving","43796.1","67","13.8","2026-08-28T07:43:41Z","Stale"
"MWYARD-DEV-0130","MWYARD-V-0130","Certification GPS-500","GPS","","Moving","43811.3","66.5","13.8","2026-08-28T07:43:41Z","Stale"
"MWYARD-DEV-0131","MWYARD-V-0131","Certification GPS-500","GPS","","Moving","43826.6","66","13.8","2026-08-28T07:43:41Z","Stale"
"MWYARD-DEV-0132","MWYARD-V-0132","Certification GPS-500","GPS","","Moving","43841.8","65.5","13.8","2026-08-28T07:43:41Z","Stale"
"MWYARD-DEV-0133","MWYARD-V-0133","Certification GPS-500","GPS","","Moving","43857.1","65","13.8","2026-08-28T07:43:41Z","Stale"
"MWYARD-DEV-0134","MWYARD-V-0134","Certification GPS-500","GPS","","Moving","43872.3","64.5","13.8","2026-08-28T07:43:41Z","Stale"
"MWYARD-DEV-0135","MWYARD-V-0135","Certification GPS-500","GPS","","Moving","43887.6","64","13.8","2026-08-28T07:43:41Z","Stale"
"MWYARD-DEV-0136","MWYARD-V-0136","Certification GPS-500","GPS","","Moving","43902.8","72","13.8","2026-08-28T07:43:41Z","Stale"
"MWYARD-DEV-0137","MWYARD-V-0137","Certification GPS-500","GPS","","Moving","43918.1","71.5","13.8","2026-08-28T07:43:41Z","Stale"
"MWYARD-DEV-0138","MWYARD-V-0138","Certification GPS-500","GPS","","Moving","43933.3","71","13.8","2026-08-28T07:43:41Z","Stale"
"MWYARD-DEV-0139","MWYARD-V-0139","Certification GPS-500","GPS","","Moving","43948.6","70.5","13.8","2026-08-28T07:43:41Z","Stale"
"MWYARD-DEV-0140","MWYARD-V-0140","Certification GPS-500","GPS","","Moving","43963.8","70","13.8","2026-08-28T07:43:41Z","Stale"
"MWYARD-DEV-0141","MWYARD-V-0141","Certification GPS-500","GPS","","Moving","43975.8","69.5","13.8","2026-08-28T07:38:41Z","Stale"
"MWYARD-DEV-0142","MWYARD-V-0142","Certification GPS-500","GPS","","Moving","43987.9","69","13.8","2026-08-28T07:38:41Z","Stale"
"MWYARD-DEV-0143","MWYARD-V-0143","Certification GPS-500","GPS","","Moving","43999.9","68.5","13.8","2026-08-28T07:38:41Z","Stale"
"MWYARD-DEV-0144","MWYARD-V-0144","Certification GPS-500","GPS","","Moving","44012","68","13.8","2026-08-28T07:38:41Z","Stale"
"MWYARD-DEV-0145","MWYARD-V-0145","Certification GPS-500","GPS","","Moving","44024.1","67.5","13.8","2026-08-28T07:38:41Z","Stale"
"MWYARD-DEV-0146","MWYARD-V-0146","Certification GPS-500","GPS","","Moving","44036.1","67","13.8","2026-08-28T07:38:41Z","Stale"
"MWYARD-DEV-0147","MWYARD-V-0147","Certification GPS-500","GPS","","Moving","44048.2","66.5","13.8","2026-08-28T07:38:41Z","Stale"
"MWYARD-DEV-0148","MWYARD-V-0148","Certification GPS-500","GPS","","Moving","44060.2","66","13.8","2026-08-28T07:38:41Z","Stale"
"MWYARD-DEV-0149","MWYARD-V-0149","Certification GPS-500","GPS","","Moving","44072.2","65.5","13.8","2026-08-28T07:38:41Z","Stale"
"MWYARD-DEV-0150","MWYARD-V-0150","Certification GPS-500","GPS","","Moving","44084.3","65","13.8","2026-08-28T07:38:41Z","Stale"
"MWYARD-DEV-0151","MWYARD-V-0151","Certification GPS-500","GPS","","Moving","44096.3","64.5","13.8","2026-08-28T07:38:41Z","Stale"
"MWYARD-DEV-0152","MWYARD-V-0152","Certification GPS-500","GPS","","Moving","44108.4","64","13.8","2026-08-28T07:38:41Z","Stale"
"MWYARD-DEV-0153","MWYARD-V-0153","Certification GPS-500","GPS","","Moving","44120.4","72","13.8","2026-08-28T07:38:41Z","Stale"
"MWYARD-DEV-0154","MWYARD-V-0154","Certification GPS-500","GPS","","Moving","44132.5","71.5","13.8","2026-08-28T07:38:41Z","Stale"
"MWYARD-DEV-0155","MWYARD-V-0155","Certification GPS-500","GPS","","Moving","44144.6","71","13.8","2026-08-28T07:38:41Z","Stale"
"MWYARD-DEV-0156","MWYARD-V-0156","Certification GPS-500","GPS","","Moving","44156.6","70.5","13.8","2026-08-28T07:38:41Z","Stale"
"MWYARD-DEV-0157","MWYARD-V-0157","Certification GPS-500","GPS","","Moving","44168.7","70","13.8","2026-08-28T07:38:41Z","Stale"
"MWYARD-DEV-0158","MWYARD-V-0158","Certification GPS-500","GPS","","Moving","44180.7","69.5","13.8","2026-08-28T07:38:41Z","Stale"
"MWYARD-DEV-0159","MWYARD-V-0159","Certification GPS-500","GPS","","Moving","44192.8","69","13.8","2026-08-28T07:38:41Z","Stale"
"MWYARD-DEV-0160","MWYARD-V-0160","Certification GPS-500","GPS","","Moving","44204.8","68.5","13.8","2026-08-28T07:38:41Z","Stale"
"MWYARD-DEV-0161","MWYARD-V-0161","Certification GPS-500","GPS","","Moving","44216.8","68","13.8","2026-08-28T07:21:41Z","Stale"
"MWYARD-DEV-0162","MWYARD-V-0162","Certification GPS-500","GPS","","Moving","44228.9","67.5","13.8","2026-08-28T07:21:41Z","Stale"
"MWYARD-DEV-0163","MWYARD-V-0163","Certification GPS-500","GPS","","Moving","44240.9","67","13.8","2026-08-28T07:21:41Z","Stale"
"MWYARD-DEV-0164","MWYARD-V-0164","Certification GPS-500","GPS","","Moving","44253","66.5","13.8","2026-08-28T07:21:41Z","Stale"
"MWYARD-DEV-0165","MWYARD-V-0165","Certification GPS-500","GPS","","Moving","44265.1","66","13.8","2026-08-28T07:21:41Z","Stale"
"MWYARD-DEV-0166","MWYARD-V-0166","Certification GPS-500","GPS","","Moving","44277.1","65.5","13.8","2026-08-28T07:21:41Z","Stale"
"MWYARD-DEV-0167","MWYARD-V-0167","Certification GPS-500","GPS","","Moving","44289.2","65","13.8","2026-08-28T07:21:41Z","Stale"
"MWYARD-DEV-0168","MWYARD-V-0168","Certification GPS-500","GPS","","Moving","44301.2","64.5","13.8","2026-08-28T07:21:41Z","Stale"
"MWYARD-DEV-0169","MWYARD-V-0169","Certification GPS-500","GPS","","Moving","44313.2","64","13.8","2026-08-28T07:21:41Z","Stale"
"MWYARD-DEV-0170","MWYARD-V-0170","Certification GPS-500","GPS","","Moving","44325.3","72","13.8","2026-08-28T07:21:41Z","Stale"
"MWYARD-DEV-0171","MWYARD-V-0171","Certification GPS-500","GPS","","Moving","44337.3","71.5","13.8","2026-08-28T07:21:41Z","Stale"
"MWYARD-DEV-0172","MWYARD-V-0172","Certification GPS-500","GPS","","Moving","44349.4","71","13.8","2026-08-28T07:21:41Z","Stale"
"MWYARD-DEV-0173","MWYARD-V-0173","Certification GPS-500","GPS","","Moving","44361.4","70.5","13.8","2026-08-28T07:21:41Z","Stale"
"MWYARD-DEV-0174","MWYARD-V-0174","Certification GPS-500","GPS","","Moving","44373.5","70","13.8","2026-08-28T07:21:41Z","Stale"
"MWYARD-DEV-0175","MWYARD-V-0175","Certification GPS-500","GPS","","Moving","44385.6","69.5","13.8","2026-08-28T07:21:41Z","Stale"
"MWYARD-DEV-0176","MWYARD-V-0176","Certification GPS-500","GPS","","Moving","44397.2","69","13.8","2026-08-28T07:26:41Z","Stale"
"MWYARD-DEV-0177","MWYARD-V-0177","Certification GPS-500","GPS","","Moving","44408.8","68.5","13.8","2026-08-28T07:26:41Z","Stale"
"MWYARD-DEV-0178","MWYARD-V-0178","Certification GPS-500","GPS","","Moving","44420.5","68","13.8","2026-08-28T07:26:41Z","Stale"
"MWYARD-DEV-0179","MWYARD-V-0179","Certification GPS-500","GPS","","Moving","44432.2","67.5","13.8","2026-08-28T07:26:41Z","Stale"
"MWYARD-DEV-0180","MWYARD-V-0180","Certification GPS-500","GPS","","Moving","44443.8","67","13.8","2026-08-28T07:26:41Z","Stale"
"MWYARD-DEV-0181","MWYARD-V-0181","Certification GPS-500","GPS","","Moving","44455.4","66.5","13.8","2026-08-28T07:26:41Z","Stale"
"MWYARD-DEV-0182","MWYARD-V-0182","Certification GPS-500","GPS","","Moving","44467.1","66","13.8","2026-08-28T07:26:41Z","Stale"
"MWYARD-DEV-0183","MWYARD-V-0183","Certification GPS-500","GPS","","Moving","44478.8","65.5","13.8","2026-08-28T07:26:41Z","Stale"
"MWYARD-DEV-0184","MWYARD-V-0184","Certification GPS-500","GPS","","Moving","44490.4","65","13.8","2026-08-28T07:26:41Z","Stale"
"MWYARD-DEV-0185","MWYARD-V-0185","Certification GPS-500","GPS","","Moving","44502.1","64.5","13.8","2026-08-28T07:26:41Z","Stale"
"MWYARD-DEV-0186","MWYARD-V-0186","Certification GPS-500","GPS","","Moving","44514.1","64","13.8","2026-08-28T07:43:41Z","Stale"
"MWYARD-DEV-0187","MWYARD-V-0187","Certification GPS-500","GPS","","Moving","44526.2","72","13.8","2026-08-28T07:43:41Z","Stale"
"MWYARD-DEV-0188","MWYARD-V-0188","Certification GPS-500","GPS","","Moving","44538.2","71.5","13.8","2026-08-28T07:43:41Z","Stale"
"MWYARD-DEV-0189","MWYARD-V-0189","Certification GPS-500","GPS","","Moving","44550.2","71","13.8","2026-08-28T07:43:41Z","Stale"
"MWYARD-DEV-0190","MWYARD-V-0190","Certification GPS-500","GPS","","Moving","44562.3","70.5","13.8","2026-08-28T07:43:41Z","Stale"
"MWYARD-DEV-0191","MWYARD-V-0191","Certification GPS-500","GPS","","Moving","44574.8","70","13.8","2026-08-28T07:43:41Z","Stale"
"MWYARD-DEV-0192","MWYARD-V-0192","Certification GPS-500","GPS","","Moving","44587.2","69.5","13.8","2026-08-28T07:43:41Z","Stale"
"MWYARD-DEV-0193","MWYARD-V-0193","Certification GPS-500","GPS","","Moving","44599.7","69","13.8","2026-08-28T07:43:41Z","Stale"
"MWYARD-DEV-0194","MWYARD-V-0194","Certification GPS-500","GPS","","Moving","44612.1","68.5","13.8","2026-08-28T07:43:41Z","Stale"
"MWYARD-DEV-0195","MWYARD-V-0195","Certification GPS-500","GPS","","Moving","44624.6","68","13.8","2026-08-28T07:43:41Z","Stale"
"MWYARD-DEV-0196","MWYARD-V-0196","Certification GPS-500","GPS","","Moving","131963.2","67.5","13.8","2026-08-28T07:43:41Z","Stale"
"MWYARD-DEV-0197","MWYARD-V-0197","Certification GPS-500","GPS","","Moving","131973.2","67","13.8","2026-08-28T07:43:41Z","Stale"
"MWYARD-DEV-0198","MWYARD-V-0198","Certification GPS-500","GPS","","Moving","131983.2","66.5","13.8","2026-08-28T07:43:41Z","Stale"
"MWYARD-DEV-0199","MWYARD-V-0199","Certification GPS-500","GPS","J1939 SPN-100-FMI-1","Moving","44676.3","66","13.8","2026-08-28T07:43:41Z","Stale"
"MWYARD-DEV-0200","MWYARD-V-0200","Certification GPS-500","GPS","J1939 SPN-100-FMI-1","Moving","44688.4","65.5","13.8","2026-08-28T07:43:41Z","Stale"
"NEHUB-DEV-0001","NEHUB-V-0001","Certification GPS-500","GPS","","Moving","40624.8","71.5","13.8","2026-08-28T07:43:41Z","Stale"
"NEHUB-DEV-0002","NEHUB-V-0002","Certification GPS-500","GPS","","Moving","40640.1","71","13.8","2026-08-28T07:43:41Z","Stale"
"NEHUB-DEV-0003","NEHUB-V-0003","Certification GPS-500","GPS","","Moving","40655.3","70.5","13.8","2026-08-28T07:43:41Z","Stale"
"NEHUB-DEV-0004","NEHUB-V-0004","Certification GPS-500","GPS","","Moving","40670.6","70","13.8","2026-08-28T07:43:41Z","Stale"
"NEHUB-DEV-0005","NEHUB-V-0005","Certification GPS-500","GPS","","Moving","40685.8","69.5","13.8","2026-08-28T07:43:41Z","Stale"
"NEHUB-DEV-0006","NEHUB-V-0006","Certification GPS-500","GPS","","Moving","40701.1","69","13.8","2026-08-28T07:43:41Z","Stale"
"NEHUB-DEV-0007","NEHUB-V-0007","Certification GPS-500","GPS","","Moving","40716.3","68.5","13.8","2026-08-28T07:43:41Z","Stale"
"NEHUB-DEV-0008","NEHUB-V-0008","Certification GPS-500","GPS","","Moving","40731.6","68","13.8","2026-08-28T07:43:41Z","Stale"
"NEHUB-DEV-0009","NEHUB-V-0009","Certification GPS-500","GPS","","Moving","40746.8","67.5","13.8","2026-08-28T07:43:41Z","Stale"
"NEHUB-DEV-0010","NEHUB-V-0010","Certification GPS-500","GPS","","Moving","40762.1","67","13.8","2026-08-28T07:43:41Z","Stale"
"NEHUB-DEV-0011","NEHUB-V-0011","Certification GPS-500","GPS","","Moving","40777.3","66.5","13.8","2026-08-28T07:43:41Z","Stale"
"NEHUB-DEV-0012","NEHUB-V-0012","Certification GPS-500","GPS","","Moving","40792.6","66","13.8","2026-08-28T07:43:41Z","Stale"
"NEHUB-DEV-0013","NEHUB-V-0013","Certification GPS-500","GPS","","Moving","40807.8","65.5","13.8","2026-08-28T07:43:41Z","Stale"
"NEHUB-DEV-0014","NEHUB-V-0014","Certification GPS-500","GPS","","Moving","40823.1","65","13.8","2026-08-28T07:43:41Z","Stale"
"NEHUB-DEV-0015","NEHUB-V-0015","Certification GPS-500","GPS","","Moving","40838.3","64.5","13.8","2026-08-28T07:43:41Z","Stale"
"NEHUB-DEV-0016","NEHUB-V-0016","Certification GPS-500","GPS","","Moving","40853.6","64","13.8","2026-08-28T07:43:41Z","Stale"
"NEHUB-DEV-0017","NEHUB-V-0017","Certification GPS-500","GPS","","Moving","40868.8","72","13.8","2026-08-28T07:43:41Z","Stale"
"NEHUB-DEV-0018","NEHUB-V-0018","Certification GPS-500","GPS","","Moving","40884.1","71.5","13.8","2026-08-28T07:43:41Z","Stale"
"NEHUB-DEV-0019","NEHUB-V-0019","Certification GPS-500","GPS","","Moving","40899.3","71","13.8","2026-08-28T07:43:41Z","Stale"
"NEHUB-DEV-0020","NEHUB-V-0020","Certification GPS-500","GPS","","Moving","40914.6","70.5","13.8","2026-08-28T07:43:41Z","Stale"
"NEHUB-DEV-0021","NEHUB-V-0021","Certification GPS-500","GPS","","Moving","40929.8","70","13.8","2026-08-28T07:43:41Z","Stale"
"NEHUB-DEV-0022","NEHUB-V-0022","Certification GPS-500","GPS","","Moving","40945.1","69.5","13.8","2026-08-28T07:43:41Z","Stale"
"NEHUB-DEV-0023","NEHUB-V-0023","Certification GPS-500","GPS","","Moving","40960.3","69","13.8","2026-08-28T07:43:41Z","Stale"
"NEHUB-DEV-0024","NEHUB-V-0024","Certification GPS-500","GPS","","Moving","40975.6","68.5","13.8","2026-08-28T07:43:41Z","Stale"
"NEHUB-DEV-0025","NEHUB-V-0025","Certification GPS-500","GPS","","Moving","40990.8","68","13.8","2026-08-28T07:43:41Z","Stale"
"NEHUB-DEV-0026","NEHUB-V-0026","Certification GPS-500","GPS","","Moving","41006.1","67.5","13.8","2026-08-28T07:43:41Z","Stale"
"NEHUB-DEV-0027","NEHUB-V-0027","Certification GPS-500","GPS","","Moving","41021.3","67","13.8","2026-08-28T07:43:41Z","Stale"
"NEHUB-DEV-0028","NEHUB-V-0028","Certification GPS-500","GPS","","Moving","41036.6","66.5","13.8","2026-08-28T07:43:41Z","Stale"
"NEHUB-DEV-0029","NEHUB-V-0029","Certification GPS-500","GPS","","Moving","41051.8","66","13.8","2026-08-28T07:43:41Z","Stale"
"NEHUB-DEV-0030","NEHUB-V-0030","Certification GPS-500","GPS","","Moving","41067.1","65.5","13.8","2026-08-28T07:43:41Z","Stale"
"NEHUB-DEV-0031","NEHUB-V-0031","Certification GPS-500","GPS","","Moving","41082.3","65","13.8","2026-08-28T07:43:41Z","Stale"
"NEHUB-DEV-0032","NEHUB-V-0032","Certification GPS-500","GPS","","Moving","41097.6","64.5","13.8","2026-08-28T07:43:41Z","Stale"
"NEHUB-DEV-0033","NEHUB-V-0033","Certification GPS-500","GPS","","Moving","41112.8","64","13.8","2026-08-28T07:43:41Z","Stale"
"NEHUB-DEV-0034","NEHUB-V-0034","Certification GPS-500","GPS","","Moving","41128.1","72","13.8","2026-08-28T07:43:41Z","Stale"
"NEHUB-DEV-0035","NEHUB-V-0035","Certification GPS-500","GPS","","Moving","41143.3","71.5","13.8","2026-08-28T07:43:41Z","Stale"
"NEHUB-DEV-0036","NEHUB-V-0036","Certification GPS-500","GPS","","Moving","41158.6","71","13.8","2026-08-28T07:43:41Z","Stale"
"NEHUB-DEV-0037","NEHUB-V-0037","Certification GPS-500","GPS","","Moving","41173.8","70.5","13.8","2026-08-28T07:43:41Z","Stale"
"NEHUB-DEV-0038","NEHUB-V-0038","Certification GPS-500","GPS","","Moving","41189.1","70","13.8","2026-08-28T07:43:41Z","Stale"
"NEHUB-DEV-0039","NEHUB-V-0039","Certification GPS-500","GPS","","Moving","41204.3","69.5","13.8","2026-08-28T07:43:41Z","Stale"
"NEHUB-DEV-0040","NEHUB-V-0040","Certification GPS-500","GPS","","Moving","41219.6","69","13.8","2026-08-28T07:43:41Z","Stale"
"NEHUB-DEV-0041","NEHUB-V-0041","Certification GPS-500","GPS","","Moving","41234.8","68.5","13.8","2026-08-28T07:43:41Z","Stale"
"NEHUB-DEV-0042","NEHUB-V-0042","Certification GPS-500","GPS","","Moving","41250.1","68","13.8","2026-08-28T07:43:41Z","Stale"
"NEHUB-DEV-0043","NEHUB-V-0043","Certification GPS-500","GPS","","Moving","41265.3","67.5","13.8","2026-08-28T07:43:41Z","Stale"
"NEHUB-DEV-0044","NEHUB-V-0044","Certification GPS-500","GPS","","Moving","41280.6","67","13.8","2026-08-28T07:43:41Z","Stale"
"NEHUB-DEV-0045","NEHUB-V-0045","Certification GPS-500","GPS","","Moving","41295.8","66.5","13.8","2026-08-28T07:43:41Z","Stale"
"NEHUB-DEV-0046","NEHUB-V-0046","Certification GPS-500","GPS","","Moving","41311.1","66","13.8","2026-08-28T07:43:41Z","Stale"
"NEHUB-DEV-0047","NEHUB-V-0047","Certification GPS-500","GPS","","Moving","41326.3","65.5","13.8","2026-08-28T07:43:41Z","Stale"
"NEHUB-DEV-0048","NEHUB-V-0048","Certification GPS-500","GPS","","Moving","41341.6","65","13.8","2026-08-28T07:43:41Z","Stale"
"NEHUB-DEV-0049","NEHUB-V-0049","Certification GPS-500","GPS","","Moving","41356.8","64.5","13.8","2026-08-28T07:43:41Z","Stale"
"NEHUB-DEV-0050","NEHUB-V-0050","Certification GPS-500","GPS","","Moving","41372.1","64","13.8","2026-08-28T07:43:41Z","Stale"
"NEHUB-DEV-0051","NEHUB-V-0051","Certification GPS-500","GPS","","Moving","41387.3","72","13.8","2026-08-28T07:43:41Z","Stale"
"NEHUB-DEV-0052","NEHUB-V-0052","Certification GPS-500","GPS","","Moving","41402.6","71.5","13.8","2026-08-28T07:43:41Z","Stale"
"NEHUB-DEV-0053","NEHUB-V-0053","Certification GPS-500","GPS","","Moving","41417.8","71","13.8","2026-08-28T07:43:41Z","Stale"
"NEHUB-DEV-0054","NEHUB-V-0054","Certification GPS-500","GPS","","Moving","41433.1","70.5","13.8","2026-08-28T07:43:41Z","Stale"
"NEHUB-DEV-0055","NEHUB-V-0055","Certification GPS-500","GPS","","Moving","41448.3","70","13.8","2026-08-28T07:43:41Z","Stale"
"NEHUB-DEV-0056","NEHUB-V-0056","Certification GPS-500","GPS","","Moving","41463.6","69.5","13.8","2026-08-28T07:43:41Z","Stale"
"NEHUB-DEV-0057","NEHUB-V-0057","Certification GPS-500","GPS","","Moving","41478.8","69","13.8","2026-08-28T07:43:41Z","Stale"
"NEHUB-DEV-0058","NEHUB-V-0058","Certification GPS-500","GPS","","Moving","41494.1","68.5","13.8","2026-08-28T07:43:41Z","Stale"
"NEHUB-DEV-0059","NEHUB-V-0059","Certification GPS-500","GPS","","Moving","41509.3","68","13.8","2026-08-28T07:43:41Z","Stale"
"NEHUB-DEV-0060","NEHUB-V-0060","Certification GPS-500","GPS","","Moving","41524.6","67.5","13.8","2026-08-28T07:43:41Z","Stale"
"NEHUB-DEV-0061","NEHUB-V-0061","Certification GPS-500","GPS","","Moving","41539.8","67","13.8","2026-08-28T07:43:41Z","Stale"
"NEHUB-DEV-0062","NEHUB-V-0062","Certification GPS-500","GPS","","Moving","41555.1","66.5","13.8","2026-08-28T07:43:41Z","Stale"
"NEHUB-DEV-0063","NEHUB-V-0063","Certification GPS-500","GPS","","Moving","41570.3","66","13.8","2026-08-28T07:43:41Z","Stale"
"NEHUB-DEV-0064","NEHUB-V-0064","Certification GPS-500","GPS","","Moving","41585.6","65.5","13.8","2026-08-28T07:43:41Z","Stale"
"NEHUB-DEV-0065","NEHUB-V-0065","Certification GPS-500","GPS","","Moving","41600.8","65","13.8","2026-08-28T07:43:41Z","Stale"
"NEHUB-DEV-0066","NEHUB-V-0066","Certification GPS-500","GPS","","Moving","41616.1","64.5","13.8","2026-08-28T07:43:41Z","Stale"
"NEHUB-DEV-0067","NEHUB-V-0067","Certification GPS-500","GPS","","Moving","41631.3","64","13.8","2026-08-28T07:43:41Z","Stale"
"NEHUB-DEV-0068","NEHUB-V-0068","Certification GPS-500","GPS","","Moving","41646.6","72","13.8","2026-08-28T07:43:41Z","Stale"
"NEHUB-DEV-0069","NEHUB-V-0069","Certification GPS-500","GPS","","Moving","41661.8","71.5","13.8","2026-08-28T07:43:41Z","Stale"
"NEHUB-DEV-0070","NEHUB-V-0070","Certification GPS-500","GPS","","Moving","41677.1","71","13.8","2026-08-28T07:43:41Z","Stale"
"NEHUB-DEV-0071","NEHUB-V-0071","Certification GPS-500","GPS","","Moving","41692.3","70.5","13.8","2026-08-28T07:43:41Z","Stale"
"NEHUB-DEV-0072","NEHUB-V-0072","Certification GPS-500","GPS","","Moving","41707.6","70","13.8","2026-08-28T07:43:41Z","Stale"
"NEHUB-DEV-0073","NEHUB-V-0073","Certification GPS-500","GPS","","Moving","41722.8","69.5","13.8","2026-08-28T07:43:41Z","Stale"
"NEHUB-DEV-0074","NEHUB-V-0074","Certification GPS-500","GPS","","Moving","41738.1","69","13.8","2026-08-28T07:43:41Z","Stale"
"NEHUB-DEV-0075","NEHUB-V-0075","Certification GPS-500","GPS","","Moving","41753.3","68.5","13.8","2026-08-28T07:43:41Z","Stale"
"NEHUB-DEV-0076","NEHUB-V-0076","Certification GPS-500","GPS","","Moving","41768.6","68","13.8","2026-08-28T07:43:41Z","Stale"
"NEHUB-DEV-0077","NEHUB-V-0077","Certification GPS-500","GPS","","Moving","41783.8","67.5","13.8","2026-08-28T07:43:41Z","Stale"
"NEHUB-DEV-0078","NEHUB-V-0078","Certification GPS-500","GPS","","Moving","41799.1","67","13.8","2026-08-28T07:43:41Z","Stale"
"NEHUB-DEV-0079","NEHUB-V-0079","Certification GPS-500","GPS","","Moving","41814.3","66.5","13.8","2026-08-28T07:43:41Z","Stale"
"NEHUB-DEV-0080","NEHUB-V-0080","Certification GPS-500","GPS","","Moving","41829.6","66","13.8","2026-08-28T07:43:41Z","Stale"
"NEHUB-DEV-0081","NEHUB-V-0081","Certification GPS-500","GPS","","Moving","41844.8","65.5","13.8","2026-08-28T07:43:41Z","Stale"
"NEHUB-DEV-0082","NEHUB-V-0082","Certification GPS-500","GPS","","Moving","41860.1","65","13.8","2026-08-28T07:43:41Z","Stale"
"NEHUB-DEV-0083","NEHUB-V-0083","Certification GPS-500","GPS","","Moving","41875.3","64.5","13.8","2026-08-28T07:43:41Z","Stale"
"NEHUB-DEV-0084","NEHUB-V-0084","Certification GPS-500","GPS","","Moving","41890.6","64","13.8","2026-08-28T07:43:41Z","Stale"
"NEHUB-DEV-0085","NEHUB-V-0085","Certification GPS-500","GPS","","Moving","41905.8","72","13.8","2026-08-28T07:43:41Z","Stale"
"NEHUB-DEV-0086","NEHUB-V-0086","Certification GPS-500","GPS","","Moving","41921.1","71.5","13.8","2026-08-28T07:43:41Z","Stale"
"NEHUB-DEV-0087","NEHUB-V-0087","Certification GPS-500","GPS","","Moving","41936.3","71","13.8","2026-08-28T07:43:41Z","Stale"
"NEHUB-DEV-0088","NEHUB-V-0088","Certification GPS-500","GPS","","Moving","41951.6","70.5","13.8","2026-08-28T07:43:41Z","Stale"
"NEHUB-DEV-0089","NEHUB-V-0089","Certification GPS-500","GPS","","Moving","41966.8","70","13.8","2026-08-28T07:43:41Z","Stale"
"NEHUB-DEV-0090","NEHUB-V-0090","Certification GPS-500","GPS","","Moving","41982.1","69.5","13.8","2026-08-28T07:43:41Z","Stale"
"NEHUB-DEV-0091","NEHUB-V-0091","Certification GPS-500","GPS","","Moving","41997.3","69","13.8","2026-08-28T07:43:41Z","Stale"
"NEHUB-DEV-0092","NEHUB-V-0092","Certification GPS-500","GPS","","Moving","42012.6","68.5","13.8","2026-08-28T07:43:41Z","Stale"
"NEHUB-DEV-0093","NEHUB-V-0093","Certification GPS-500","GPS","","Moving","42027.8","68","13.8","2026-08-28T07:43:41Z","Stale"
"NEHUB-DEV-0094","NEHUB-V-0094","Certification GPS-500","GPS","","Moving","42043.1","67.5","13.8","2026-08-28T07:43:41Z","Stale"
"NEHUB-DEV-0095","NEHUB-V-0095","Certification GPS-500","GPS","","Moving","42058.3","67","13.8","2026-08-28T07:43:41Z","Stale"
"NEHUB-DEV-0096","NEHUB-V-0096","Certification GPS-500","GPS","","Moving","42073.6","66.5","13.8","2026-08-28T07:43:41Z","Stale"
"NEHUB-DEV-0097","NEHUB-V-0097","Certification GPS-500","GPS","","Moving","42088.8","66","13.8","2026-08-28T07:43:41Z","Stale"
"NEHUB-DEV-0098","NEHUB-V-0098","Certification GPS-500","GPS","","Moving","42104.1","65.5","13.8","2026-08-28T07:43:41Z","Stale"
"NEHUB-DEV-0099","NEHUB-V-0099","Certification GPS-500","GPS","","Moving","42119.3","65","13.8","2026-08-28T07:43:41Z","Stale"
"NEHUB-DEV-0100","NEHUB-V-0100","Certification GPS-500","GPS","","Moving","42134.6","64.5","13.8","2026-08-28T07:43:41Z","Stale"
"NEHUB-DEV-0101","NEHUB-V-0101","Certification GPS-500","GPS","","Moving","42149.8","64","13.8","2026-08-28T07:43:41Z","Stale"
"NEHUB-DEV-0102","NEHUB-V-0102","Certification GPS-500","GPS","","Moving","42165.1","72","13.8","2026-08-28T07:43:41Z","Stale"
"NEHUB-DEV-0103","NEHUB-V-0103","Certification GPS-500","GPS","","Moving","42180.3","71.5","13.8","2026-08-28T07:43:41Z","Stale"
"NEHUB-DEV-0104","NEHUB-V-0104","Certification GPS-500","GPS","","Moving","42195.6","71","13.8","2026-08-28T07:43:41Z","Stale"
"NEHUB-DEV-0105","NEHUB-V-0105","Certification GPS-500","GPS","","Moving","42210.8","70.5","13.8","2026-08-28T07:43:41Z","Stale"
"NEHUB-DEV-0106","NEHUB-V-0106","Certification GPS-500","GPS","","Moving","42226.1","70","13.8","2026-08-28T07:43:41Z","Stale"
"NEHUB-DEV-0107","NEHUB-V-0107","Certification GPS-500","GPS","","Moving","42241.3","69.5","13.8","2026-08-28T07:43:41Z","Stale"
"NEHUB-DEV-0108","NEHUB-V-0108","Certification GPS-500","GPS","","Moving","42256.6","69","13.8","2026-08-28T07:43:41Z","Stale"
"NEHUB-DEV-0109","NEHUB-V-0109","Certification GPS-500","GPS","","Moving","42271.8","68.5","13.8","2026-08-28T07:43:41Z","Stale"
"NEHUB-DEV-0110","NEHUB-V-0110","Certification GPS-500","GPS","","Moving","42287.1","68","13.8","2026-08-28T07:43:41Z","Stale"
"NEHUB-DEV-0111","NEHUB-V-0111","Certification GPS-500","GPS","","Moving","42302.3","67.5","13.8","2026-08-28T07:43:41Z","Stale"
"NEHUB-DEV-0112","NEHUB-V-0112","Certification GPS-500","GPS","","Moving","42317.6","67","13.8","2026-08-28T07:43:41Z","Stale"
"NEHUB-DEV-0113","NEHUB-V-0113","Certification GPS-500","GPS","","Moving","42332.8","66.5","13.8","2026-08-28T07:43:41Z","Stale"
"NEHUB-DEV-0114","NEHUB-V-0114","Certification GPS-500","GPS","","Moving","42348.1","66","13.8","2026-08-28T07:43:41Z","Stale"
"NEHUB-DEV-0115","NEHUB-V-0115","Certification GPS-500","GPS","","Moving","42363.3","65.5","13.8","2026-08-28T07:43:41Z","Stale"
"NEHUB-DEV-0116","NEHUB-V-0116","Certification GPS-500","GPS","","Moving","42378.6","65","13.8","2026-08-28T07:43:41Z","Stale"
"NEHUB-DEV-0117","NEHUB-V-0117","Certification GPS-500","GPS","","Moving","42393.8","64.5","13.8","2026-08-28T07:43:41Z","Stale"
"NEHUB-DEV-0118","NEHUB-V-0118","Certification GPS-500","GPS","","Moving","42409.1","64","13.8","2026-08-28T07:43:41Z","Stale"
"NEHUB-DEV-0119","NEHUB-V-0119","Certification GPS-500","GPS","","Moving","42424.3","72","13.8","2026-08-28T07:43:41Z","Stale"
"NEHUB-DEV-0120","NEHUB-V-0120","Certification GPS-500","GPS","","Moving","42439.6","71.5","13.8","2026-08-28T07:43:41Z","Stale"
"NEHUB-DEV-0121","NEHUB-V-0121","Certification GPS-500","GPS","","Moving","42454.8","71","13.8","2026-08-28T07:43:41Z","Stale"
"NEHUB-DEV-0122","NEHUB-V-0122","Certification GPS-500","GPS","","Moving","42470.1","70.5","13.8","2026-08-28T07:43:41Z","Stale"
"NEHUB-DEV-0123","NEHUB-V-0123","Certification GPS-500","GPS","","Moving","42485.3","70","13.8","2026-08-28T07:43:41Z","Stale"
"NEHUB-DEV-0124","NEHUB-V-0124","Certification GPS-500","GPS","","Moving","42500.6","69.5","13.8","2026-08-28T07:43:41Z","Stale"
"NEHUB-DEV-0125","NEHUB-V-0125","Certification GPS-500","GPS","","Moving","42515.8","69","13.8","2026-08-28T07:43:41Z","Stale"
"NEHUB-DEV-0126","NEHUB-V-0126","Certification GPS-500","GPS","","Moving","42531.1","68.5","13.8","2026-08-28T07:43:41Z","Stale"
"NEHUB-DEV-0127","NEHUB-V-0127","Certification GPS-500","GPS","","Moving","42546.3","68","13.8","2026-08-28T07:43:41Z","Stale"
"NEHUB-DEV-0128","NEHUB-V-0128","Certification GPS-500","GPS","","Moving","42561.6","67.5","13.8","2026-08-28T07:43:41Z","Stale"
"NEHUB-DEV-0129","NEHUB-V-0129","Certification GPS-500","GPS","","Moving","42576.8","67","13.8","2026-08-28T07:43:41Z","Stale"
"NEHUB-DEV-0130","NEHUB-V-0130","Certification GPS-500","GPS","","Moving","42592.1","66.5","13.8","2026-08-28T07:43:41Z","Stale"
"NEHUB-DEV-0131","NEHUB-V-0131","Certification GPS-500","GPS","","Moving","42607.3","66","13.8","2026-08-28T07:43:41Z","Stale"
"NEHUB-DEV-0132","NEHUB-V-0132","Certification GPS-500","GPS","","Moving","42622.6","65.5","13.8","2026-08-28T07:43:41Z","Stale"
"NEHUB-DEV-0133","NEHUB-V-0133","Certification GPS-500","GPS","","Moving","42637.8","65","13.8","2026-08-28T07:43:41Z","Stale"
"NEHUB-DEV-0134","NEHUB-V-0134","Certification GPS-500","GPS","","Moving","42653.1","64.5","13.8","2026-08-28T07:43:41Z","Stale"
"NEHUB-DEV-0135","NEHUB-V-0135","Certification GPS-500","GPS","","Moving","42668.3","64","13.8","2026-08-28T07:43:41Z","Stale"
"NEHUB-DEV-0136","NEHUB-V-0136","Certification GPS-500","GPS","","Moving","42683.6","72","13.8","2026-08-28T07:43:41Z","Stale"
"NEHUB-DEV-0137","NEHUB-V-0137","Certification GPS-500","GPS","","Moving","42698.8","71.5","13.8","2026-08-28T07:43:41Z","Stale"
"NEHUB-DEV-0138","NEHUB-V-0138","Certification GPS-500","GPS","","Moving","42714.1","71","13.8","2026-08-28T07:43:41Z","Stale"
"NEHUB-DEV-0139","NEHUB-V-0139","Certification GPS-500","GPS","","Moving","42729.3","70.5","13.8","2026-08-28T07:43:41Z","Stale"
"NEHUB-DEV-0140","NEHUB-V-0140","Certification GPS-500","GPS","","Moving","42744.6","70","13.8","2026-08-28T07:43:41Z","Stale"
"NEHUB-DEV-0141","NEHUB-V-0141","Certification GPS-500","GPS","","Moving","42756.7","69.5","13.8","2026-08-28T07:38:41Z","Stale"
"NEHUB-DEV-0142","NEHUB-V-0142","Certification GPS-500","GPS","","Moving","42768.7","69","13.8","2026-08-28T07:38:41Z","Stale"
"NEHUB-DEV-0143","NEHUB-V-0143","Certification GPS-500","GPS","","Moving","42780.8","68.5","13.8","2026-08-28T07:38:41Z","Stale"
"NEHUB-DEV-0144","NEHUB-V-0144","Certification GPS-500","GPS","","Moving","42792.8","68","13.8","2026-08-28T07:38:41Z","Stale"
"NEHUB-DEV-0145","NEHUB-V-0145","Certification GPS-500","GPS","","Moving","42804.8","67.5","13.8","2026-08-28T07:38:41Z","Stale"
"NEHUB-DEV-0146","NEHUB-V-0146","Certification GPS-500","GPS","","Moving","42816.9","67","13.8","2026-08-28T07:38:41Z","Stale"
"NEHUB-DEV-0147","NEHUB-V-0147","Certification GPS-500","GPS","","Moving","42828.9","66.5","13.8","2026-08-28T07:38:41Z","Stale"
"NEHUB-DEV-0148","NEHUB-V-0148","Certification GPS-500","GPS","","Moving","42841","66","13.8","2026-08-28T07:38:41Z","Stale"
"NEHUB-DEV-0149","NEHUB-V-0149","Certification GPS-500","GPS","","Moving","42853.1","65.5","13.8","2026-08-28T07:38:41Z","Stale"
"NEHUB-DEV-0150","NEHUB-V-0150","Certification GPS-500","GPS","","Moving","42865.1","65","13.8","2026-08-28T07:38:41Z","Stale"
"NEHUB-DEV-0151","NEHUB-V-0151","Certification GPS-500","GPS","","Moving","42877.2","64.5","13.8","2026-08-28T07:38:41Z","Stale"
"NEHUB-DEV-0152","NEHUB-V-0152","Certification GPS-500","GPS","","Moving","42889.2","64","13.8","2026-08-28T07:38:41Z","Stale"
"NEHUB-DEV-0153","NEHUB-V-0153","Certification GPS-500","GPS","","Moving","42901.2","72","13.8","2026-08-28T07:38:41Z","Stale"
"NEHUB-DEV-0154","NEHUB-V-0154","Certification GPS-500","GPS","","Moving","42913.3","71.5","13.8","2026-08-28T07:38:41Z","Stale"
"NEHUB-DEV-0155","NEHUB-V-0155","Certification GPS-500","GPS","","Moving","42925.3","71","13.8","2026-08-28T07:38:41Z","Stale"
"NEHUB-DEV-0156","NEHUB-V-0156","Certification GPS-500","GPS","","Moving","42937.4","70.5","13.8","2026-08-28T07:38:41Z","Stale"
"NEHUB-DEV-0157","NEHUB-V-0157","Certification GPS-500","GPS","","Moving","42949.4","70","13.8","2026-08-28T07:38:41Z","Stale"
"NEHUB-DEV-0158","NEHUB-V-0158","Certification GPS-500","GPS","","Moving","42961.5","69.5","13.8","2026-08-28T07:38:41Z","Stale"
"NEHUB-DEV-0159","NEHUB-V-0159","Certification GPS-500","GPS","","Moving","42973.6","69","13.8","2026-08-28T07:38:41Z","Stale"
"NEHUB-DEV-0160","NEHUB-V-0160","Certification GPS-500","GPS","","Moving","42985.6","68.5","13.8","2026-08-28T07:38:41Z","Stale"
"NEHUB-DEV-0161","NEHUB-V-0161","Certification GPS-500","GPS","","Moving","42997.7","68","13.8","2026-08-28T07:21:41Z","Stale"
"NEHUB-DEV-0162","NEHUB-V-0162","Certification GPS-500","GPS","","Moving","43009.7","67.5","13.8","2026-08-28T07:21:41Z","Stale"
"NEHUB-DEV-0163","NEHUB-V-0163","Certification GPS-500","GPS","","Moving","43021.8","67","13.8","2026-08-28T07:21:41Z","Stale"
"NEHUB-DEV-0164","NEHUB-V-0164","Certification GPS-500","GPS","","Moving","43033.8","66.5","13.8","2026-08-28T07:21:41Z","Stale"
"NEHUB-DEV-0165","NEHUB-V-0165","Certification GPS-500","GPS","","Moving","43045.8","66","13.8","2026-08-28T07:21:41Z","Stale"
"NEHUB-DEV-0166","NEHUB-V-0166","Certification GPS-500","GPS","","Moving","43057.9","65.5","13.8","2026-08-28T07:21:41Z","Stale"
"NEHUB-DEV-0167","NEHUB-V-0167","Certification GPS-500","GPS","","Moving","43069.9","65","13.8","2026-08-28T07:21:41Z","Stale"
"NEHUB-DEV-0168","NEHUB-V-0168","Certification GPS-500","GPS","","Moving","43082","64.5","13.8","2026-08-28T07:21:41Z","Stale"
"NEHUB-DEV-0169","NEHUB-V-0169","Certification GPS-500","GPS","","Moving","43094.1","64","13.8","2026-08-28T07:21:41Z","Stale"
"NEHUB-DEV-0170","NEHUB-V-0170","Certification GPS-500","GPS","","Moving","43106.1","72","13.8","2026-08-28T07:21:41Z","Stale"
"NEHUB-DEV-0171","NEHUB-V-0171","Certification GPS-500","GPS","","Moving","43118.2","71.5","13.8","2026-08-28T07:21:41Z","Stale"
"NEHUB-DEV-0172","NEHUB-V-0172","Certification GPS-500","GPS","","Moving","43130.2","71","13.8","2026-08-28T07:21:41Z","Stale"
"NEHUB-DEV-0173","NEHUB-V-0173","Certification GPS-500","GPS","","Moving","43142.2","70.5","13.8","2026-08-28T07:21:41Z","Stale"
"NEHUB-DEV-0174","NEHUB-V-0174","Certification GPS-500","GPS","","Moving","43154.3","70","13.8","2026-08-28T07:21:41Z","Stale"
"NEHUB-DEV-0175","NEHUB-V-0175","Certification GPS-500","GPS","","Moving","43166.3","69.5","13.8","2026-08-28T07:21:41Z","Stale"
"NEHUB-DEV-0176","NEHUB-V-0176","Certification GPS-500","GPS","","Moving","43178","69","13.8","2026-08-28T07:26:41Z","Stale"
"NEHUB-DEV-0177","NEHUB-V-0177","Certification GPS-500","GPS","","Moving","43189.7","68.5","13.8","2026-08-28T07:26:41Z","Stale"
"NEHUB-DEV-0178","NEHUB-V-0178","Certification GPS-500","GPS","","Moving","43201.3","68","13.8","2026-08-28T07:26:41Z","Stale"
"NEHUB-DEV-0179","NEHUB-V-0179","Certification GPS-500","GPS","","Moving","43212.9","67.5","13.8","2026-08-28T07:26:41Z","Stale"
"NEHUB-DEV-0180","NEHUB-V-0180","Certification GPS-500","GPS","","Moving","43224.6","67","13.8","2026-08-28T07:26:41Z","Stale"
"NEHUB-DEV-0181","NEHUB-V-0181","Certification GPS-500","GPS","","Moving","43236.2","66.5","13.8","2026-08-28T07:26:41Z","Stale"
"NEHUB-DEV-0182","NEHUB-V-0182","Certification GPS-500","GPS","","Moving","43247.9","66","13.8","2026-08-28T07:26:41Z","Stale"
"NEHUB-DEV-0183","NEHUB-V-0183","Certification GPS-500","GPS","","Moving","43259.6","65.5","13.8","2026-08-28T07:26:41Z","Stale"
"NEHUB-DEV-0184","NEHUB-V-0184","Certification GPS-500","GPS","","Moving","43271.2","65","13.8","2026-08-28T07:26:41Z","Stale"
"NEHUB-DEV-0185","NEHUB-V-0185","Certification GPS-500","GPS","","Moving","43282.8","64.5","13.8","2026-08-28T07:26:41Z","Stale"
"NEHUB-DEV-0186","NEHUB-V-0186","Certification GPS-500","GPS","","Moving","43294.9","64","13.8","2026-08-28T07:43:41Z","Stale"
"NEHUB-DEV-0187","NEHUB-V-0187","Certification GPS-500","GPS","","Moving","43306.9","72","13.8","2026-08-28T07:43:41Z","Stale"
"NEHUB-DEV-0188","NEHUB-V-0188","Certification GPS-500","GPS","","Moving","43319","71.5","13.8","2026-08-28T07:43:41Z","Stale"
"NEHUB-DEV-0189","NEHUB-V-0189","Certification GPS-500","GPS","","Moving","43331.1","71","13.8","2026-08-28T07:43:41Z","Stale"
"NEHUB-DEV-0190","NEHUB-V-0190","Certification GPS-500","GPS","","Moving","43343.1","70.5","13.8","2026-08-28T07:43:41Z","Stale"
"NEHUB-DEV-0191","NEHUB-V-0191","Certification GPS-500","GPS","","Moving","43355.6","70","13.8","2026-08-28T07:43:41Z","Stale"
"NEHUB-DEV-0192","NEHUB-V-0192","Certification GPS-500","GPS","","Moving","43368","69.5","13.8","2026-08-28T07:43:41Z","Stale"
"NEHUB-DEV-0193","NEHUB-V-0193","Certification GPS-500","GPS","","Moving","43380.4","69","13.8","2026-08-28T07:43:41Z","Stale"
"NEHUB-DEV-0194","NEHUB-V-0194","Certification GPS-500","GPS","","Moving","43392.9","68.5","13.8","2026-08-28T07:43:41Z","Stale"
"NEHUB-DEV-0195","NEHUB-V-0195","Certification GPS-500","GPS","","Moving","43405.3","68","13.8","2026-08-28T07:43:41Z","Stale"
"NEHUB-DEV-0196","NEHUB-V-0196","Certification GPS-500","GPS","","Moving","111963.2","67.5","13.8","2026-08-28T07:43:41Z","Stale"
"NEHUB-DEV-0197","NEHUB-V-0197","Certification GPS-500","GPS","","Moving","111973.2","67","13.8","2026-08-28T07:43:41Z","Stale"
"NEHUB-DEV-0198","NEHUB-V-0198","Certification GPS-500","GPS","","Moving","111983.2","66.5","13.8","2026-08-28T07:43:41Z","Stale"
"NEHUB-DEV-0199","NEHUB-V-0199","Certification GPS-500","GPS","J1939 SPN-100-FMI-1","Moving","43457.2","66","13.8","2026-08-28T07:43:41Z","Stale"
"NEHUB-DEV-0200","NEHUB-V-0200","Certification GPS-500","GPS","J1939 SPN-100-FMI-1","Moving","43469.2","65.5","13.8","2026-08-28T07:43:41Z","Stale"
"SEDEPOT-DEV-0001","SEDEPOT-V-0001","Certification GPS-500","GPS","","Moving","41234.4","71.5","13.8","2026-08-28T07:43:41Z","Stale"
"SEDEPOT-DEV-0002","SEDEPOT-V-0002","Certification GPS-500","GPS","","Moving","41249.7","71","13.8","2026-08-28T07:43:41Z","Stale"
"SEDEPOT-DEV-0003","SEDEPOT-V-0003","Certification GPS-500","GPS","","Moving","41264.9","70.5","13.8","2026-08-28T07:43:41Z","Stale"
"SEDEPOT-DEV-0004","SEDEPOT-V-0004","Certification GPS-500","GPS","","Moving","41280.2","70","13.8","2026-08-28T07:43:41Z","Stale"
"SEDEPOT-DEV-0005","SEDEPOT-V-0005","Certification GPS-500","GPS","","Moving","41295.4","69.5","13.8","2026-08-28T07:43:41Z","Stale"
"SEDEPOT-DEV-0006","SEDEPOT-V-0006","Certification GPS-500","GPS","","Moving","41310.7","69","13.8","2026-08-28T07:43:41Z","Stale"
"SEDEPOT-DEV-0007","SEDEPOT-V-0007","Certification GPS-500","GPS","","Moving","41325.9","68.5","13.8","2026-08-28T07:43:41Z","Stale"
"SEDEPOT-DEV-0008","SEDEPOT-V-0008","Certification GPS-500","GPS","","Moving","41341.2","68","13.8","2026-08-28T07:43:41Z","Stale"
"SEDEPOT-DEV-0009","SEDEPOT-V-0009","Certification GPS-500","GPS","","Moving","41356.4","67.5","13.8","2026-08-28T07:43:41Z","Stale"
"SEDEPOT-DEV-0010","SEDEPOT-V-0010","Certification GPS-500","GPS","","Moving","41371.7","67","13.8","2026-08-28T07:43:41Z","Stale"
"SEDEPOT-DEV-0011","SEDEPOT-V-0011","Certification GPS-500","GPS","","Moving","41386.9","66.5","13.8","2026-08-28T07:43:41Z","Stale"
"SEDEPOT-DEV-0012","SEDEPOT-V-0012","Certification GPS-500","GPS","","Moving","41402.2","66","13.8","2026-08-28T07:43:41Z","Stale"
"SEDEPOT-DEV-0013","SEDEPOT-V-0013","Certification GPS-500","GPS","","Moving","41417.4","65.5","13.8","2026-08-28T07:43:41Z","Stale"
"SEDEPOT-DEV-0014","SEDEPOT-V-0014","Certification GPS-500","GPS","","Moving","41432.7","65","13.8","2026-08-28T07:43:41Z","Stale"
"SEDEPOT-DEV-0015","SEDEPOT-V-0015","Certification GPS-500","GPS","","Moving","41447.9","64.5","13.8","2026-08-28T07:43:41Z","Stale"
"SEDEPOT-DEV-0016","SEDEPOT-V-0016","Certification GPS-500","GPS","","Moving","41463.2","64","13.8","2026-08-28T07:43:41Z","Stale"
"SEDEPOT-DEV-0017","SEDEPOT-V-0017","Certification GPS-500","GPS","","Moving","41478.4","72","13.8","2026-08-28T07:43:41Z","Stale"
"SEDEPOT-DEV-0018","SEDEPOT-V-0018","Certification GPS-500","GPS","","Moving","41493.7","71.5","13.8","2026-08-28T07:43:41Z","Stale"
"SEDEPOT-DEV-0019","SEDEPOT-V-0019","Certification GPS-500","GPS","","Moving","41508.9","71","13.8","2026-08-28T07:43:41Z","Stale"
"SEDEPOT-DEV-0020","SEDEPOT-V-0020","Certification GPS-500","GPS","","Moving","41524.2","70.5","13.8","2026-08-28T07:43:41Z","Stale"
"SEDEPOT-DEV-0021","SEDEPOT-V-0021","Certification GPS-500","GPS","","Moving","41539.4","70","13.8","2026-08-28T07:43:41Z","Stale"
"SEDEPOT-DEV-0022","SEDEPOT-V-0022","Certification GPS-500","GPS","","Moving","41554.7","69.5","13.8","2026-08-28T07:43:41Z","Stale"
"SEDEPOT-DEV-0023","SEDEPOT-V-0023","Certification GPS-500","GPS","","Moving","41569.9","69","13.8","2026-08-28T07:43:41Z","Stale"
"SEDEPOT-DEV-0024","SEDEPOT-V-0024","Certification GPS-500","GPS","","Moving","41585.2","68.5","13.8","2026-08-28T07:43:41Z","Stale"
"SEDEPOT-DEV-0025","SEDEPOT-V-0025","Certification GPS-500","GPS","","Moving","41600.4","68","13.8","2026-08-28T07:43:41Z","Stale"
"SEDEPOT-DEV-0026","SEDEPOT-V-0026","Certification GPS-500","GPS","","Moving","41615.7","67.5","13.8","2026-08-28T07:43:41Z","Stale"
"SEDEPOT-DEV-0027","SEDEPOT-V-0027","Certification GPS-500","GPS","","Moving","41630.9","67","13.8","2026-08-28T07:43:41Z","Stale"
"SEDEPOT-DEV-0028","SEDEPOT-V-0028","Certification GPS-500","GPS","","Moving","41646.2","66.5","13.8","2026-08-28T07:43:41Z","Stale"
"SEDEPOT-DEV-0029","SEDEPOT-V-0029","Certification GPS-500","GPS","","Moving","41661.4","66","13.8","2026-08-28T07:43:41Z","Stale"
"SEDEPOT-DEV-0030","SEDEPOT-V-0030","Certification GPS-500","GPS","","Moving","41676.7","65.5","13.8","2026-08-28T07:43:41Z","Stale"
"SEDEPOT-DEV-0031","SEDEPOT-V-0031","Certification GPS-500","GPS","","Moving","41691.9","65","13.8","2026-08-28T07:43:41Z","Stale"
"SEDEPOT-DEV-0032","SEDEPOT-V-0032","Certification GPS-500","GPS","","Moving","41707.2","64.5","13.8","2026-08-28T07:43:41Z","Stale"
"SEDEPOT-DEV-0033","SEDEPOT-V-0033","Certification GPS-500","GPS","","Moving","41722.4","64","13.8","2026-08-28T07:43:41Z","Stale"
"SEDEPOT-DEV-0034","SEDEPOT-V-0034","Certification GPS-500","GPS","","Moving","41737.7","72","13.8","2026-08-28T07:43:41Z","Stale"
"SEDEPOT-DEV-0035","SEDEPOT-V-0035","Certification GPS-500","GPS","","Moving","41752.9","71.5","13.8","2026-08-28T07:43:41Z","Stale"
"SEDEPOT-DEV-0036","SEDEPOT-V-0036","Certification GPS-500","GPS","","Moving","41768.2","71","13.8","2026-08-28T07:43:41Z","Stale"
"SEDEPOT-DEV-0037","SEDEPOT-V-0037","Certification GPS-500","GPS","","Moving","41783.4","70.5","13.8","2026-08-28T07:43:41Z","Stale"
"SEDEPOT-DEV-0038","SEDEPOT-V-0038","Certification GPS-500","GPS","","Moving","41798.7","70","13.8","2026-08-28T07:43:41Z","Stale"
"SEDEPOT-DEV-0039","SEDEPOT-V-0039","Certification GPS-500","GPS","","Moving","41813.9","69.5","13.8","2026-08-28T07:43:41Z","Stale"
"SEDEPOT-DEV-0040","SEDEPOT-V-0040","Certification GPS-500","GPS","","Moving","41829.2","69","13.8","2026-08-28T07:43:41Z","Stale"
"SEDEPOT-DEV-0041","SEDEPOT-V-0041","Certification GPS-500","GPS","","Moving","41844.4","68.5","13.8","2026-08-28T07:43:41Z","Stale"
"SEDEPOT-DEV-0042","SEDEPOT-V-0042","Certification GPS-500","GPS","","Moving","41859.7","68","13.8","2026-08-28T07:43:41Z","Stale"
"SEDEPOT-DEV-0043","SEDEPOT-V-0043","Certification GPS-500","GPS","","Moving","41874.9","67.5","13.8","2026-08-28T07:43:41Z","Stale"
"SEDEPOT-DEV-0044","SEDEPOT-V-0044","Certification GPS-500","GPS","","Moving","41890.2","67","13.8","2026-08-28T07:43:41Z","Stale"
"SEDEPOT-DEV-0045","SEDEPOT-V-0045","Certification GPS-500","GPS","","Moving","41905.4","66.5","13.8","2026-08-28T07:43:41Z","Stale"
"SEDEPOT-DEV-0046","SEDEPOT-V-0046","Certification GPS-500","GPS","","Moving","41920.7","66","13.8","2026-08-28T07:43:41Z","Stale"
"SEDEPOT-DEV-0047","SEDEPOT-V-0047","Certification GPS-500","GPS","","Moving","41935.9","65.5","13.8","2026-08-28T07:43:41Z","Stale"
"SEDEPOT-DEV-0048","SEDEPOT-V-0048","Certification GPS-500","GPS","","Moving","41951.2","65","13.8","2026-08-28T07:43:41Z","Stale"
"SEDEPOT-DEV-0049","SEDEPOT-V-0049","Certification GPS-500","GPS","","Moving","41966.4","64.5","13.8","2026-08-28T07:43:41Z","Stale"
"SEDEPOT-DEV-0050","SEDEPOT-V-0050","Certification GPS-500","GPS","","Moving","41981.7","64","13.8","2026-08-28T07:43:41Z","Stale"
"SEDEPOT-DEV-0051","SEDEPOT-V-0051","Certification GPS-500","GPS","","Moving","41996.9","72","13.8","2026-08-28T07:43:41Z","Stale"
"SEDEPOT-DEV-0052","SEDEPOT-V-0052","Certification GPS-500","GPS","","Moving","42012.2","71.5","13.8","2026-08-28T07:43:41Z","Stale"
"SEDEPOT-DEV-0053","SEDEPOT-V-0053","Certification GPS-500","GPS","","Moving","42027.4","71","13.8","2026-08-28T07:43:41Z","Stale"
"SEDEPOT-DEV-0054","SEDEPOT-V-0054","Certification GPS-500","GPS","","Moving","42042.7","70.5","13.8","2026-08-28T07:43:41Z","Stale"
"SEDEPOT-DEV-0055","SEDEPOT-V-0055","Certification GPS-500","GPS","","Moving","42057.9","70","13.8","2026-08-28T07:43:41Z","Stale"
"SEDEPOT-DEV-0056","SEDEPOT-V-0056","Certification GPS-500","GPS","","Moving","42073.2","69.5","13.8","2026-08-28T07:43:41Z","Stale"
"SEDEPOT-DEV-0057","SEDEPOT-V-0057","Certification GPS-500","GPS","","Moving","42088.4","69","13.8","2026-08-28T07:43:41Z","Stale"
"SEDEPOT-DEV-0058","SEDEPOT-V-0058","Certification GPS-500","GPS","","Moving","42103.7","68.5","13.8","2026-08-28T07:43:41Z","Stale"
"SEDEPOT-DEV-0059","SEDEPOT-V-0059","Certification GPS-500","GPS","","Moving","42118.9","68","13.8","2026-08-28T07:43:41Z","Stale"
"SEDEPOT-DEV-0060","SEDEPOT-V-0060","Certification GPS-500","GPS","","Moving","42134.2","67.5","13.8","2026-08-28T07:43:41Z","Stale"
"SEDEPOT-DEV-0061","SEDEPOT-V-0061","Certification GPS-500","GPS","","Moving","42149.4","67","13.8","2026-08-28T07:43:41Z","Stale"
"SEDEPOT-DEV-0062","SEDEPOT-V-0062","Certification GPS-500","GPS","","Moving","42164.7","66.5","13.8","2026-08-28T07:43:41Z","Stale"
"SEDEPOT-DEV-0063","SEDEPOT-V-0063","Certification GPS-500","GPS","","Moving","42179.9","66","13.8","2026-08-28T07:43:41Z","Stale"
"SEDEPOT-DEV-0064","SEDEPOT-V-0064","Certification GPS-500","GPS","","Moving","42195.2","65.5","13.8","2026-08-28T07:43:41Z","Stale"
"SEDEPOT-DEV-0065","SEDEPOT-V-0065","Certification GPS-500","GPS","","Moving","42210.4","65","13.8","2026-08-28T07:43:41Z","Stale"
"SEDEPOT-DEV-0066","SEDEPOT-V-0066","Certification GPS-500","GPS","","Moving","42225.7","64.5","13.8","2026-08-28T07:43:41Z","Stale"
"SEDEPOT-DEV-0067","SEDEPOT-V-0067","Certification GPS-500","GPS","","Moving","42240.9","64","13.8","2026-08-28T07:43:41Z","Stale"
"SEDEPOT-DEV-0068","SEDEPOT-V-0068","Certification GPS-500","GPS","","Moving","42256.2","72","13.8","2026-08-28T07:43:41Z","Stale"
"SEDEPOT-DEV-0069","SEDEPOT-V-0069","Certification GPS-500","GPS","","Moving","42271.4","71.5","13.8","2026-08-28T07:43:41Z","Stale"
"SEDEPOT-DEV-0070","SEDEPOT-V-0070","Certification GPS-500","GPS","","Moving","42286.7","71","13.8","2026-08-28T07:43:41Z","Stale"
"SEDEPOT-DEV-0071","SEDEPOT-V-0071","Certification GPS-500","GPS","","Moving","42301.9","70.5","13.8","2026-08-28T07:43:41Z","Stale"
"SEDEPOT-DEV-0072","SEDEPOT-V-0072","Certification GPS-500","GPS","","Moving","42317.2","70","13.8","2026-08-28T07:43:41Z","Stale"
"SEDEPOT-DEV-0073","SEDEPOT-V-0073","Certification GPS-500","GPS","","Moving","42332.4","69.5","13.8","2026-08-28T07:43:41Z","Stale"
"SEDEPOT-DEV-0074","SEDEPOT-V-0074","Certification GPS-500","GPS","","Moving","42347.7","69","13.8","2026-08-28T07:43:41Z","Stale"
"SEDEPOT-DEV-0075","SEDEPOT-V-0075","Certification GPS-500","GPS","","Moving","42362.9","68.5","13.8","2026-08-28T07:43:41Z","Stale"
"SEDEPOT-DEV-0076","SEDEPOT-V-0076","Certification GPS-500","GPS","","Moving","42378.2","68","13.8","2026-08-28T07:43:41Z","Stale"
"SEDEPOT-DEV-0077","SEDEPOT-V-0077","Certification GPS-500","GPS","","Moving","42393.4","67.5","13.8","2026-08-28T07:43:41Z","Stale"
"SEDEPOT-DEV-0078","SEDEPOT-V-0078","Certification GPS-500","GPS","","Moving","42408.7","67","13.8","2026-08-28T07:43:41Z","Stale"
"SEDEPOT-DEV-0079","SEDEPOT-V-0079","Certification GPS-500","GPS","","Moving","42423.9","66.5","13.8","2026-08-28T07:43:41Z","Stale"
"SEDEPOT-DEV-0080","SEDEPOT-V-0080","Certification GPS-500","GPS","","Moving","42439.2","66","13.8","2026-08-28T07:43:41Z","Stale"
"SEDEPOT-DEV-0081","SEDEPOT-V-0081","Certification GPS-500","GPS","","Moving","42454.4","65.5","13.8","2026-08-28T07:43:41Z","Stale"
"SEDEPOT-DEV-0082","SEDEPOT-V-0082","Certification GPS-500","GPS","","Moving","42469.7","65","13.8","2026-08-28T07:43:41Z","Stale"
"SEDEPOT-DEV-0083","SEDEPOT-V-0083","Certification GPS-500","GPS","","Moving","42484.9","64.5","13.8","2026-08-28T07:43:41Z","Stale"
"SEDEPOT-DEV-0084","SEDEPOT-V-0084","Certification GPS-500","GPS","","Moving","42500.2","64","13.8","2026-08-28T07:43:41Z","Stale"
"SEDEPOT-DEV-0085","SEDEPOT-V-0085","Certification GPS-500","GPS","","Moving","42515.4","72","13.8","2026-08-28T07:43:41Z","Stale"
"SEDEPOT-DEV-0086","SEDEPOT-V-0086","Certification GPS-500","GPS","","Moving","42530.7","71.5","13.8","2026-08-28T07:43:41Z","Stale"
"SEDEPOT-DEV-0087","SEDEPOT-V-0087","Certification GPS-500","GPS","","Moving","42545.9","71","13.8","2026-08-28T07:43:41Z","Stale"
"SEDEPOT-DEV-0088","SEDEPOT-V-0088","Certification GPS-500","GPS","","Moving","42561.2","70.5","13.8","2026-08-28T07:43:41Z","Stale"
"SEDEPOT-DEV-0089","SEDEPOT-V-0089","Certification GPS-500","GPS","","Moving","42576.4","70","13.8","2026-08-28T07:43:41Z","Stale"
"SEDEPOT-DEV-0090","SEDEPOT-V-0090","Certification GPS-500","GPS","","Moving","42591.7","69.5","13.8","2026-08-28T07:43:41Z","Stale"
"SEDEPOT-DEV-0091","SEDEPOT-V-0091","Certification GPS-500","GPS","","Moving","42606.9","69","13.8","2026-08-28T07:43:41Z","Stale"
"SEDEPOT-DEV-0092","SEDEPOT-V-0092","Certification GPS-500","GPS","","Moving","42622.2","68.5","13.8","2026-08-28T07:43:41Z","Stale"
"SEDEPOT-DEV-0093","SEDEPOT-V-0093","Certification GPS-500","GPS","","Moving","42637.4","68","13.8","2026-08-28T07:43:41Z","Stale"
"SEDEPOT-DEV-0094","SEDEPOT-V-0094","Certification GPS-500","GPS","","Moving","42652.7","67.5","13.8","2026-08-28T07:43:41Z","Stale"
"SEDEPOT-DEV-0095","SEDEPOT-V-0095","Certification GPS-500","GPS","","Moving","42667.9","67","13.8","2026-08-28T07:43:41Z","Stale"
"SEDEPOT-DEV-0096","SEDEPOT-V-0096","Certification GPS-500","GPS","","Moving","42683.2","66.5","13.8","2026-08-28T07:43:41Z","Stale"
"SEDEPOT-DEV-0097","SEDEPOT-V-0097","Certification GPS-500","GPS","","Moving","42698.4","66","13.8","2026-08-28T07:43:41Z","Stale"
"SEDEPOT-DEV-0098","SEDEPOT-V-0098","Certification GPS-500","GPS","","Moving","42713.7","65.5","13.8","2026-08-28T07:43:41Z","Stale"
"SEDEPOT-DEV-0099","SEDEPOT-V-0099","Certification GPS-500","GPS","","Moving","42728.9","65","13.8","2026-08-28T07:43:41Z","Stale"
"SEDEPOT-DEV-0100","SEDEPOT-V-0100","Certification GPS-500","GPS","","Moving","42744.2","64.5","13.8","2026-08-28T07:43:41Z","Stale"
"SEDEPOT-DEV-0101","SEDEPOT-V-0101","Certification GPS-500","GPS","","Moving","42759.4","64","13.8","2026-08-28T07:43:41Z","Stale"
"SEDEPOT-DEV-0102","SEDEPOT-V-0102","Certification GPS-500","GPS","","Moving","42774.7","72","13.8","2026-08-28T07:43:41Z","Stale"
"SEDEPOT-DEV-0103","SEDEPOT-V-0103","Certification GPS-500","GPS","","Moving","42789.9","71.5","13.8","2026-08-28T07:43:41Z","Stale"
"SEDEPOT-DEV-0104","SEDEPOT-V-0104","Certification GPS-500","GPS","","Moving","42805.2","71","13.8","2026-08-28T07:43:41Z","Stale"
"SEDEPOT-DEV-0105","SEDEPOT-V-0105","Certification GPS-500","GPS","","Moving","42820.4","70.5","13.8","2026-08-28T07:43:41Z","Stale"
"SEDEPOT-DEV-0106","SEDEPOT-V-0106","Certification GPS-500","GPS","","Moving","42835.7","70","13.8","2026-08-28T07:43:41Z","Stale"
"SEDEPOT-DEV-0107","SEDEPOT-V-0107","Certification GPS-500","GPS","","Moving","42850.9","69.5","13.8","2026-08-28T07:43:41Z","Stale"
"SEDEPOT-DEV-0108","SEDEPOT-V-0108","Certification GPS-500","GPS","","Moving","42866.2","69","13.8","2026-08-28T07:43:41Z","Stale"
"SEDEPOT-DEV-0109","SEDEPOT-V-0109","Certification GPS-500","GPS","","Moving","42881.4","68.5","13.8","2026-08-28T07:43:41Z","Stale"
"SEDEPOT-DEV-0110","SEDEPOT-V-0110","Certification GPS-500","GPS","","Moving","42896.7","68","13.8","2026-08-28T07:43:41Z","Stale"
"SEDEPOT-DEV-0111","SEDEPOT-V-0111","Certification GPS-500","GPS","","Moving","42911.9","67.5","13.8","2026-08-28T07:43:41Z","Stale"
"SEDEPOT-DEV-0112","SEDEPOT-V-0112","Certification GPS-500","GPS","","Moving","42927.2","67","13.8","2026-08-28T07:43:41Z","Stale"
"SEDEPOT-DEV-0113","SEDEPOT-V-0113","Certification GPS-500","GPS","","Moving","42942.4","66.5","13.8","2026-08-28T07:43:41Z","Stale"
"SEDEPOT-DEV-0114","SEDEPOT-V-0114","Certification GPS-500","GPS","","Moving","42957.7","66","13.8","2026-08-28T07:43:41Z","Stale"
"SEDEPOT-DEV-0115","SEDEPOT-V-0115","Certification GPS-500","GPS","","Moving","42972.9","65.5","13.8","2026-08-28T07:43:41Z","Stale"
"SEDEPOT-DEV-0116","SEDEPOT-V-0116","Certification GPS-500","GPS","","Moving","42988.2","65","13.8","2026-08-28T07:43:41Z","Stale"
"SEDEPOT-DEV-0117","SEDEPOT-V-0117","Certification GPS-500","GPS","","Moving","43003.4","64.5","13.8","2026-08-28T07:43:41Z","Stale"
"SEDEPOT-DEV-0118","SEDEPOT-V-0118","Certification GPS-500","GPS","","Moving","43018.7","64","13.8","2026-08-28T07:43:41Z","Stale"
"SEDEPOT-DEV-0119","SEDEPOT-V-0119","Certification GPS-500","GPS","","Moving","43033.9","72","13.8","2026-08-28T07:43:41Z","Stale"
"SEDEPOT-DEV-0120","SEDEPOT-V-0120","Certification GPS-500","GPS","","Moving","43049.2","71.5","13.8","2026-08-28T07:43:41Z","Stale"
"SEDEPOT-DEV-0121","SEDEPOT-V-0121","Certification GPS-500","GPS","","Moving","43064.4","71","13.8","2026-08-28T07:43:41Z","Stale"
"SEDEPOT-DEV-0122","SEDEPOT-V-0122","Certification GPS-500","GPS","","Moving","43079.7","70.5","13.8","2026-08-28T07:43:41Z","Stale"
"SEDEPOT-DEV-0123","SEDEPOT-V-0123","Certification GPS-500","GPS","","Moving","43094.9","70","13.8","2026-08-28T07:43:41Z","Stale"
"SEDEPOT-DEV-0124","SEDEPOT-V-0124","Certification GPS-500","GPS","","Moving","43110.2","69.5","13.8","2026-08-28T07:43:41Z","Stale"
"SEDEPOT-DEV-0125","SEDEPOT-V-0125","Certification GPS-500","GPS","","Moving","43125.4","69","13.8","2026-08-28T07:43:41Z","Stale"
"SEDEPOT-DEV-0126","SEDEPOT-V-0126","Certification GPS-500","GPS","","Moving","43140.7","68.5","13.8","2026-08-28T07:43:41Z","Stale"
"SEDEPOT-DEV-0127","SEDEPOT-V-0127","Certification GPS-500","GPS","","Moving","43155.9","68","13.8","2026-08-28T07:43:41Z","Stale"
"SEDEPOT-DEV-0128","SEDEPOT-V-0128","Certification GPS-500","GPS","","Moving","43171.2","67.5","13.8","2026-08-28T07:43:41Z","Stale"
"SEDEPOT-DEV-0129","SEDEPOT-V-0129","Certification GPS-500","GPS","","Moving","43186.4","67","13.8","2026-08-28T07:43:41Z","Stale"
"SEDEPOT-DEV-0130","SEDEPOT-V-0130","Certification GPS-500","GPS","","Moving","43201.7","66.5","13.8","2026-08-28T07:43:41Z","Stale"
"SEDEPOT-DEV-0131","SEDEPOT-V-0131","Certification GPS-500","GPS","","Moving","43216.9","66","13.8","2026-08-28T07:43:41Z","Stale"
"SEDEPOT-DEV-0132","SEDEPOT-V-0132","Certification GPS-500","GPS","","Moving","43232.2","65.5","13.8","2026-08-28T07:43:41Z","Stale"
"SEDEPOT-DEV-0133","SEDEPOT-V-0133","Certification GPS-500","GPS","","Moving","43247.4","65","13.8","2026-08-28T07:43:41Z","Stale"
"SEDEPOT-DEV-0134","SEDEPOT-V-0134","Certification GPS-500","GPS","","Moving","43262.7","64.5","13.8","2026-08-28T07:43:41Z","Stale"
"SEDEPOT-DEV-0135","SEDEPOT-V-0135","Certification GPS-500","GPS","","Moving","43277.9","64","13.8","2026-08-28T07:43:41Z","Stale"
"SEDEPOT-DEV-0136","SEDEPOT-V-0136","Certification GPS-500","GPS","","Moving","43293.2","72","13.8","2026-08-28T07:43:41Z","Stale"
"SEDEPOT-DEV-0137","SEDEPOT-V-0137","Certification GPS-500","GPS","","Moving","43308.4","71.5","13.8","2026-08-28T07:43:41Z","Stale"
"SEDEPOT-DEV-0138","SEDEPOT-V-0138","Certification GPS-500","GPS","","Moving","43323.7","71","13.8","2026-08-28T07:43:41Z","Stale"
"SEDEPOT-DEV-0139","SEDEPOT-V-0139","Certification GPS-500","GPS","","Moving","43338.9","70.5","13.8","2026-08-28T07:43:41Z","Stale"
"SEDEPOT-DEV-0140","SEDEPOT-V-0140","Certification GPS-500","GPS","","Moving","43354.2","70","13.8","2026-08-28T07:43:41Z","Stale"
"SEDEPOT-DEV-0141","SEDEPOT-V-0141","Certification GPS-500","GPS","","Moving","43366.2","69.5","13.8","2026-08-28T07:38:41Z","Stale"
"SEDEPOT-DEV-0142","SEDEPOT-V-0142","Certification GPS-500","GPS","","Moving","43378.3","69","13.8","2026-08-28T07:38:41Z","Stale"
"SEDEPOT-DEV-0143","SEDEPOT-V-0143","Certification GPS-500","GPS","","Moving","43390.3","68.5","13.8","2026-08-28T07:38:41Z","Stale"
"SEDEPOT-DEV-0144","SEDEPOT-V-0144","Certification GPS-500","GPS","","Moving","43402.4","68","13.8","2026-08-28T07:38:41Z","Stale"
"SEDEPOT-DEV-0145","SEDEPOT-V-0145","Certification GPS-500","GPS","","Moving","43414.4","67.5","13.8","2026-08-28T07:38:41Z","Stale"
"SEDEPOT-DEV-0146","SEDEPOT-V-0146","Certification GPS-500","GPS","","Moving","43426.5","67","13.8","2026-08-28T07:38:41Z","Stale"
"SEDEPOT-DEV-0147","SEDEPOT-V-0147","Certification GPS-500","GPS","","Moving","43438.6","66.5","13.8","2026-08-28T07:38:41Z","Stale"
"SEDEPOT-DEV-0148","SEDEPOT-V-0148","Certification GPS-500","GPS","","Moving","43450.6","66","13.8","2026-08-28T07:38:41Z","Stale"
"SEDEPOT-DEV-0149","SEDEPOT-V-0149","Certification GPS-500","GPS","","Moving","43462.7","65.5","13.8","2026-08-28T07:38:41Z","Stale"
"SEDEPOT-DEV-0150","SEDEPOT-V-0150","Certification GPS-500","GPS","","Moving","43474.7","65","13.8","2026-08-28T07:38:41Z","Stale"
"SEDEPOT-DEV-0151","SEDEPOT-V-0151","Certification GPS-500","GPS","","Moving","43486.8","64.5","13.8","2026-08-28T07:38:41Z","Stale"
"SEDEPOT-DEV-0152","SEDEPOT-V-0152","Certification GPS-500","GPS","","Moving","43498.8","64","13.8","2026-08-28T07:38:41Z","Stale"
"SEDEPOT-DEV-0153","SEDEPOT-V-0153","Certification GPS-500","GPS","","Moving","43510.8","72","13.8","2026-08-28T07:38:41Z","Stale"
"SEDEPOT-DEV-0154","SEDEPOT-V-0154","Certification GPS-500","GPS","","Moving","43522.9","71.5","13.8","2026-08-28T07:38:41Z","Stale"
"SEDEPOT-DEV-0155","SEDEPOT-V-0155","Certification GPS-500","GPS","","Moving","43534.9","71","13.8","2026-08-28T07:38:41Z","Stale"
"SEDEPOT-DEV-0156","SEDEPOT-V-0156","Certification GPS-500","GPS","","Moving","43547","70.5","13.8","2026-08-28T07:38:41Z","Stale"
"SEDEPOT-DEV-0157","SEDEPOT-V-0157","Certification GPS-500","GPS","","Moving","43559.1","70","13.8","2026-08-28T07:38:41Z","Stale"
"SEDEPOT-DEV-0158","SEDEPOT-V-0158","Certification GPS-500","GPS","","Moving","43571.1","69.5","13.8","2026-08-28T07:38:41Z","Stale"
"SEDEPOT-DEV-0159","SEDEPOT-V-0159","Certification GPS-500","GPS","","Moving","43583.2","69","13.8","2026-08-28T07:38:41Z","Stale"
"SEDEPOT-DEV-0160","SEDEPOT-V-0160","Certification GPS-500","GPS","","Moving","43595.2","68.5","13.8","2026-08-28T07:38:41Z","Stale"
"SEDEPOT-DEV-0161","SEDEPOT-V-0161","Certification GPS-500","GPS","","Moving","43607.2","68","13.8","2026-08-28T07:21:41Z","Stale"
"SEDEPOT-DEV-0162","SEDEPOT-V-0162","Certification GPS-500","GPS","","Moving","43619.3","67.5","13.8","2026-08-28T07:21:41Z","Stale"
"SEDEPOT-DEV-0163","SEDEPOT-V-0163","Certification GPS-500","GPS","","Moving","43631.3","67","13.8","2026-08-28T07:21:41Z","Stale"
"SEDEPOT-DEV-0164","SEDEPOT-V-0164","Certification GPS-500","GPS","","Moving","43643.4","66.5","13.8","2026-08-28T07:21:41Z","Stale"
"SEDEPOT-DEV-0165","SEDEPOT-V-0165","Certification GPS-500","GPS","","Moving","43655.4","66","13.8","2026-08-28T07:21:41Z","Stale"
"SEDEPOT-DEV-0166","SEDEPOT-V-0166","Certification GPS-500","GPS","","Moving","43667.5","65.5","13.8","2026-08-28T07:21:41Z","Stale"
"SEDEPOT-DEV-0167","SEDEPOT-V-0167","Certification GPS-500","GPS","","Moving","43679.6","65","13.8","2026-08-28T07:21:41Z","Stale"
"SEDEPOT-DEV-0168","SEDEPOT-V-0168","Certification GPS-500","GPS","","Moving","43691.6","64.5","13.8","2026-08-28T07:21:41Z","Stale"
"SEDEPOT-DEV-0169","SEDEPOT-V-0169","Certification GPS-500","GPS","","Moving","43703.7","64","13.8","2026-08-28T07:21:41Z","Stale"
"SEDEPOT-DEV-0170","SEDEPOT-V-0170","Certification GPS-500","GPS","","Moving","43715.7","72","13.8","2026-08-28T07:21:41Z","Stale"
"SEDEPOT-DEV-0171","SEDEPOT-V-0171","Certification GPS-500","GPS","","Moving","43727.8","71.5","13.8","2026-08-28T07:21:41Z","Stale"
"SEDEPOT-DEV-0172","SEDEPOT-V-0172","Certification GPS-500","GPS","","Moving","43739.8","71","13.8","2026-08-28T07:21:41Z","Stale"
"SEDEPOT-DEV-0173","SEDEPOT-V-0173","Certification GPS-500","GPS","","Moving","43751.8","70.5","13.8","2026-08-28T07:21:41Z","Stale"
"SEDEPOT-DEV-0174","SEDEPOT-V-0174","Certification GPS-500","GPS","","Moving","43763.9","70","13.8","2026-08-28T07:21:41Z","Stale"
"SEDEPOT-DEV-0175","SEDEPOT-V-0175","Certification GPS-500","GPS","","Moving","43775.9","69.5","13.8","2026-08-28T07:21:41Z","Stale"
"SEDEPOT-DEV-0176","SEDEPOT-V-0176","Certification GPS-500","GPS","","Moving","43787.6","69","13.8","2026-08-28T07:26:41Z","Stale"
"SEDEPOT-DEV-0177","SEDEPOT-V-0177","Certification GPS-500","GPS","","Moving","43799.2","68.5","13.8","2026-08-28T07:26:41Z","Stale"
"SEDEPOT-DEV-0178","SEDEPOT-V-0178","Certification GPS-500","GPS","","Moving","43810.9","68","13.8","2026-08-28T07:26:41Z","Stale"
"SEDEPOT-DEV-0179","SEDEPOT-V-0179","Certification GPS-500","GPS","","Moving","43822.6","67.5","13.8","2026-08-28T07:26:41Z","Stale"
"SEDEPOT-DEV-0180","SEDEPOT-V-0180","Certification GPS-500","GPS","","Moving","43834.2","67","13.8","2026-08-28T07:26:41Z","Stale"
"SEDEPOT-DEV-0181","SEDEPOT-V-0181","Certification GPS-500","GPS","","Moving","43845.8","66.5","13.8","2026-08-28T07:26:41Z","Stale"
"SEDEPOT-DEV-0182","SEDEPOT-V-0182","Certification GPS-500","GPS","","Moving","43857.5","66","13.8","2026-08-28T07:26:41Z","Stale"
"SEDEPOT-DEV-0183","SEDEPOT-V-0183","Certification GPS-500","GPS","","Moving","43869.2","65.5","13.8","2026-08-28T07:26:41Z","Stale"
"SEDEPOT-DEV-0184","SEDEPOT-V-0184","Certification GPS-500","GPS","","Moving","43880.8","65","13.8","2026-08-28T07:26:41Z","Stale"
"SEDEPOT-DEV-0185","SEDEPOT-V-0185","Certification GPS-500","GPS","","Moving","43892.4","64.5","13.8","2026-08-28T07:26:41Z","Stale"
"SEDEPOT-DEV-0186","SEDEPOT-V-0186","Certification GPS-500","GPS","","Moving","43904.5","64","13.8","2026-08-28T07:43:41Z","Stale"
"SEDEPOT-DEV-0187","SEDEPOT-V-0187","Certification GPS-500","GPS","","Moving","43916.6","72","13.8","2026-08-28T07:43:41Z","Stale"
"SEDEPOT-DEV-0188","SEDEPOT-V-0188","Certification GPS-500","GPS","","Moving","43928.6","71.5","13.8","2026-08-28T07:43:41Z","Stale"
"SEDEPOT-DEV-0189","SEDEPOT-V-0189","Certification GPS-500","GPS","","Moving","43940.7","71","13.8","2026-08-28T07:43:41Z","Stale"
"SEDEPOT-DEV-0190","SEDEPOT-V-0190","Certification GPS-500","GPS","","Moving","43952.7","70.5","13.8","2026-08-28T07:43:41Z","Stale"
"SEDEPOT-DEV-0191","SEDEPOT-V-0191","Certification GPS-500","GPS","","Moving","43965.2","70","13.8","2026-08-28T07:43:41Z","Stale"
"SEDEPOT-DEV-0192","SEDEPOT-V-0192","Certification GPS-500","GPS","","Moving","43977.6","69.5","13.8","2026-08-28T07:43:41Z","Stale"
"SEDEPOT-DEV-0193","SEDEPOT-V-0193","Certification GPS-500","GPS","","Moving","43990.1","69","13.8","2026-08-28T07:43:41Z","Stale"
"SEDEPOT-DEV-0194","SEDEPOT-V-0194","Certification GPS-500","GPS","","Moving","44002.5","68.5","13.8","2026-08-28T07:43:41Z","Stale"
"SEDEPOT-DEV-0195","SEDEPOT-V-0195","Certification GPS-500","GPS","","Moving","44014.9","68","13.8","2026-08-28T07:43:41Z","Stale"
"SEDEPOT-DEV-0196","SEDEPOT-V-0196","Certification GPS-500","GPS","","Moving","121963.2","67.5","13.8","2026-08-28T07:43:41Z","Stale"
"SEDEPOT-DEV-0197","SEDEPOT-V-0197","Certification GPS-500","GPS","","Moving","121973.2","67","13.8","2026-08-28T07:43:41Z","Stale"
"SEDEPOT-DEV-0198","SEDEPOT-V-0198","Certification GPS-500","GPS","","Moving","121983.2","66.5","13.8","2026-08-28T07:43:41Z","Stale"
"SEDEPOT-DEV-0199","SEDEPOT-V-0199","Certification GPS-500","GPS","J1939 SPN-100-FMI-1","Moving","44066.8","66","13.8","2026-08-28T07:43:41Z","Stale"
"SEDEPOT-DEV-0200","SEDEPOT-V-0200","Certification GPS-500","GPS","J1939 SPN-100-FMI-1","Moving","44078.8","65.5","13.8","2026-08-28T07:43:41Z","Stale"
"WESTHUB-DEV-0001","WESTHUB-V-0001","Certification GPS-500","GPS","","Moving","42453.7","71.5","13.8","2026-08-28T07:43:41Z","Stale"
"WESTHUB-DEV-0002","WESTHUB-V-0002","Certification GPS-500","GPS","","Moving","42468.9","71","13.8","2026-08-28T07:43:41Z","Stale"
"WESTHUB-DEV-0003","WESTHUB-V-0003","Certification GPS-500","GPS","","Moving","42484.2","70.5","13.8","2026-08-28T07:43:41Z","Stale"
"WESTHUB-DEV-0004","WESTHUB-V-0004","Certification GPS-500","GPS","","Moving","42499.4","70","13.8","2026-08-28T07:43:41Z","Stale"
"WESTHUB-DEV-0005","WESTHUB-V-0005","Certification GPS-500","GPS","","Moving","42514.7","69.5","13.8","2026-08-28T07:43:41Z","Stale"
"WESTHUB-DEV-0006","WESTHUB-V-0006","Certification GPS-500","GPS","","Moving","42529.9","69","13.8","2026-08-28T07:43:41Z","Stale"
"WESTHUB-DEV-0007","WESTHUB-V-0007","Certification GPS-500","GPS","","Moving","42545.2","68.5","13.8","2026-08-28T07:43:41Z","Stale"
"WESTHUB-DEV-0008","WESTHUB-V-0008","Certification GPS-500","GPS","","Moving","42560.4","68","13.8","2026-08-28T07:43:41Z","Stale"
"WESTHUB-DEV-0009","WESTHUB-V-0009","Certification GPS-500","GPS","","Moving","42575.7","67.5","13.8","2026-08-28T07:43:41Z","Stale"
"WESTHUB-DEV-0010","WESTHUB-V-0010","Certification GPS-500","GPS","","Moving","42590.9","67","13.8","2026-08-28T07:43:41Z","Stale"
"WESTHUB-DEV-0011","WESTHUB-V-0011","Certification GPS-500","GPS","","Moving","42606.2","66.5","13.8","2026-08-28T07:43:41Z","Stale"
"WESTHUB-DEV-0012","WESTHUB-V-0012","Certification GPS-500","GPS","","Moving","42621.4","66","13.8","2026-08-28T07:43:41Z","Stale"
"WESTHUB-DEV-0013","WESTHUB-V-0013","Certification GPS-500","GPS","","Moving","42636.7","65.5","13.8","2026-08-28T07:43:41Z","Stale"
"WESTHUB-DEV-0014","WESTHUB-V-0014","Certification GPS-500","GPS","","Moving","42651.9","65","13.8","2026-08-28T07:43:41Z","Stale"
"WESTHUB-DEV-0015","WESTHUB-V-0015","Certification GPS-500","GPS","","Moving","42667.2","64.5","13.8","2026-08-28T07:43:41Z","Stale"
"WESTHUB-DEV-0016","WESTHUB-V-0016","Certification GPS-500","GPS","","Moving","42682.4","64","13.8","2026-08-28T07:43:41Z","Stale"
"WESTHUB-DEV-0017","WESTHUB-V-0017","Certification GPS-500","GPS","","Moving","42697.7","72","13.8","2026-08-28T07:43:41Z","Stale"
"WESTHUB-DEV-0018","WESTHUB-V-0018","Certification GPS-500","GPS","","Moving","42712.9","71.5","13.8","2026-08-28T07:43:41Z","Stale"
"WESTHUB-DEV-0019","WESTHUB-V-0019","Certification GPS-500","GPS","","Moving","42728.2","71","13.8","2026-08-28T07:43:41Z","Stale"
"WESTHUB-DEV-0020","WESTHUB-V-0020","Certification GPS-500","GPS","","Moving","42743.4","70.5","13.8","2026-08-28T07:43:41Z","Stale"
"WESTHUB-DEV-0021","WESTHUB-V-0021","Certification GPS-500","GPS","","Moving","42758.7","70","13.8","2026-08-28T07:43:41Z","Stale"
"WESTHUB-DEV-0022","WESTHUB-V-0022","Certification GPS-500","GPS","","Moving","42773.9","69.5","13.8","2026-08-28T07:43:41Z","Stale"
"WESTHUB-DEV-0023","WESTHUB-V-0023","Certification GPS-500","GPS","","Moving","42789.2","69","13.8","2026-08-28T07:43:41Z","Stale"
"WESTHUB-DEV-0024","WESTHUB-V-0024","Certification GPS-500","GPS","","Moving","42804.4","68.5","13.8","2026-08-28T07:43:41Z","Stale"
"WESTHUB-DEV-0025","WESTHUB-V-0025","Certification GPS-500","GPS","","Moving","42819.7","68","13.8","2026-08-28T07:43:41Z","Stale"
"WESTHUB-DEV-0026","WESTHUB-V-0026","Certification GPS-500","GPS","","Moving","42834.9","67.5","13.8","2026-08-28T07:43:41Z","Stale"
"WESTHUB-DEV-0027","WESTHUB-V-0027","Certification GPS-500","GPS","","Moving","42850.2","67","13.8","2026-08-28T07:43:41Z","Stale"
"WESTHUB-DEV-0028","WESTHUB-V-0028","Certification GPS-500","GPS","","Moving","42865.4","66.5","13.8","2026-08-28T07:43:41Z","Stale"
"WESTHUB-DEV-0029","WESTHUB-V-0029","Certification GPS-500","GPS","","Moving","42880.7","66","13.8","2026-08-28T07:43:41Z","Stale"
"WESTHUB-DEV-0030","WESTHUB-V-0030","Certification GPS-500","GPS","","Moving","42895.9","65.5","13.8","2026-08-28T07:43:41Z","Stale"
"WESTHUB-DEV-0031","WESTHUB-V-0031","Certification GPS-500","GPS","","Moving","42911.2","65","13.8","2026-08-28T07:43:41Z","Stale"
"WESTHUB-DEV-0032","WESTHUB-V-0032","Certification GPS-500","GPS","","Moving","42926.4","64.5","13.8","2026-08-28T07:43:41Z","Stale"
"WESTHUB-DEV-0033","WESTHUB-V-0033","Certification GPS-500","GPS","","Moving","42941.7","64","13.8","2026-08-28T07:43:41Z","Stale"
"WESTHUB-DEV-0034","WESTHUB-V-0034","Certification GPS-500","GPS","","Moving","42956.9","72","13.8","2026-08-28T07:43:41Z","Stale"
"WESTHUB-DEV-0035","WESTHUB-V-0035","Certification GPS-500","GPS","","Moving","42972.2","71.5","13.8","2026-08-28T07:43:41Z","Stale"
"WESTHUB-DEV-0036","WESTHUB-V-0036","Certification GPS-500","GPS","","Moving","42987.4","71","13.8","2026-08-28T07:43:41Z","Stale"
"WESTHUB-DEV-0037","WESTHUB-V-0037","Certification GPS-500","GPS","","Moving","43002.7","70.5","13.8","2026-08-28T07:43:41Z","Stale"
"WESTHUB-DEV-0038","WESTHUB-V-0038","Certification GPS-500","GPS","","Moving","43017.9","70","13.8","2026-08-28T07:43:41Z","Stale"
"WESTHUB-DEV-0039","WESTHUB-V-0039","Certification GPS-500","GPS","","Moving","43033.2","69.5","13.8","2026-08-28T07:43:41Z","Stale"
"WESTHUB-DEV-0040","WESTHUB-V-0040","Certification GPS-500","GPS","","Moving","43048.4","69","13.8","2026-08-28T07:43:41Z","Stale"
"WESTHUB-DEV-0041","WESTHUB-V-0041","Certification GPS-500","GPS","","Moving","43063.7","68.5","13.8","2026-08-28T07:43:41Z","Stale"
"WESTHUB-DEV-0042","WESTHUB-V-0042","Certification GPS-500","GPS","","Moving","43078.9","68","13.8","2026-08-28T07:43:41Z","Stale"
"WESTHUB-DEV-0043","WESTHUB-V-0043","Certification GPS-500","GPS","","Moving","43094.2","67.5","13.8","2026-08-28T07:43:41Z","Stale"
"WESTHUB-DEV-0044","WESTHUB-V-0044","Certification GPS-500","GPS","","Moving","43109.4","67","13.8","2026-08-28T07:43:41Z","Stale"
"WESTHUB-DEV-0045","WESTHUB-V-0045","Certification GPS-500","GPS","","Moving","43124.7","66.5","13.8","2026-08-28T07:43:41Z","Stale"
"WESTHUB-DEV-0046","WESTHUB-V-0046","Certification GPS-500","GPS","","Moving","43139.9","66","13.8","2026-08-28T07:43:41Z","Stale"
"WESTHUB-DEV-0047","WESTHUB-V-0047","Certification GPS-500","GPS","","Moving","43155.2","65.5","13.8","2026-08-28T07:43:41Z","Stale"
"WESTHUB-DEV-0048","WESTHUB-V-0048","Certification GPS-500","GPS","","Moving","43170.4","65","13.8","2026-08-28T07:43:41Z","Stale"
"WESTHUB-DEV-0049","WESTHUB-V-0049","Certification GPS-500","GPS","","Moving","43185.7","64.5","13.8","2026-08-28T07:43:41Z","Stale"
"WESTHUB-DEV-0050","WESTHUB-V-0050","Certification GPS-500","GPS","","Moving","43200.9","64","13.8","2026-08-28T07:43:41Z","Stale"
"WESTHUB-DEV-0051","WESTHUB-V-0051","Certification GPS-500","GPS","","Moving","43216.2","72","13.8","2026-08-28T07:43:41Z","Stale"
"WESTHUB-DEV-0052","WESTHUB-V-0052","Certification GPS-500","GPS","","Moving","43231.4","71.5","13.8","2026-08-28T07:43:41Z","Stale"
"WESTHUB-DEV-0053","WESTHUB-V-0053","Certification GPS-500","GPS","","Moving","43246.7","71","13.8","2026-08-28T07:43:41Z","Stale"
"WESTHUB-DEV-0054","WESTHUB-V-0054","Certification GPS-500","GPS","","Moving","43261.9","70.5","13.8","2026-08-28T07:43:41Z","Stale"
"WESTHUB-DEV-0055","WESTHUB-V-0055","Certification GPS-500","GPS","","Moving","43277.2","70","13.8","2026-08-28T07:43:41Z","Stale"
"WESTHUB-DEV-0056","WESTHUB-V-0056","Certification GPS-500","GPS","","Moving","43292.4","69.5","13.8","2026-08-28T07:43:41Z","Stale"
"WESTHUB-DEV-0057","WESTHUB-V-0057","Certification GPS-500","GPS","","Moving","43307.7","69","13.8","2026-08-28T07:43:41Z","Stale"
"WESTHUB-DEV-0058","WESTHUB-V-0058","Certification GPS-500","GPS","","Moving","43322.9","68.5","13.8","2026-08-28T07:43:41Z","Stale"
"WESTHUB-DEV-0059","WESTHUB-V-0059","Certification GPS-500","GPS","","Moving","43338.2","68","13.8","2026-08-28T07:43:41Z","Stale"
"WESTHUB-DEV-0060","WESTHUB-V-0060","Certification GPS-500","GPS","","Moving","43353.4","67.5","13.8","2026-08-28T07:43:41Z","Stale"
"WESTHUB-DEV-0061","WESTHUB-V-0061","Certification GPS-500","GPS","","Moving","43368.7","67","13.8","2026-08-28T07:43:41Z","Stale"
"WESTHUB-DEV-0062","WESTHUB-V-0062","Certification GPS-500","GPS","","Moving","43383.9","66.5","13.8","2026-08-28T07:43:41Z","Stale"
"WESTHUB-DEV-0063","WESTHUB-V-0063","Certification GPS-500","GPS","","Moving","43399.2","66","13.8","2026-08-28T07:43:41Z","Stale"
"WESTHUB-DEV-0064","WESTHUB-V-0064","Certification GPS-500","GPS","","Moving","43414.4","65.5","13.8","2026-08-28T07:43:41Z","Stale"
"WESTHUB-DEV-0065","WESTHUB-V-0065","Certification GPS-500","GPS","","Moving","43429.7","65","13.8","2026-08-28T07:43:41Z","Stale"
"WESTHUB-DEV-0066","WESTHUB-V-0066","Certification GPS-500","GPS","","Moving","43444.9","64.5","13.8","2026-08-28T07:43:41Z","Stale"
"WESTHUB-DEV-0067","WESTHUB-V-0067","Certification GPS-500","GPS","","Moving","43460.2","64","13.8","2026-08-28T07:43:41Z","Stale"
"WESTHUB-DEV-0068","WESTHUB-V-0068","Certification GPS-500","GPS","","Moving","43475.4","72","13.8","2026-08-28T07:43:41Z","Stale"
"WESTHUB-DEV-0069","WESTHUB-V-0069","Certification GPS-500","GPS","","Moving","43490.7","71.5","13.8","2026-08-28T07:43:41Z","Stale"
"WESTHUB-DEV-0070","WESTHUB-V-0070","Certification GPS-500","GPS","","Moving","43505.9","71","13.8","2026-08-28T07:43:41Z","Stale"
"WESTHUB-DEV-0071","WESTHUB-V-0071","Certification GPS-500","GPS","","Moving","43521.2","70.5","13.8","2026-08-28T07:43:41Z","Stale"
"WESTHUB-DEV-0072","WESTHUB-V-0072","Certification GPS-500","GPS","","Moving","43536.4","70","13.8","2026-08-28T07:43:41Z","Stale"
"WESTHUB-DEV-0073","WESTHUB-V-0073","Certification GPS-500","GPS","","Moving","43551.7","69.5","13.8","2026-08-28T07:43:41Z","Stale"
"WESTHUB-DEV-0074","WESTHUB-V-0074","Certification GPS-500","GPS","","Moving","43566.9","69","13.8","2026-08-28T07:43:41Z","Stale"
"WESTHUB-DEV-0075","WESTHUB-V-0075","Certification GPS-500","GPS","","Moving","43582.2","68.5","13.8","2026-08-28T07:43:41Z","Stale"
"WESTHUB-DEV-0076","WESTHUB-V-0076","Certification GPS-500","GPS","","Moving","43597.4","68","13.8","2026-08-28T07:43:41Z","Stale"
"WESTHUB-DEV-0077","WESTHUB-V-0077","Certification GPS-500","GPS","","Moving","43612.7","67.5","13.8","2026-08-28T07:43:41Z","Stale"
"WESTHUB-DEV-0078","WESTHUB-V-0078","Certification GPS-500","GPS","","Moving","43627.9","67","13.8","2026-08-28T07:43:41Z","Stale"
"WESTHUB-DEV-0079","WESTHUB-V-0079","Certification GPS-500","GPS","","Moving","43643.2","66.5","13.8","2026-08-28T07:43:41Z","Stale"
"WESTHUB-DEV-0080","WESTHUB-V-0080","Certification GPS-500","GPS","","Moving","43658.4","66","13.8","2026-08-28T07:43:41Z","Stale"
"WESTHUB-DEV-0081","WESTHUB-V-0081","Certification GPS-500","GPS","","Moving","43673.7","65.5","13.8","2026-08-28T07:43:41Z","Stale"
"WESTHUB-DEV-0082","WESTHUB-V-0082","Certification GPS-500","GPS","","Moving","43688.9","65","13.8","2026-08-28T07:43:41Z","Stale"
"WESTHUB-DEV-0083","WESTHUB-V-0083","Certification GPS-500","GPS","","Moving","43704.2","64.5","13.8","2026-08-28T07:43:41Z","Stale"
"WESTHUB-DEV-0084","WESTHUB-V-0084","Certification GPS-500","GPS","","Moving","43719.4","64","13.8","2026-08-28T07:43:41Z","Stale"
"WESTHUB-DEV-0085","WESTHUB-V-0085","Certification GPS-500","GPS","","Moving","43734.7","72","13.8","2026-08-28T07:43:41Z","Stale"
"WESTHUB-DEV-0086","WESTHUB-V-0086","Certification GPS-500","GPS","","Moving","43749.9","71.5","13.8","2026-08-28T07:43:41Z","Stale"
"WESTHUB-DEV-0087","WESTHUB-V-0087","Certification GPS-500","GPS","","Moving","43765.2","71","13.8","2026-08-28T07:43:41Z","Stale"
"WESTHUB-DEV-0088","WESTHUB-V-0088","Certification GPS-500","GPS","","Moving","43780.4","70.5","13.8","2026-08-28T07:43:41Z","Stale"
"WESTHUB-DEV-0089","WESTHUB-V-0089","Certification GPS-500","GPS","","Moving","43795.7","70","13.8","2026-08-28T07:43:41Z","Stale"
"WESTHUB-DEV-0090","WESTHUB-V-0090","Certification GPS-500","GPS","","Moving","43810.9","69.5","13.8","2026-08-28T07:43:41Z","Stale"
"WESTHUB-DEV-0091","WESTHUB-V-0091","Certification GPS-500","GPS","","Moving","43826.2","69","13.8","2026-08-28T07:43:41Z","Stale"
"WESTHUB-DEV-0092","WESTHUB-V-0092","Certification GPS-500","GPS","","Moving","43841.4","68.5","13.8","2026-08-28T07:43:41Z","Stale"
"WESTHUB-DEV-0093","WESTHUB-V-0093","Certification GPS-500","GPS","","Moving","43856.7","68","13.8","2026-08-28T07:43:41Z","Stale"
"WESTHUB-DEV-0094","WESTHUB-V-0094","Certification GPS-500","GPS","","Moving","43871.9","67.5","13.8","2026-08-28T07:43:41Z","Stale"
"WESTHUB-DEV-0095","WESTHUB-V-0095","Certification GPS-500","GPS","","Moving","43887.2","67","13.8","2026-08-28T07:43:41Z","Stale"
"WESTHUB-DEV-0096","WESTHUB-V-0096","Certification GPS-500","GPS","","Moving","43902.4","66.5","13.8","2026-08-28T07:43:41Z","Stale"
"WESTHUB-DEV-0097","WESTHUB-V-0097","Certification GPS-500","GPS","","Moving","43917.7","66","13.8","2026-08-28T07:43:41Z","Stale"
"WESTHUB-DEV-0098","WESTHUB-V-0098","Certification GPS-500","GPS","","Moving","43932.9","65.5","13.8","2026-08-28T07:43:41Z","Stale"
"WESTHUB-DEV-0099","WESTHUB-V-0099","Certification GPS-500","GPS","","Moving","43948.2","65","13.8","2026-08-28T07:43:41Z","Stale"
"WESTHUB-DEV-0100","WESTHUB-V-0100","Certification GPS-500","GPS","","Moving","43963.4","64.5","13.8","2026-08-28T07:43:41Z","Stale"
"WESTHUB-DEV-0101","WESTHUB-V-0101","Certification GPS-500","GPS","","Moving","43978.7","64","13.8","2026-08-28T07:43:41Z","Stale"
"WESTHUB-DEV-0102","WESTHUB-V-0102","Certification GPS-500","GPS","","Moving","43993.9","72","13.8","2026-08-28T07:43:41Z","Stale"
"WESTHUB-DEV-0103","WESTHUB-V-0103","Certification GPS-500","GPS","","Moving","44009.2","71.5","13.8","2026-08-28T07:43:41Z","Stale"
"WESTHUB-DEV-0104","WESTHUB-V-0104","Certification GPS-500","GPS","","Moving","44024.4","71","13.8","2026-08-28T07:43:41Z","Stale"
"WESTHUB-DEV-0105","WESTHUB-V-0105","Certification GPS-500","GPS","","Moving","44039.7","70.5","13.8","2026-08-28T07:43:41Z","Stale"
"WESTHUB-DEV-0106","WESTHUB-V-0106","Certification GPS-500","GPS","","Moving","44054.9","70","13.8","2026-08-28T07:43:41Z","Stale"
"WESTHUB-DEV-0107","WESTHUB-V-0107","Certification GPS-500","GPS","","Moving","44070.2","69.5","13.8","2026-08-28T07:43:41Z","Stale"
"WESTHUB-DEV-0108","WESTHUB-V-0108","Certification GPS-500","GPS","","Moving","44085.4","69","13.8","2026-08-28T07:43:41Z","Stale"
"WESTHUB-DEV-0109","WESTHUB-V-0109","Certification GPS-500","GPS","","Moving","44100.7","68.5","13.8","2026-08-28T07:43:41Z","Stale"
"WESTHUB-DEV-0110","WESTHUB-V-0110","Certification GPS-500","GPS","","Moving","44115.9","68","13.8","2026-08-28T07:43:41Z","Stale"
"WESTHUB-DEV-0111","WESTHUB-V-0111","Certification GPS-500","GPS","","Moving","44131.2","67.5","13.8","2026-08-28T07:43:41Z","Stale"
"WESTHUB-DEV-0112","WESTHUB-V-0112","Certification GPS-500","GPS","","Moving","44146.4","67","13.8","2026-08-28T07:43:41Z","Stale"
"WESTHUB-DEV-0113","WESTHUB-V-0113","Certification GPS-500","GPS","","Moving","44161.7","66.5","13.8","2026-08-28T07:43:41Z","Stale"
"WESTHUB-DEV-0114","WESTHUB-V-0114","Certification GPS-500","GPS","","Moving","44176.9","66","13.8","2026-08-28T07:43:41Z","Stale"
"WESTHUB-DEV-0115","WESTHUB-V-0115","Certification GPS-500","GPS","","Moving","44192.2","65.5","13.8","2026-08-28T07:43:41Z","Stale"
"WESTHUB-DEV-0116","WESTHUB-V-0116","Certification GPS-500","GPS","","Moving","44207.4","65","13.8","2026-08-28T07:43:41Z","Stale"
"WESTHUB-DEV-0117","WESTHUB-V-0117","Certification GPS-500","GPS","","Moving","44222.7","64.5","13.8","2026-08-28T07:43:41Z","Stale"
"WESTHUB-DEV-0118","WESTHUB-V-0118","Certification GPS-500","GPS","","Moving","44237.9","64","13.8","2026-08-28T07:43:41Z","Stale"
"WESTHUB-DEV-0119","WESTHUB-V-0119","Certification GPS-500","GPS","","Moving","44253.2","72","13.8","2026-08-28T07:43:41Z","Stale"
"WESTHUB-DEV-0120","WESTHUB-V-0120","Certification GPS-500","GPS","","Moving","44268.4","71.5","13.8","2026-08-28T07:43:41Z","Stale"
"WESTHUB-DEV-0121","WESTHUB-V-0121","Certification GPS-500","GPS","","Moving","44283.7","71","13.8","2026-08-28T07:43:41Z","Stale"
"WESTHUB-DEV-0122","WESTHUB-V-0122","Certification GPS-500","GPS","","Moving","44298.9","70.5","13.8","2026-08-28T07:43:41Z","Stale"
"WESTHUB-DEV-0123","WESTHUB-V-0123","Certification GPS-500","GPS","","Moving","44314.2","70","13.8","2026-08-28T07:43:41Z","Stale"
"WESTHUB-DEV-0124","WESTHUB-V-0124","Certification GPS-500","GPS","","Moving","44329.4","69.5","13.8","2026-08-28T07:43:41Z","Stale"
"WESTHUB-DEV-0125","WESTHUB-V-0125","Certification GPS-500","GPS","","Moving","44344.7","69","13.8","2026-08-28T07:43:41Z","Stale"
"WESTHUB-DEV-0126","WESTHUB-V-0126","Certification GPS-500","GPS","","Moving","44359.9","68.5","13.8","2026-08-28T07:43:41Z","Stale"
"WESTHUB-DEV-0127","WESTHUB-V-0127","Certification GPS-500","GPS","","Moving","44375.2","68","13.8","2026-08-28T07:43:41Z","Stale"
"WESTHUB-DEV-0128","WESTHUB-V-0128","Certification GPS-500","GPS","","Moving","44390.4","67.5","13.8","2026-08-28T07:43:41Z","Stale"
"WESTHUB-DEV-0129","WESTHUB-V-0129","Certification GPS-500","GPS","","Moving","44405.7","67","13.8","2026-08-28T07:43:41Z","Stale"
"WESTHUB-DEV-0130","WESTHUB-V-0130","Certification GPS-500","GPS","","Moving","44420.9","66.5","13.8","2026-08-28T07:43:41Z","Stale"
"WESTHUB-DEV-0131","WESTHUB-V-0131","Certification GPS-500","GPS","","Moving","44436.2","66","13.8","2026-08-28T07:43:41Z","Stale"
"WESTHUB-DEV-0132","WESTHUB-V-0132","Certification GPS-500","GPS","","Moving","44451.4","65.5","13.8","2026-08-28T07:43:41Z","Stale"
"WESTHUB-DEV-0133","WESTHUB-V-0133","Certification GPS-500","GPS","","Moving","44466.7","65","13.8","2026-08-28T07:43:41Z","Stale"
"WESTHUB-DEV-0134","WESTHUB-V-0134","Certification GPS-500","GPS","","Moving","44481.9","64.5","13.8","2026-08-28T07:43:41Z","Stale"
"WESTHUB-DEV-0135","WESTHUB-V-0135","Certification GPS-500","GPS","","Moving","44497.2","64","13.8","2026-08-28T07:43:41Z","Stale"
"WESTHUB-DEV-0136","WESTHUB-V-0136","Certification GPS-500","GPS","","Moving","44512.4","72","13.8","2026-08-28T07:43:41Z","Stale"
"WESTHUB-DEV-0137","WESTHUB-V-0137","Certification GPS-500","GPS","","Moving","44527.7","71.5","13.8","2026-08-28T07:43:41Z","Stale"
"WESTHUB-DEV-0138","WESTHUB-V-0138","Certification GPS-500","GPS","","Moving","44542.9","71","13.8","2026-08-28T07:43:41Z","Stale"
"WESTHUB-DEV-0139","WESTHUB-V-0139","Certification GPS-500","GPS","","Moving","44558.2","70.5","13.8","2026-08-28T07:43:41Z","Stale"
"WESTHUB-DEV-0140","WESTHUB-V-0140","Certification GPS-500","GPS","","Moving","44573.4","70","13.8","2026-08-28T07:43:41Z","Stale"
"WESTHUB-DEV-0141","WESTHUB-V-0141","Certification GPS-500","GPS","","Moving","44585.4","69.5","13.8","2026-08-28T07:38:41Z","Stale"
"WESTHUB-DEV-0142","WESTHUB-V-0142","Certification GPS-500","GPS","","Moving","44597.5","69","13.8","2026-08-28T07:38:41Z","Stale"
"WESTHUB-DEV-0143","WESTHUB-V-0143","Certification GPS-500","GPS","","Moving","44609.6","68.5","13.8","2026-08-28T07:38:41Z","Stale"
"WESTHUB-DEV-0144","WESTHUB-V-0144","Certification GPS-500","GPS","","Moving","44621.6","68","13.8","2026-08-28T07:38:41Z","Stale"
"WESTHUB-DEV-0145","WESTHUB-V-0145","Certification GPS-500","GPS","","Moving","44633.7","67.5","13.8","2026-08-28T07:38:41Z","Stale"
"WESTHUB-DEV-0146","WESTHUB-V-0146","Certification GPS-500","GPS","","Moving","44645.7","67","13.8","2026-08-28T07:38:41Z","Stale"
"WESTHUB-DEV-0147","WESTHUB-V-0147","Certification GPS-500","GPS","","Moving","44657.8","66.5","13.8","2026-08-28T07:38:41Z","Stale"
"WESTHUB-DEV-0148","WESTHUB-V-0148","Certification GPS-500","GPS","","Moving","44669.8","66","13.8","2026-08-28T07:38:41Z","Stale"
"WESTHUB-DEV-0149","WESTHUB-V-0149","Certification GPS-500","GPS","","Moving","44681.8","65.5","13.8","2026-08-28T07:38:41Z","Stale"
"WESTHUB-DEV-0150","WESTHUB-V-0150","Certification GPS-500","GPS","","Moving","44693.9","65","13.8","2026-08-28T07:38:41Z","Stale"
"WESTHUB-DEV-0151","WESTHUB-V-0151","Certification GPS-500","GPS","","Moving","44705.9","64.5","13.8","2026-08-28T07:38:41Z","Stale"
"WESTHUB-DEV-0152","WESTHUB-V-0152","Certification GPS-500","GPS","","Moving","44718","64","13.8","2026-08-28T07:38:41Z","Stale"
"WESTHUB-DEV-0153","WESTHUB-V-0153","Certification GPS-500","GPS","","Moving","44730.1","72","13.8","2026-08-28T07:38:41Z","Stale"
"WESTHUB-DEV-0154","WESTHUB-V-0154","Certification GPS-500","GPS","","Moving","44742.1","71.5","13.8","2026-08-28T07:38:41Z","Stale"
"WESTHUB-DEV-0155","WESTHUB-V-0155","Certification GPS-500","GPS","","Moving","44754.2","71","13.8","2026-08-28T07:38:41Z","Stale"
"WESTHUB-DEV-0156","WESTHUB-V-0156","Certification GPS-500","GPS","","Moving","44766.2","70.5","13.8","2026-08-28T07:38:41Z","Stale"
"WESTHUB-DEV-0157","WESTHUB-V-0157","Certification GPS-500","GPS","","Moving","44778.2","70","13.8","2026-08-28T07:38:41Z","Stale"
"WESTHUB-DEV-0158","WESTHUB-V-0158","Certification GPS-500","GPS","","Moving","44790.3","69.5","13.8","2026-08-28T07:38:41Z","Stale"
"WESTHUB-DEV-0159","WESTHUB-V-0159","Certification GPS-500","GPS","","Moving","44802.3","69","13.8","2026-08-28T07:38:41Z","Stale"
"WESTHUB-DEV-0160","WESTHUB-V-0160","Certification GPS-500","GPS","","Moving","44814.4","68.5","13.8","2026-08-28T07:38:41Z","Stale"
"WESTHUB-DEV-0161","WESTHUB-V-0161","Certification GPS-500","GPS","","Moving","44826.4","68","13.8","2026-08-28T07:21:41Z","Stale"
"WESTHUB-DEV-0162","WESTHUB-V-0162","Certification GPS-500","GPS","","Moving","44838.5","67.5","13.8","2026-08-28T07:21:41Z","Stale"
"WESTHUB-DEV-0163","WESTHUB-V-0163","Certification GPS-500","GPS","","Moving","44850.6","67","13.8","2026-08-28T07:21:41Z","Stale"
"WESTHUB-DEV-0164","WESTHUB-V-0164","Certification GPS-500","GPS","","Moving","44862.6","66.5","13.8","2026-08-28T07:21:41Z","Stale"
"WESTHUB-DEV-0165","WESTHUB-V-0165","Certification GPS-500","GPS","","Moving","44874.7","66","13.8","2026-08-28T07:21:41Z","Stale"
"WESTHUB-DEV-0166","WESTHUB-V-0166","Certification GPS-500","GPS","","Moving","44886.7","65.5","13.8","2026-08-28T07:21:41Z","Stale"
"WESTHUB-DEV-0167","WESTHUB-V-0167","Certification GPS-500","GPS","","Moving","44898.8","65","13.8","2026-08-28T07:21:41Z","Stale"
"WESTHUB-DEV-0168","WESTHUB-V-0168","Certification GPS-500","GPS","","Moving","44910.8","64.5","13.8","2026-08-28T07:21:41Z","Stale"
"WESTHUB-DEV-0169","WESTHUB-V-0169","Certification GPS-500","GPS","","Moving","44922.8","64","13.8","2026-08-28T07:21:41Z","Stale"
"WESTHUB-DEV-0170","WESTHUB-V-0170","Certification GPS-500","GPS","","Moving","44934.9","72","13.8","2026-08-28T07:21:41Z","Stale"
"WESTHUB-DEV-0171","WESTHUB-V-0171","Certification GPS-500","GPS","","Moving","44946.9","71.5","13.8","2026-08-28T07:21:41Z","Stale"
"WESTHUB-DEV-0172","WESTHUB-V-0172","Certification GPS-500","GPS","","Moving","44959","71","13.8","2026-08-28T07:21:41Z","Stale"
"WESTHUB-DEV-0173","WESTHUB-V-0173","Certification GPS-500","GPS","","Moving","44971.1","70.5","13.8","2026-08-28T07:21:41Z","Stale"
"WESTHUB-DEV-0174","WESTHUB-V-0174","Certification GPS-500","GPS","","Moving","44983.1","70","13.8","2026-08-28T07:21:41Z","Stale"
"WESTHUB-DEV-0175","WESTHUB-V-0175","Certification GPS-500","GPS","","Moving","44995.2","69.5","13.8","2026-08-28T07:21:41Z","Stale"
"WESTHUB-DEV-0176","WESTHUB-V-0176","Certification GPS-500","GPS","","Moving","45006.8","69","13.8","2026-08-28T07:26:41Z","Stale"
"WESTHUB-DEV-0177","WESTHUB-V-0177","Certification GPS-500","GPS","","Moving","45018.4","68.5","13.8","2026-08-28T07:26:41Z","Stale"
"WESTHUB-DEV-0178","WESTHUB-V-0178","Certification GPS-500","GPS","","Moving","45030.1","68","13.8","2026-08-28T07:26:41Z","Stale"
"WESTHUB-DEV-0179","WESTHUB-V-0179","Certification GPS-500","GPS","","Moving","45041.8","67.5","13.8","2026-08-28T07:26:41Z","Stale"
"WESTHUB-DEV-0180","WESTHUB-V-0180","Certification GPS-500","GPS","","Moving","45053.4","67","13.8","2026-08-28T07:26:41Z","Stale"
"WESTHUB-DEV-0181","WESTHUB-V-0181","Certification GPS-500","GPS","","Moving","45065.1","66.5","13.8","2026-08-28T07:26:41Z","Stale"
"WESTHUB-DEV-0182","WESTHUB-V-0182","Certification GPS-500","GPS","","Moving","45076.7","66","13.8","2026-08-28T07:26:41Z","Stale"
"WESTHUB-DEV-0183","WESTHUB-V-0183","Certification GPS-500","GPS","","Moving","45088.3","65.5","13.8","2026-08-28T07:26:41Z","Stale"
"WESTHUB-DEV-0184","WESTHUB-V-0184","Certification GPS-500","GPS","","Moving","45100","65","13.8","2026-08-28T07:26:41Z","Stale"
"WESTHUB-DEV-0185","WESTHUB-V-0185","Certification GPS-500","GPS","","Moving","45111.7","64.5","13.8","2026-08-28T07:26:41Z","Stale"
"WESTHUB-DEV-0186","WESTHUB-V-0186","Certification GPS-500","GPS","","Moving","45123.7","64","13.8","2026-08-28T07:43:41Z","Stale"
"WESTHUB-DEV-0187","WESTHUB-V-0187","Certification GPS-500","GPS","","Moving","45135.8","72","13.8","2026-08-28T07:43:41Z","Stale"
"WESTHUB-DEV-0188","WESTHUB-V-0188","Certification GPS-500","GPS","","Moving","45147.8","71.5","13.8","2026-08-28T07:43:41Z","Stale"
"WESTHUB-DEV-0189","WESTHUB-V-0189","Certification GPS-500","GPS","","Moving","45159.8","71","13.8","2026-08-28T07:43:41Z","Stale"
"WESTHUB-DEV-0190","WESTHUB-V-0190","Certification GPS-500","GPS","","Moving","45171.9","70.5","13.8","2026-08-28T07:43:41Z","Stale"
"WESTHUB-DEV-0191","WESTHUB-V-0191","Certification GPS-500","GPS","","Moving","45184.3","70","13.8","2026-08-28T07:43:41Z","Stale"
"WESTHUB-DEV-0192","WESTHUB-V-0192","Certification GPS-500","GPS","","Moving","45196.8","69.5","13.8","2026-08-28T07:43:41Z","Stale"
"WESTHUB-DEV-0193","WESTHUB-V-0193","Certification GPS-500","GPS","","Moving","45209.2","69","13.8","2026-08-28T07:43:41Z","Stale"
"WESTHUB-DEV-0194","WESTHUB-V-0194","Certification GPS-500","GPS","","Moving","45221.7","68.5","13.8","2026-08-28T07:43:41Z","Stale"
"WESTHUB-DEV-0195","WESTHUB-V-0195","Certification GPS-500","GPS","","Moving","45234.2","68","13.8","2026-08-28T07:43:41Z","Stale"
"WESTHUB-DEV-0196","WESTHUB-V-0196","Certification GPS-500","GPS","","Moving","141963.2","67.5","13.8","2026-08-28T07:43:41Z","Stale"
"WESTHUB-DEV-0197","WESTHUB-V-0197","Certification GPS-500","GPS","","Moving","141973.2","67","13.8","2026-08-28T07:43:41Z","Stale"
"WESTHUB-DEV-0198","WESTHUB-V-0198","Certification GPS-500","GPS","","Moving","141983.2","66.5","13.8","2026-08-28T07:43:41Z","Stale"
"WESTHUB-DEV-0199","WESTHUB-V-0199","Certification GPS-500","GPS","J1939 SPN-100-FMI-1","Moving","45285.9","66","13.8","2026-08-28T07:43:41Z","Stale"
"WESTHUB-DEV-0200","WESTHUB-V-0200","Certification GPS-500","GPS","J1939 SPN-100-FMI-1","Moving","45298","65.5","13.8","2026-08-28T07:43:41Z","Stale"